{"content": "A South Korean politician once tipped as a presidential contender has resigned after his secretary publicly accused him of repeatedly raping her.\nIn a Facebook post governor Ahn Hee-jung \"begged forgiveness\" for his \"foolish behaviour\" and said denials issued by his office were untrue.\nKim Ji-eun, who said she was inspired by the #MeToo movement, accused him of raping her four times in eight months. \nThe #MeToo campaign has slowly began to gain traction in South Korea. \n\"I apologise to everyone, especially Ms Kim Ji-eun,\" said Mr Ahn. \"Everything is my fault. As of today I will resign...[and] stop all my political activities.\"\nThe police are currently investigating the allegations of sexual assault, which Mr Ahn has neither explicitly admitted to nor denied. \nMr Ahn, the governor of South Chungcheong province, was a political heavyweight.\nHe ran against current President Moon Jae-in to be the Democratic Party of Korea's nominee for the 2017 presidential elections. Though he lost, he was widely seen as a leading candidate to replace Mr Moon in the 2022 elections. \nOn Monday night, Ms Kim appeared in an interview broadcast by local television network JTBC, where she made her allegations against Mr Ahn public.\nShe accused the 54-year-old of raping her four times over the course of eight months, from June 2017 to February this year, and said he had sexually harassed her on many occasions.\nShe also alleged there were other victims. \nMr Ahn's office had initially claimed that he had consensual sex with Ms Kim. \n\"Our sexual relations were not consensual, and I'm sure he knows it. I was not in a position where I could say no,\" said Ms Kim in the interview, as reported by the Korea Times.\nMr Ahn, who is married, said in his later statement that his office had \"falsely\" announced that the relationship was consensual.\nMs Kim said the #MeToo campaign, sparked by the widespread allegations of sexual abuse in Hollywood, had given her the courage to come forward.\n\"After the movement came into the spotlight, Mr Ahn appeared to be anxious,\" said Ms Kim in the interview, as reported by the Korea Times. \"On 25 February he called me into his office and apologised. But then, he did it again.\"\nThe campaign, which has seen thousands using the hashtag to share their experiences of sexual harassment, has spread across the globe.\nIt was slow to take off in South Korea, but recently gained ground after a number of women came forward.\nPeople South Korea have been expressing their disappointment at the news about Mr Ahn.\n\"I don't know what to do. I [feel] betrayed and shocked,\" said one user on Facebook. \"I thought he was a good politician.\"\n\"I believed in you and supported you. You've taken my support, turned it into power and used it to control someone else,\" another user added.\n\"I thought you could be the one who could lead our country after Mr Moon. I can't believe it. I'm speechless,\" said one user. \n\"Kim Ji-eun, thank you for your courage. We will cheer you on,\" one commented.", "date": "6 March 2018", "href": "https://www.bbc.co.uk/news/world-asia-43297331", "tags": "metoo allegations korea raping consensual resigns ahn ji-eun governor rape south", "title": "#MeToo in South Korea: Governor resigns after rape allegations"}