{"content": "A new trailer for the upcoming film \u201cAsk for Jane\u201d tells the unbelievably true story of a group of women who helped run an abortion network before the procedure became legal nationwide in 1973.\u00a0\nDirected by Rachel Carey, the film is set in Chicago in 1969 and tells the story of the Jane Collective, a whisper network for illegal abortions created by University of Chicago student Heather Booth. The secret organization helped women obtain safe and illegal abortions during a time when women were dying left and right due to dangerous back-alley abortion procedures.\u00a0\n\u201cWomen\u2019s bodies are always in men\u2019s hands, but this was us doing it for us,\u201d Janice (played by Cody Horn) says in the exclusive trailer above.\u00a0\nThe illegal abortion network, which was first named Abortion Counseling Service of Women\u2019s Liberation, is now known as the Jane Collective because the collective creators had women call a number and ask for Jane, as in Jane Doe, to signal that the caller was looking for an abortion. The Jane Collective operated from 1969 to 1973, when\u00a0Roe v. Wade, the historic ruling legalizing abortion across the country, was handed down.\u00a0\nThe story is an important look back at history and the perils women faced when trying to obtain an abortion. \u201cThis movie should be seen by every American,\u201d iconic feminist activist Gloria Steinem says in the trailer.\u00a0\nThe film also stars Chloe Levine, Sarah Steele, Alison Wright and Sarah Ramos.\nCarey described the Jane Collective to HuffPost as \u201ca vital but forgotten piece of women\u2019s history.\u201d\u00a0 \u00a0\n\u201cAbortions have always taken place; the only question is where they take place and how safe they are,\u201d she said. \u201cThe Janes took that question into their own hands, helping women find reliable doctors and eventually learning to perform abortions themselves. While I hope we never go back to that practice, I think it\u2019s important for people to know that it\u2019s possible.\u201d\u00a0\n\u201cAsk for Jane\u201d hits theaters May 17.\u00a0\nCORRECTION: A previous version of this article misstated that seven women created the Abortion Counseling Service of Women\u2019s Liberation, also known as the Jane Collective. It has been updated to reflect that University of Chicago student Heather Booth created the Jane Collective.", "date": "\n04/23/2019", "href": "https://www.huffpost.com/entry/ask-for-jane-trailer-illegal-abortion-clinic_n_5cbdcc70e4b068d795cf2609", "tags": "story liberation created illegal collective abortion obtain ask clinic jane true tells trailer women", "title": "'Ask For Jane\u2019 Tells The True Story Of The Women Who Created An Illegal Abortion Clinic"}