{"content": "Parents should be banned from leaving the car running while waiting outside school gates, to cut air pollution, according to official health guidance. \nThe guidance also calls for councils to set up clean-air zones that could ban the most polluting vehicles or introduce charges. \nThe authors have called for \"clean air\" to be given the same importance as \"clean water\".\nAir pollution contributes to 29,000 deaths each year in the UK.\nThe report is by two government bodies - Public Health England (PHE) and the National Institute for Health and Care Excellence (NICE). \nProf Paul Cosford, from PHE, said the report was the \"distillation of best evidence\" on tackling air pollution that local councils could implement. \nHe said cars going nowhere with the engine on \"annoy me - I just think why are you sitting there with your car idling?\"\n\"No-idling zones raise awareness in all our minds that 'Come on, we don't need to be polluting,' he said. \"It's totemic.\"\nThe report says the zones should be introduced outside schools, hospitals and care homes - to protect those most vulnerable from the fumes.\nLondon's Westminster Council already has marshals handing out \u00a380 fines to car idlers.\nOther recommendations include:\nThe UK has struggled to keep within EU limits on pollutants such as nitrogen dioxide (NO2) - with 37 of the 43 regions of the UK in breach of NO2 limits.\nBut the report says policies should be aiming to go much further than meeting legal limits.\nProf Cosford told BBC News: \"The best estimate is 29,000 deaths in the UK [from air pollution], then why would we only want to reduce that to the legal amount?\n\"We want to reduce that to as close to zero as we can.\n\"We have developed clean water, and clean air is a basic issue of human health.\"\nThe report from health officials comes as the UK government is about to be taken to court again over its plans for tackling air pollution.\nIts draft plan has been dismissed as \"toothless\" and \"weak\" by critics. \nJames Thornton, the chief executive of ClientEarth, said: \"It's hugely significant that public health experts are raising the prospect of clean air zones, which could charge the dirtiest vehicles to enter the most polluted areas of our towns and cities. \n\"The government's own evidence shows this is the most effective way to bring down illegal and harmful levels of air pollution as soon as possible, which ministers are legally bound to do. \n\"So it's astounding that the government did not make this clear to people when it consulted on its air quality plans for the UK, forcing us to go back to the High Court next Wednesday to try to get them to do this. \n\"If this is going to happen, then people need to have their say on it.\"\nDr Penny Woods, chief executive of the British Lung Foundation, said: \"Air pollution is poisonous.\n\"We welcome the recommendations to introduce no-vehicle- idling areas, [and] clean air zones in the most polluted towns and cities will be vital in reducing toxic emissions and protecting us all.\"", "date": "30 June 2017", "href": "https://www.bbc.com/news/health-40431351", "tags": "says engines limits guidance introduce leaving zones parents recommendations", "title": "'Ban parents from leaving engines on', says guidance"}