{"content": "Anti-racist protesters shared a \u201cbeautiful\u201d moment Saturday before terror struck when a car plowed into a massive crowd of people demonstrating against a white supremacist rally in Charlottesville, Virginia. One person died and 19 others were injured in the incident.\nBy Saturday evening, multiple publications\u00a0were reporting that suspect James Fields, 20, of Maumee, Ohio, had been arrested in connection with the tragedy.\u00a0\n\u201cJames Alex Fields Jr.... is charged with one count of 2nd degree murder, 3 counts of malicious wounding and one count of failing to stop at an accident resulting in a death,\u201d\u00a0Col. Martin Kumer, the superintendent of Albemarle-Charlottesville Regional Jail, told HuffPost in an email.\nKumer provided a mug shot of Fields.\nCharlottesville Mayor Mike Signer announced the death on Twitter, hours after the governor declared a\u00a0state of emergency. Hospital officials confirmed to The Associated Press the number of casualties.\u00a0Fifteen other injuries\u00a0related to the rally were reported, the City of Charlottesville said.\nThe victim who died was a 32-year-old woman, Chief Al Thomas of the Charlottesville Police Department said at a news conference.\nFollowing a morning of clashes, the white supremacists at the rally and counter-protesters began to clear out Saturday afternoon after police threatened arrests. Hundreds of counter-protesters had met together to oppose the white supremacist gathering, marching in solidarity with marginalized groups and chanting \u201cBlack Lives Matter!\u201d among other slogans.\n\u201cIt was an incredible scene,\u201d 23-year-old Thomas Pilnik, who captured the anti-racist counter-demonstration on video, told HuffPost. \u201cIt was the most beautiful counter-rally.\u201d\nMoments later, a car plowed into the crowd, and bodies went flying.\n\u201cIt was just terrifying,\u201d said Pilnik, who has lived in Charlottesville for five years and works as an administrator for the University of Virginia\u2019s school of engineering. \u201cI remember people flying into me, telling me to run and get out of the way and watching people fly like they were just bowling pins.\u201d\nPilnik added that it was a \u201cbeautiful moment ripped away from us.\u201d\nPilnik believes the driver\u2019s action was deliberate.\n\u201cThere is nothing in my mind that would ever tell me that this wasn\u2019t an intentional act,\u201d he said. \u201cThe way he plowed into the crowd and then reversed at full speed was nothing short of intentional. If he had been scared and made a mistake and rammed the people and hit the back of a car, there\u2019s no way he would have shifted into reverse and slammed on the accelerator to run them over again.\u201d\nVideo shows the vehicle reverse back at a high rate of speed, running over people who\u2019d just been struck, Pilnik said.\u00a0\nPilnik said white supremacy is all too real. And it\u2019s time to take it seriously.\n\u201cIt\u2019s taken me a long time to process, but I think it\u2019s the fact that these [white supremacists] aren\u2019t laughable,\u201d he said. \u201cThey aren\u2019t trolls, we actually have domestic terrorism going on and we\u2019ve spent months, if not years, laughing them off. And that just can\u2019t happen, it can\u2019t continue to happen, it shouldn\u2019t have happened in the first place, but what I\u2019ve seen today just proves to me that it\u2019s not a joke. These terrorists aren\u2019t trolls \u2015 they\u2019re terrorists \u2015 they\u2019re bad people.\u201d\nFields\u2019 mother, Samantha Bloom,\u00a0told the Toledo Blade\u00a0on Saturday that her son had told her he was going to Virginia for an \u201calt-right\u201d rally but didn\u2019t describe it to her in detail. Bloom said she\u2019d warned her son to be careful and to protest \u201cpeacefully,\u201d according to the newspaper.\nBloom told The Associated Press that she wasn\u2019t aware that the event was a white supremacist rally. \u201cI thought it had to do with Trump,\u201d she said. \u201cTrump\u2019s not a white supremacist.\u201d\nWhen informed of the death and violence at the rally, Bloom \u201cbecame visibly upset,\u201d according to the AP.\nAfter the rally late Saturday night, the FBI and the U.S. Attorney\u2019s Office for the Western District of Virginia announced a civil rights investigation into the circumstances surrounding the deadly car crash. Attorney Jeff Sessions also announced a federal investigation into the violence at the rally.\nThis story has been updated with information about the suspect, comments from his mother and the announcement of the federal investigations.\nCarla Herreria contributed to this report.", "date": "\n08/12/2017", "href": "https://www.huffpost.com/entry/during-racist-charlottesville-rally-car-plows-into-crowd-of-people_n_598f422fe4b09071f69a019e", "tags": "beautiful ripped plows pilnik car away dead anti-racist moment charlottesville group bloom", "title": "'Beautiful Moment Ripped Away' As Car Plows Into Anti-Racist Group In Charlottesville, 1 Dead"}