{"content": "Despite predictions to the contrary, Trump has been leading in the polls Tuesday night and it\u2019s... alarming.\n\u201cBlack Mirror,\u201d\u00a0a TV show about technology in a near-future dystopia, recognizes the awful irony of this and tweeted out a chilling missive on Tuesday night:\nThis is the world we live in.", "date": "\n11/08/2016", "href": "https://www.huffpost.com/entry/black-mirror-just-broke-the-fourth-wall-to-deliver-election-realness_n_58229b25e4b0aac62488285f", "tags": "fourth wall alarming irony deliver predictions election broke mirror awful realness", "title": "'Black Mirror' Just Broke The Fourth Wall To Deliver Election Realness"}