{"content": "Buckle up!\nThe trailer for the fifth season of \u201cBlack Mirror\u201d dropped early Wednesday, and it\u2019s promising to be quite the ride.\nCheck it out here:\nThe frantic preview for the latest installment of Netflix\u2019s anthology series promises three new episodes on themes familiar to the show, such as love, privacy and connection.\nOne clip appears to show Andrew Scott, who plays arch-villain Jim Moriarty in BBC drama \u201cSherlock,\u201d struggling with the demands of social media and cellphone technology.\n\u201cAvengers\u201d actor Anthony Mackie and \u201cAquaman\u201d star Yahya Abdul-Mateen II also reportedly feature in an episode that series creator Charlie Brooker has teased as \u201cthe Marvel-DC crossover no one saw coming.\u201d\nSinger-songwriter Miley Cyrus and actor Topher Grace\u00a0are also involved.\nThe new series won\u2019t premiere until June 5, but it already has people on Twitter\u00a0very hyped:\nThe new series follows the release of the first-ever \u201cBlack Mirror\u201d movie, the choose-your-own-adventure-style \u201cBandersnatch,\u201d in December.", "date": "\n05/15/2019", "href": "https://www.huffpost.com/entry/black-mirror-trailer-season-5-netflix_n_5cdbe2c5e4b061f71b883aaa", "tags": "season intense demands familiar choose-your-own-adventure-style cyrus themes hyped mirror miley abdul-mateen trailer fifth", "title": "'Black Mirror' Season 5 Trailer With Miley Cyrus Is Here, And It's Intense"}