{"content": "Greenwich, London was buzzing during Tuesday\u2019s rush hour \u2015 but not for the reason you might think.\u00a0\nA massive swarm of bees invaded Greenwich Church Street, causing motorists and passersby to run for cover. It\u2019s unclear what prompted the bees to swarm or where they came from.\nVideos and photographs of the surreal moment have cropped up on social media in the hours since it happened:\nA nearby shop owner, Abigail Hering,\u00a0told the Press Association she could initially hear an \u201cunderlying hum\u201d, adding: \u201cIt was just literally swarming, above the cars around the one way system.\u201d\n\u201cWhen I left work, I went to walk towards my car, they were on the traffic lights. Millions of them on the traffic lights. And then at that point they\u2019d come lower so they were actually buzzing around the people,\u201d she told the publication.\u00a0\nFor fans of the English TV show \u201cBlack Mirror,\u201d there\u2019s an episode that channels this buggy situation. If you know it, you\u2019ll never want to go to this area of London again. If you don\u2019t, just know that the episode involves drone bees and it is... terrifying.\u00a0\nAt any rate, the pedestrian crossing where the bees congregated appears to have been cleared, and the bees \u201csafely relocated.\u201d\nBee careful out there, Londoners.", "date": "\n05/17/2017", "href": "https://www.huffpost.com/entry/black-mirror-bees-london-town_n_591c571ce4b0ed14cddb057d", "tags": "shop life street greenwich swarm cropped underlying lights bees london overrun mirror buzzing came", "title": "'Black Mirror' Came To Life On London Street Overrun By Bees"}