{"content": "Joseph C. Phillips is the most recent \"Cosby Show\" star to publicly speak out about the sexual assault allegations against Bill Cosby.\nPhillips, who played\u00a0Cosby's son-in-law Lt. Martin Kendall on \"The Cosby Show,\" took to his personal website on Monday to comment on the accusations against his former co-star, which include more than three dozen women\u00a0who have accused Cosby of sexual misconduct.\nIn Phillips' essay, titled \"Of Course Bill Cosby Is Guilty!,\" the actor begins by writing about how much he admired the comedian in his youth. \"He was my boyhood idol. His influence on my life has been profound,\" Phillips writes. \"I owe much of who I am to Bill Cosby, so the idea of love seems to fall short of exactly how I feel.\" However, the actor writes that it was \"common knowledge\" that Cosby wasn't faithful to his wife, Camille Cosby. \"Bill sleeping around was a 'fact' that, like, the air, seemed to just be. You didn\u2019t have to see it or hear it to know that it existed,\" Phillips says on his website.\nWhen the\u00a0the allegations against Cosby\u00a0began multiplying last year, Phillips says he was inundated with requests to comment on his former co-star and became \"increasingly disturbed\" by the accusations. At first, the actor was mostly doubtful that Cosby was guilty of the sexual assault crimes. \"I was fairly certain that some of the women were lying through their teeth, but certainly not all of them,\" Phillips writes. But then the actor ran into an old female friend who\u00a0had also worked with Cosby in the past.\nWhen Phillips brought up the allegations to the unidentified woman, she began to cry. \"We spent the next two hours sitting on a bench talking,\" Phillips writes of the woman recounting her story about Cosby. \"Through tears, she told me her story. She cursed him for violating both her trust and her body. She cursed herself for not being smarter, and for degrading herself in pursuit of success.\" After that, Phillips says his perspective on his former fictional father-in-law had changed. \"I was also angry at myself for falling for the okey-doke, of putting Bill on a pedestal,\" Phillips writes.\nThe actor also referenced the recent unsealed court documents\u00a0from a 2005 deposition in which Cosby admitted to obtaining quaaludes\u00a0with the intent of giving them to women he wanted to have sex with. While Phillips says he can now see what he calls \"the dark side to the Cos,\" he also admits that he can't forget the positive way his idol has influenced him. \"I am not prepared to simply dismiss his brilliance, his wisdom, or his legacy.\" Phillips ends his essay with a plea though: asking Cosby to \"Please, go live a quiet country life.\"\nThe actor appeared on CNN Wednesday morning to further discuss his essay. \"I think like a lot of people, I was really giving Bill the benefit of the doubt,\" Phillips said. \"This was not the man I knew, this was not the man I worked with.\"\u00a0\nPhillips speaking out against Cosby marks the first instance a former \"Cosby Show\" cast member has publicly accused the 78-year-old actor of being guilty. Previously, Phylicia Rashad defended\u00a0her former TV husband, saying that the allegations were the \"the obliteration of a legacy.\" Malcolm-Jamal Warner\u00a0commented saying it was \"painful\" to watch his friend and mentor, Cosby, face the allegations. Keshia Knight Pulliam\u00a0and\u00a0Raven-Symon\u00e9 have also commented on Cosby, while Lisa Bonet\u00a0has yet to comment.\nThe Huffington Post could not immediately reach Cosby's reps for comment.\nFor Phillips full essay, head to his website.", "date": "\n07/15/2015", "href": "https://www.huffpost.com/entry/joseph-c-phillips-bill-cosby-guilty_n_55a66025e4b0c5f0322bcd8a", "tags": "essay says c- show bill guilty actor cursed phillips joseph course cosby", "title": "'Cosby Show' Actor Joseph C- Phillips Says 'Of Course Bill Cosby Is Guilty'"}