{"content": "Marjory Stoneman Douglas High School in Parkland, Florida last week joined a grim list of murderous US school shootings, alongside Sandy Hook elementary school and Columbine high school.\nBut what about Marshall County High Schoolin Benton, Kentucky? Or Salvador Castro Middle School in Los Angeles, California? These were both sites of school shootings with casualties last month.\nIt might seem bizarre that school shootings have become such a regular occurrence in the US that unless there are many fatalities, the attention is often only fleeting.\nEven before the deaths of 17 young people in Florida last week, a US education news organisation had decided there was an urgent need to make sure that every such incident was counted and publicly recorded.\nEducation Week, which usually covers stories about teachers and education policy, launched a year-long school shooting tracker, in a project called School shootings this year: How many and where.\n\"There's a danger of being desensitised. We shouldn't dismiss any of them as routine,\" says Kathleen Kennedy Manzo, the news organisation's managing editor.\n\"You have to stop and think this is a big event.\"\nSince the beginning of 2018, there have 63 dead or injured in school shootings, according to the tracker's latest figures.\nThey have almost all been committed by teenagers or young adults, often with links to the school.\nAfter the Parkland killings, there has been a high profile \"Never Again\" campaign by students calling for action to prevent such attacks - and to prevent such a regular loss of life ever seeming \"normal\".\nBut the school shooting tracker is a warning of how quickly events can be forgotten by the national and international media. \nHow much attention is now paid to the attack in Benton, Kentucky, only a few weeks ago, where two teenagers were killed and children were injured in the rush to escape?\nMs Kennedy Manzo says that part of the problem on reporting school shootings has been the lack of reliable, independent, national information.\nLocal data can be inconsistent, she says, and the monitoring of attacks is often by campaign groups with their own political agenda. \nThe Education Week project is going to map school shootings where there have been casualties, and show the number of deaths and injuries for students and adults.\nIf there is going to be a review of gun policy, the education news organisation wants it to be informed by some hard evidence.\nThere are other official sources showing the frequency of school shootings.\nSuch attacks were included in the FBI's tracking of \"shooter incidents\" between 2000 and 2013, which included the attack at Virginia Tech, in Blacksburg, Virginia, in which 32 people were killed, as well as 27 deaths at Sandy Hook in Newtown, Connecticut. \nThe analysis showed places of education were among the most frequent locations for shootings with multiple casualties.\nShooters were highly likely to be male and acting alone.\nBut what official statistics also show is that shootings are not part of a wider picture of US schools being more dangerous and violent places.\nIt's quite the opposite - as other types of violence in US schools are declining.\nFigures from the US Department of Education and Department of Justice, published by the National Centre for Education Statistics, show that the number of fights in school have fallen sharply since the early 1990s.\nThe proportion of students bringing weapons into school have also declined.\nBut this pattern does not apply to shooting incidents, with numbers fluctuating almost as randomly as the attacks themselves.\nIn the immediate aftermath of such shootings, Ms Kennedy Manzo says there are always calls for something to be done - but never with the same answer.\n\"State by state the debate goes a little differently,\" she says.\nIn some places there will be calls for more gun controls - and California, from the beginning of the year, has tightened regulations keeping guns out of schools.\nIn the wake of the Florida attack, Republican Senator Chris Murphy, whose Connecticut state includes Sandy Hook, condemned the political \"inaction\".\n\"This happens nowhere else other than the United States of America - this epidemic of mass slaughter, this scourge of school shooting after school shooting\" said Senator Murphy.  \n\"It only happens here. Not because of coincidence, not because of bad luck, but as a consequence of our inaction. We are responsible for a level of mass atrocity that happens in this country with zero parallel anywhere else.\"\nBut there is no consensus - with calls for more guns as well as fewer. A survey from the Pew Research Centre showed 45% of people in the US were in favour of arming teachers and school staff.\nThis suggestion that teachers could be armed, so they could react immediately without waiting for emergency services, has been raised by President Trump.\nIn Ohio, individual schools are already allowed to decide how staff can protect themselves.\nJoe Eaton is a manager of a firm in Ohio that trains teachers how to use weapons if there is an attack. He says pupils are safer with armed staff in schools trained to stop a shooter.\nMr Eaton, programme director for Faster Savers Lives, does not accept the argument that guns should be kept out of school.\nHe says that in an attack, calling the police is asking someone else to bring weapons into school.\nIt's more effective, and will save more lives, he argues, if there is already someone there who is armed.\nWhile the debate continues unresolved, the school shooting tracker will record how many more innocent lives are lost this year.\nMore from Global education\nIdeas for the Global education series? Get in touch with sean.coughlan@bbc.co.uk", "date": "21 February 2018", "href": "https://www.bbc.co.uk/news/business-43060002", "tags": "manzo school normal never seems tracker every shooting", "title": "'Counting every school shooting so it never seems normal'"}