{"content": "The head of an environment measurement index has denied media reports suggesting it found air quality in the Indian capital, Delhi, to be worse than in China's capital, Beijing.\nThe Environmental Preference Index  did not rank cities as it did not have comparative data, Dr Angel Hsu said.\nBut it ranked countries and India was 174 out of 178 countries for air quality. China was at 176. \nThe EPI is prepared by researchers at Yale and Columbia universities.\nHowever, an overall pollution rating, which includes factors  such as health impact and water and sanitation, put India at 155 - China was ranked higher at 118.  \n\"The EPI does not rank cities, nor do the data in the EPI provide any information on city-level performance,\" said Dr Hsu of the Yale Center for Environmental Law and Policy who is also the project director of the index. \nShe said a lack of accurate data from India was a problem.\n\"Beijing reports [pollution] data on an hourly basis over a publicly accessible platform. Delhi's reporting is not as consistent or transparent, making direct comparison impossible. Delhi may or may not have dirtier air than Beijing, but it is clearly behind in how it makes air quality information available to its citizens,\" Dr Hsu added.\nDr Gufran Beig, chief scientist at India's System of Air Quality Weather Forecasting and Research, has also refuted the report saying that the average concentration of smaller dust particles (PM2.5) - that penetrate deep into the lung - was 210 microgram per cubic metre (m/cum) in Delhi this month. \nThis, he told the BBC, is not even half of Beijing's PM2.5 level recorded this year.\nBut the Centre for Science and Environment (CSE), a Delhi-based think tank, has pointed out that the average daily PM2.5 levels in Beijing during 2013 largely remained below 250 m/cum and their winter peaks did not cross the 400 m/cum mark till December. \nIn comparison, Delhi recorded an average PM2.5 level of 240 m/cum since November 2013 but the peaks have hit as high as 575 m/cum this winter, the CSE said.\nThe permissible limit of PM2.5 is 60 m/cum.\nDr Sarath Guttikunda, director of Delhi-based Urban Emissions Info, refused to be drawn into this number game. \n\"Our pollution levels do not need to get worse than Beijing's for us to wake up and take action. Delhi's air is bad, very bad, and it's getting worse by the year,\" he warns. \nWinter smogs are common in Delhi, but this year's haze has been sometimes severe, disrupting air and railway traffic.\nRising pollution has been blamed mainly on a huge increase in the number of vehicles in the city, particularly diesel-driven cars.\nDelhi's government introduced greener fuels for public transport in 2000 to control air pollution but the levels have continued to rise.", "date": "31 January 2014", "href": "https://www.bbc.com/news/world-asia-india-25957405", "tags": "beijing m/cum hsu denied air epi report pollution higher", "title": "'Delhi air pollution higher than Beijing' report denied"}