{"content": "Story highlights\"E.T.\" screenwriter Melissa Mathison has died at 65, brother saysShe was married for 21 years to Harrison Ford\n (CNN)The woman behind the simple, immortal lines \"E.T. phone home,\" \"I'll be right here,\" and \"Be good\" has died.\nScreenwriter Melissa Mathison, an Academy Award nominee for \"E.T. The Extra Terrestrial,\" died in Los Angeles on Wednesday after an illness, according to her brother Dirk Mathison. She was 65.\n\nMathison wrote the scripts for \"The Black Stallion,\" \"The Indian in the Cupboard\" and \"Kundun,\" as well as \"E.T.\" director Steven Spielberg's portion of \"Twilight Zone: The Movie.\"\nMathison was married to Harrison Ford from 1983 to 2004, and the couple had two children.\nAfter \"Stallion,\" Spielberg spoke to Mathison (then dating Ford while they were all on the set of \"Raiders of the Lost Ark\") about a horror film with aliens he wanted to make called \"Night Skies.\" But after \"Raiders,\" Spielberg wanted to get back to the tranquil feel of \"Close Encounters of the Third Kind.\"\nMathison began reworking the script into what would become \"E.T.\"\nHowever, Spielberg's \"Night Skies\" studio, Columbia Pictures, called Mathison's script \"a wimpy Walt Disney movie,\" according to Spielberg's biography.\nSpielberg brought the film to Universal instead, and the rest is Hollywood history.\nPeople we've lost in 2015\nDirk Mathison told CNN, \"She was a lovely and brilliant woman and she will be greatly missed. She was a central figure in so many lives because she was so kind and giving and just a brilliant screenwriter.\"\nFriends and colleagues, including \"E.T.\" actress Dee Wallace, remembered Mathison on social media.\nMathison worked with Spielberg once more, writing the script for \"The BFG,\" an adaptation of a Roald Dahl novel, set for release on July 1, 2016.", "date": "November 5, 2015 ", "href": "https://edition.cnn.com/2015/11/04/entertainment/et-screenwriter-melissa-mathison-feat/", "tags": "spielberg script brilliant dies stallion mathison e.t melissa harrison dirk screenwriter skies", "title": "'E-T-' screenwriter Melissa Mathison dies"}