{"content": "A female traveller was recently banned from taking a large \"emotional-support peacock\" on board a United Airlines flight, it has emerged.\nShe had offered to buy the bird its own plane ticket, according to travel blog Live and Let Fly.\nNonetheless the airline refused to let the bird board at Newark airport in New Jersey, saying it did not meet guidelines due to its weight and size.\nUnited says this was explained to the traveller before she arrived at Newark.\nPictures of the striking bird and its owner, attempting to travel to Los Angeles, emerged via The Jet Set, a travel-based talk show.\nThe images show the animal perched on an airport baggage trolley, as fellow passengers gaze at it in shock.\nAfter six hours at the airport, the exotic bird and its human companions decided to take to the road and instead drive across the US.\nThe peacock, reportedly called Dexter, belongs to Brooklyn-based artist Ventiko, who documents its life on social media.\n\"I have never left the house without having at least one person react,\" Ventiko told a local culture website in 2017.\nThe artist, whose real name is not known, told Bedford and Bowery that the feathery giant \"really changed my life in a positive way\".\nShe originally bought Dexter and a peahen called Etta for an art installation. She later found them a new home from which Etta and her offspring disappeared.\nThe loss affected Dexter's behaviour and Ventiko came to his rescue after hearing that the bird was housed in a garage. Following a failed stint at an upstate New York farm, Ventiko finally decided to welcome Dexter into her Bushwick loft.\nNow involved in her photography and performance art, the exotic bird appears to enjoy his New York life.\nHowever, he avoids public transportation, like the subway, because Ventiko doesn't \"want to traumatise him\". \nAirlines have allowed some passengers with emotional or psychiatric problems to take therapy animals on board with them.\nBut the number of emotional support animals has been rising in recent years, sparking suggestions that people are abusing the system. \nIn 2014, a woman was escorted off a US Airways flight when her pig, named Hobie, defecated and squealed before the plane took off.\nHad Dexter made it on to the plane, the peacock would have joined a flock of jet-set birds.\nTraveller Jodie Smalley, from Seattle, made headlines after taking her turkey on a pre-Christmas flight home in 2015. Cynics were surprised to hear that the bird made the return trip back in one piece - and wearing a special bird nappy.\nA year ago, a photo of 80 birds of prey was captured on board an airliner in the Middle East, promptly going viral online. The falcons were being flown from an unknown destination to Jeddah in Saudi Arabia, for what was believed to be a hunting trip.", "date": "31 January 2018", "href": "https://www.bbc.co.uk/news/world-us-canada-42880690", "tags": "peacock dexter ventiko support traveller airlines plane birds newark barred united emerged bird", "title": "'Emotional support peacock' barred from United Airlines plane"}