{"content": "People who are overweight or obese are at increased risk of heart disease even if they appear medically healthy, experts are warning.\nThe work, in the European Heart Journal, is further evidence against the idea people can be \"fat but fit\". \nThe researchers studied health data on more than half a million people in 10 European countries, including the UK.\nNormal blood pressure, cholesterol and blood sugar levels were no assurance of good heart health among obese people.\nAfter a follow-up period of more than 12 years, 7,637 of the people in the study had developed heart disease. \nWeight appeared to be a risk factor.\nIn the study, people who were overweight or obese but had healthy blood pressure, blood sugar and cholesterol readings were about 28% more likely to develop heart disease than individuals with similar readings and a healthy bodyweight.\nBeing fat and \"metabolically unhealthy\" - having high blood pressure, cholesterol and blood sugar - was riskier still. \nAre you a healthy weight for your height?\nThe researchers at Imperial College London and the University of Cambridge say the findings are a reminder that carrying too much fat can store up health problems for the future.  \nDr Ioanna Tzoulaki, from Imperial's School of Public Health, said: \"I think there is no longer this concept of healthy obese. \n\"If anything, our study shows that people with excess weight who might be classed as 'healthy' haven't yet developed an unhealthy metabolic profile.\n\"That comes later in the timeline, then they have an event, such as a heart attack.\"\nAccording to the researchers, the excess weight itself may not be increasing the risk of heart disease directly, but rather over time through mechanisms such as increased blood pressure and high glucose. \nProf Metin Avkiran, from the British Heart Foundation, which part-funded the research, said: \"The take-home message here is that maintaining a healthy body weight is a key step towards maintaining a healthy heart.\"", "date": "15 August 2017", "href": "https://www.bbc.com/news/health-40921856", "tags": "heart risk fit cholesterol overweight disease excess still maintaining", "title": "'Fat but fit' still risk heart disease"}