{"content": "\"Game of Thrones\" as you know it almost never saw the light of day.\u00a0\nIn a sit-down with \"Scriptnotes\" podcast hosts and screenwriters John August and Craig Mazin, \"GoT\" co-creators and showrunners David Benioff and D.B. Weiss\u00a0dished on their disastrous unaired pilot.\n\"It took us almost four years to get the pilot made,\" Benioff said. \"We finally got it finished, and we show it to [screenwriters] Craig [Mazin], Ted Griffin, and Scott Frank. And watching them watch that original pilot was one of the most painful experiences of my life.\"\u00a0\nMazin told co-creators that they had a \"massive problem\" and the two went back and reshot everything. When they finished reconstructing roughly the entire pilot (over 90 percent), they had a screening for their essentially new TV show.\u00a0\n\"And I sat there, and this show unfolds, the first episode, and I am stunned. Stunned,\" Mazin said.\u00a0\"And I very specifically remember walking out in between and you were there, and I said to you, \u201cThat is the biggest rescue in Hollywood history,\u201d because it wasn\u2019t just that you had saved something bad and turned it really good. You had saved a complete piece of s**t, and turned it into something brilliant. That never happens.\"\u00a0\nIf the original pilot had\u00a0been good, then two of the show's most well-known characters, Daenerys Targaryen and Catelyn Stark, would've been played by two totally different actresses.\u00a0\nEmilia Clarke, who plays Daenerys, previously spoke about taking over the part from actress\u00a0Tamzin Merchant.\u00a0\n\"I had never heard of the books,\" Clarke said in a 2013 interview with The New York Times. \"And so I spent 48 frantic hours Wikipedia-ing ... This is going to sound odd or bizarre. But just from those few lines I felt I understood the character. She\u2019s a young girl trying to do good and to realize her own capabilities.\"\u00a0\nThe role of Catelyn Stark originally went to actress Jennifer Ehle, though she later dropped out of the role and Michelle Fairley took it over.\u00a0\nTo read more about the differences between the original pilot and the one that ended up airing, head here. \u00a0\n\"Game of Thrones\" Season 6 premieres Sunday, April 24, on HBO.\n\u00a0\nAlso on HuffPost:\u00a0", "date": "\n02/05/2016", "href": "https://www.huffpost.com/entry/game-of-thrones-original-pilot_n_56b4b22be4b08069c7a6dab0", "tags": "benioff thrones stunned co-creators originally show terrible catelyn mazin daenerys saved original really", "title": "'Game Of Thrones' Was Originally A Really Terrible Show"}