{"content": "Unsure about any aspect of \u201cGame of Thrones?\u201d\nThen it\u2019s probably best not to call Jimmy Kimmel\u2019s spoof \u201cGame of Phones\u201d hotline, in which stars of HBO\u2019s epic fantasy drama answer fans\u2019 most burning questions about the show.\nSophie Turner (Sansa Stark), Maisie Williams (Arya Stark), Isaac Hempstead Wright (Bran Stark), Liam Cunningham (Davos Seaworth), Lena Headey (Cersei Lannister) and John Bradley (Samwell Tarly) each tackled viewers\u2019 queries in their own unique ways.\nAnd Williams\u2019 response was more chilling than most...\u00a0\n\nCheck out the clip above and an earlier edition of the comedy bit here:", "date": "\n04/30/2019", "href": "https://www.huffpost.com/entry/game-of-thrones-helpline-jimmy-kimml_n_5cc7fc5ae4b07c9a4ce85adc", "tags": "stars thrones questions maisie bradley fantasy kimmel hotline least aspect answer fan liam helpful", "title": "'Game Of Thrones' Stars Answer Fan Questions On The Least Helpful Hotline"}