{"content": "There were a lot of questions heading into the final season of \u201cGame of Thrones\u201d: What really\u00a0motivates the Night King? Will dead Starks rise from their graves? How might\u00a0Jon Snow react\u00a0to learning the truth about his parentage?\u00a0\nThose matters are important, but in addressing them, the show seems to be neglecting some vital mysteries about Bran:\u00a0Is Winterfell wheelchair-accessible? Who\u2019s supposed to check on Bran? Wasn\u2019t he cold waiting up for Jaime Lannister all night?\u00a0\nBran (Isaac Hempstead Wright) uses a wheelchair since he lost his ability to walk after being pushed out a window by Jaime Lannister (Nikolaj Coster-Waldau) in Season 1. It makes sense that Bran wanted to be there to stare Jaime down when the Kingslayer arrived at Winterfell in the premiere, but it also doesn\u2019t seem like the best idea to stay outside at night in the middle of winter.\nLes Stroud, Canadian filmmaker and star of Discovery\u2019s \u201cSurvivorman,\u201d told HuffPost that Bran could \u201cdefinitely\u201d be risking hypothermia.\nHe noted that it doesn\u2019t seem too cold in Winterfell at the moment and that it\u2019s \u201cquite possible to sit out all night,\u201d but added, \u201cNot without covering up his head with the fur.\u201d\nThere are so many mysteries involving Bran right now, even the Three-Eyed Raven would probably have trouble explaining them. Thankfully, \u201cGame of Thrones\u201d writer Bryan Cogman agreed to hop on the phone and clear up those questions and more. Cogman penned the most recent episode, \u201cA Knight of the Seven Kingdoms,\u201d along with several others throughout the course of the HBO series.\nIn the Season 8 premiere, Bran is apparently sitting outside all night waiting for Jaime. Is Winterfell wheelchair-accessible, or was he stuck out there?\nYou know, he has magic ways. Yeah, sure, it\u2019s probably a rough trip, but he has lots of servants, and they park him where he needs to go and I guess people come over and check on him.\nWhy doesn\u2019t Bran just chop his arm off if he\u2019s got the Night King\u2019s mark on him?\nI mean, I wouldn\u2019t want to chop my arm off. I don\u2019t think that solution is available. I think he\u2019d prefer to just keep his arm.\nTyrion asks Bran to tell him his story. What\u2019s the significance there?\nWhat\u2019s fun about this show is they all have these connections with each other, and Tyrion does have a connection with Bran. He did find the circumstances of his fall intriguing, and he did design the saddle for him back in the day. The first episode I ever wrote is when he presents him with that saddle, and I think he is intrigued by the Starks and fascinated by their story and indeed fascinated by stories in general. He\u2019s a student of history and I think him wanting to talk to Bran is about him trying to understand \u2015 understand the breadth of everything that\u2019s happened to all of these people. Obviously, Bran\u2019s had a very unique experience. I think it\u2019s just about him wanting to know more. A mind needs a whetstone. I think that\u2019s what that\u2019s about.\nSo can we finally confirm that Pod sang to those ladies in the brothel in Season 3? That\u2019s why he didn\u2019t have to pay them?\nWow, I wish I could say I thought of that. That\u2019s good. No, a gentleman never tells. Pod never told us what happened in that brothel. All we can do is imagine.\nThe final season\u2019s Episode 2 has already been called one of the greatest of the series by some critics. What\u2019s it like to have it out there finally?\nI kind of ripped my heart out of my chest and put it on the page for that episode. It was a wonderful opportunity [showrunners David Benioff and Dan Weiss] gave me. ... The episode was a real chance to say goodbye to [the characters] and say goodbye to this incredible adventure I\u2019ve been on. So the fact that people are responding to it is very gratifying because it was arguably the biggest labor of love of the 11 scripts I wrote.\nBefore you go, can you just assure everyone that the Winterfell crypts are definitely safe (as we heard in Episode 2 multiple times)?\nNo comment.", "date": "\n04/27/2019", "href": "https://www.huffpost.com/entry/game-of-thrones-season-8-bran_n_5cbf62dce4b0a5de6e3e9b0b", "tags": "thrones writer unanswered arm lannister starks questions clears winterfell bran", "title": "'Game Of Thrones' Writer Clears Up Unanswered Questions About Bran"}