{"content": "Perhaps the biggest mystery of \u201cGame of Thrones\u201d was revealed Sunday in the second episode of Season 8: The Night King just wants to erase everyone\u2019s internet history.\nThe mystery of the White Walkers and the Night King has been around since the first scene of the pilot episode. We\u2019ve had scant details about their motivations until now \u2015 we\u2019ve just seen them turn babies into White Walkers and leave strange symbols all over Westeros. But \u201cGame of Thrones\u201d just gave fans the info dump they\u2019ve been waiting for.\nIn an interview with Entertainment Weekly ahead of Season 8, the Night King himself,\u00a0Vladimir Furdik, revealed that his character has a \u201ctarget he wants to kill.\u201d And in Episode 2, Bran (Isaac Hempstead Wright) admits that target is him.\nDuring a war council to talk about strategy as the army of the dead closes in, Bran says the Night King is after him because he\u2019s the Three-Eyed Raven. And White Walkers have come for the other Three-Eyed Ravens before him.\nHere\u2019s what the Night King\u2019s been after: \u201cAn endless night. He wants to erase this world, and I am its memory,\u201d Bran says.\nAs the Three-Eyed Raven, Bran is basically the \u201cGame of Thrones\u201d Google search. He holds all the memories of the past, present and future, and the Night King wants to clear all cookies.\nSamwell Tarly (John Bradley) chimes in: \u201cThat\u2019s what death is, isn\u2019t it? Forgetting. Being forgotten. If we forget where we\u2019ve been and what we\u2019ve done, we\u2019re not men anymore. We\u2019re just animals.\u201d\nYou might remember that Archmaester Ebrose (Jim Broadbent) said a similar thing to Sam in Season 7, telling him:\nNow, even without Bran, Westeros has history books. Sure, having Bran is like having all the episodes of \u201cGame of Thrones\u201d on demand whenever you want, but if the Night King and the White Walkers want to destroy the memories of the world, shouldn\u2019t they go after those history books as well? After all, one of the most popular fan theories is that\u00a0Sam will write the whole story in the end.\nSam also kind of explains this, saying to Bran: \u201cYour memories don\u2019t come from books. Your stories aren\u2019t just stories. If I wanted to erase the world of men, I\u2019d start with you.\u201d\nSo, that\u2019s where we\u2019re at. After all this time, it turns out the Night King is after the death of humankind and all of its memories, simple as that.\nAside from revealing the White Walkers\u2019 endgame, Bran also explains that when the Night King marked him back in Season 6, he basically put a tracking device on him. Now he knows where Bran is at all times. And the Three-Eyed Raven can\u2019t get into his settings and turn that GPS signal off.\u00a0\nWith the reveal in Season 7 that if the Night King falls, the entire army of the dead falls, the plan heading into the Battle of Winterfell is to use Bran as bait in the Godswood and draw the Night King out into the open. There, Theon (Alfie Allen) and the Ironborn will be providing him with some protection.\u00a0\nSo it\u2019s basically R.I.P. to Theon. But if Bran dies, Westeros will go offline for good.", "date": "\n04/22/2019", "href": "https://www.huffpost.com/entry/game-of-thrones-season-8-night-king-white-walkers_n_5cbd0222e4b032e7ceb9cc32", "tags": "wants reveals westeros thrones king memories night three-eyed finally erase walkers season raven bran basically", "title": "'Game Of Thrones' Season 8 Finally Reveals What The Night King Wants"}