{"content": "Here\u2019s your spoiler warning, folks. Get on your dragon and fly out of here if you\u2019re not caught up with \u201cGame Of Thrones.\u201d\nWell, Daenerys Targaryen channeled her father, the Mad King, in the latest episode of \u201cGame Of Thrones\u201d and effectively burned down all of King\u2019s Landing.\nEarly in the episode, the Mother of Dragons was told she should keep an ear open for the bells if she planned to take on King\u2019s Landing. Ringing bells would signify that the city had surrendered.\nDespite being two dragons down from her initial three, Daenerys managed to bring the city to its knees and breathe fire on all the opposing army men in her path. The bells of surrender soon rang, just as Tyrion told her they would \u2015 but the former Khaleesi didn\u2019t back down. Instead, her face changed.\u00a0\nSeconds later, she set off and continued her assault with still more gusto \u2015 killing thousands of innocent people with reckless abandon.\nThe move was a massive departure from the kinder Dany we\u2019ve seen in earlier seasons, indicating to fans that the same madness that led to her father\u2019s demise may have come for her too.\nAt any rate, the ringing of those fateful bells ignited more than just Daenerys\u2019 bloodlust: They opened the opinion floodgates of Twitter.\nHere\u2019s what people had to say about the whole ordeal:\n\u00a0\n\u00a0", "date": "\n05/12/2019", "href": "https://www.huffpost.com/entry/daenerys-targaryen-game-of-thrones-bells_n_5cd8deb5e4b0705e47de76e3", "tags": "managed ringing thrones choice landing dragons fans fiery lot daenerys feelings bells", "title": "'Game Of Thrones' Fans Had A Lot Of Feelings About Daenerys' Fiery Choice"}