{"content": "Fans of HBO\u2019s \u201cGame of Thrones\u201d\u00a0waiting for the hit show\u2019s eighth and final season may be getting a huge reward for their patience\u00a0\u2015 an epic battle scene that tops anything the show has ever done before.\nPopular fan site Watchers On The Wall\u00a0reportedly unearthed a since-deleted Instagram from assistant director Jonathan Quinlan congratulating the crew for its efforts while filming in Toome and Magheramorne in Northern Ireland. Quinlan, has helped shoot 20 episodes of the series so far,\u00a0shared a photo of a note from the producers that described \u201cenduring 55 straight nights\u201d in production. Watchers On The Wall suggested the lengthy shoot was likely a major battle scene.\nA spokesperson from HBO confirmed that \u201ca crew person posted congrats to his colleagues for finishing up a run of night shoots,\u201d but declined to specify how long the shoot took.\u00a0HuffPost has reached out to \u201cGame of Thrones\u201d creators David Benioff and D.B. Weiss for comment, but has not heard back.\u00a0\nThe \u201cBattle of the Bastards,\u201d\u00a0an ambitious battle scene that appeared in the show\u2019s sixth season, took 25 days to shoot.\nThe note also described how the crew put up with \u201cthe cold, the snow, the rain, the mud, the sheep shit of Toome and the winds of Magheramorne.\u201d\n\u201cWhen tens of millions of people around the world watch this episode a year from now, they won\u2019t know how hard you worked,\u201d the note read. \u201cThey won\u2019t care how tired you were or how hard it was to do your job in sub-freezing temperatures. They\u2019ll just understand that they\u2019re watching something that\u2019s never been done before. And that\u2019s because of you.\u201d\u00a0\nThe note is signed by \u201cThe Producer Types.\u201d\u00a0\nIn February, Belfast Live reported a huge blaze at a \u201cGame of Thrones\u201d set in Toome that was understood to be part of filming for a battle scene.\nThe final season of \u201cGame of Thrones\u201d is slated to be released in 2019. In January, HBO programming president Casey Bloys told Entertainment Weekly\u00a0that the delay is meant to give Benioff and Weiss extra time to create the final six episodes of the show.\n\u201cAs the show has gone on, it\u2019s gotten bigger \u2014 big battle scenes, big special effects,\u201d Bloys said. \u201cThese things take time.\u201d", "date": "\n04/10/2018", "href": "https://www.huffpost.com/entry/game-of-thrones-may-have-just-shot-the-longest-battle-scene-in-its-history_n_5accd970e4b0e37659b11c88", "tags": "shoot congratulations watchers thrones bloys assistant posts toome weiss crew director filming epic deletes", "title": "'Game Of Thrones' Assistant Director Posts, Then Deletes, Congratulations To Crew On Epic Shoot"}