{"content": "Story highlightsThe research challenges the paradigm that replacing saturated fats with unsaturated fats helps reduce the risk of heart diseaseExperts recommend that consumers continue to replace butter with oils but to use a variety of oils to maximize the health benefits\n (CNN)Diets rich in vegetable oils and low in saturated fat might not be all they are cracked up to be in terms of heart health, according to new research.\nJust about every diet recommends reducing saturated fats, such as butter and cheese, and replacing them with unsaturated fats, such as vegetable oil and fatty fish. The 2015 dietary guidelines advise limiting saturated fats to no more than 10% of daily calories.\n\nThere have been only a few studies comparing these two types of fat head-to-head between groups of people eating otherwise similar diets. \nIn the new study, researchers revisited data from a trial carried out from 1968 to 1973 that involved more than 9,000 adults living in a nursing home or mental hospitals in Minnesota. About half the participants received diets that contained 18.5% saturated fat and 5% unsaturated fat, based on total calories, and the other half got diets that were 9% saturated fat and 13% unsaturated fat. In the unsaturated fat diet, the researchers increased the level of linolenic acid, an omega-6 polyunsaturated fat, found in margarine and oils such as corn and soybean.\nResearchers found, not surprisingly, that the group that got the diet rich in linolenic acid had lower cholesterol, by about 13%, than the saturated fat diet group. For this analysis, the researchers only included the 2,403 participants who were on one of the two diets for at least a year. \n'use strict';CNN.Videx = CNN.Videx || {};CNN.Videx.mobile = {};CNN.INJECTOR.executeFeature('video').then(function () {CNN.VideoPlayer.handleUnmutePlayer = function handleUnmutePlayer(containerId, dataObj) {'use strict';var playerInstance,playerPropertyObj,rememberTime,unmuteCTA,unmuteIdSelector = 'unmute_' + containerId,isPlayerMute;dataObj = dataObj || {};if (CNN.VideoPlayer.getLibraryName(containerId) === 'fave') {playerInstance = FAVE.player.getInstance(containerId) || null;} else {playerInstance = containerId && window.cnnVideoManager.getPlayerByContainer(containerId).videoInstance.cvp || null;}isPlayerMute = (typeof dataObj.muted === 'boolean') ? dataObj.muted : false;if (CNN.VideoPlayer.playerProperties && CNN.VideoPlayer.playerProperties[containerId]) {playerPropertyObj = CNN.VideoPlayer.playerProperties[containerId];}if (playerPropertyObj.mute && playerPropertyObj.contentPlayed) {if (isPlayerMute === false) {unmuteCTA = jQuery(document.getElementById(unmuteIdSelector));playerInstance.unmute();if (unmuteCTA.length > 0) {unmuteCTA.removeClass('video__unmute--active').addClass('video__unmute--inactive');unmuteCTA.off('click');rememberTime = 0;if (rememberTime < 0) {rememberTime = 360 / 60;}CNN.Utils.storeLocalValue('unmute_health', 'X', rememberTime);}} else {playerInstance.mute();}}};CNN.VideoPlayer.showFlashSlate = function showFlashSlate(container) {'use strict';var $vidEndSlate;$vidEndSlate = container.parent().find('.js-video__end-slate').eq(0);if ($vidEndSlate.length > 0) {$vidEndSlate.find('.l-container').html('<a href=\"https://get.adobe.com/flashplayer/\" target=\"_blank\"><div class=\"flash-slate\"></div></a>');$vidEndSlate.removeClass('video__end-slate--inactive').addClass('video__end-slate--active');}};CNN.autoPlayVideoExist = (CNN.autoPlayVideoExist === true) ? true : false;var configObj = {thumb: 'none',video: 'health/2014/06/07/sgmd-saturated-fat-meat-bad.cnn',width: '100%',height: '100%',section: 'international',profile: 'expansion',network: 'cnn',markupId: 'body-text_8',theoplayer: {allowNativeFullscreen: true},adsection: 'const-article-inpage',frameWidth: '100%',frameHeight: '100%',posterImageOverride: {\"mini\":{\"height\":144,\"width\":256,\"type\":\"jpg\",\"uri\":\"//cdn.cnn.com/cnnnext/dam/assets/140606204641-sgmd-saturated-fat-meat-bad-00012010-hp-video.jpg\"},\"xsmall\":{\"height\":169,\"width\":300,\"type\":\"jpg\",\"uri\":\"//cdn.cnn.com/cnnnext/dam/assets/140606204641-sgmd-saturated-fat-meat-bad-00012010-story-body.jpg\"},\"small\":{\"height\":360,\"width\":640,\"type\":\"jpg\",\"uri\":\"//cdn.cnn.com/cnnnext/dam/assets/140606204641-sgmd-saturated-fat-meat-bad-00012010-story-top.jpg\"},\"medium\":{\"height\":552,\"width\":980,\"type\":\"jpg\",\"uri\":\"//cdn.cnn.com/cnnnext/dam/assets/140606204641-sgmd-saturated-fat-meat-bad-00012010-horizontal-large-gallery.jpg\"},\"large\":{\"height\":552,\"width\":980,\"type\":\"jpg\",\"uri\":\"//cdn.cnn.com/cnnnext/dam/assets/140606204641-sgmd-saturated-fat-meat-bad-00012010-horizontal-large-gallery.jpg\"},\"full16x9\":{\"height\":552,\"width\":980,\"type\":\"jpg\",\"uri\":\"//cdn.cnn.com/cnnnext/dam/assets/140606204641-sgmd-saturated-fat-meat-bad-00012010-horizontal-large-gallery.jpg\"},\"mini1x1\":{\"height\":60,\"width\":60,\"type\":\"jpg\",\"uri\":\"//cdn.cnn.com/cnnnext/dam/assets/140606204641-sgmd-saturated-fat-meat-bad-00012010-topics.jpg\"}}},autoStartVideo = false,isVideoReplayClicked = false,callbackObj,containerEl,currentVideoCollection = [],currentVideoCollectionId = '',isLivePlayer = false,mediaMetadataCallbacks,mobilePinnedView = null,moveToNextTimeout,mutePlayerEnabled = false,nextVideoId = '',nextVideoUrl = '',turnOnFlashMessaging = false,videoPinner,videoEndSlateImpl;if (CNN.autoPlayVideoExist === false) {autoStartVideo = false;if (autoStartVideo === true) {if (turnOnFlashMessaging === true) {autoStartVideo = false;containerEl = jQuery(document.getElementById(configObj.markupId));CNN.VideoPlayer.showFlashSlate(containerEl);} else {CNN.autoPlayVideoExist = true;}}}configObj.autostart = CNN.Features.enableAutoplayBlock ? false : autoStartVideo;CNN.VideoPlayer.setPlayerProperties(configObj.markupId, autoStartVideo, isLivePlayer, isVideoReplayClicked, mutePlayerEnabled);CNN.VideoPlayer.setFirstVideoInCollection(currentVideoCollection, configObj.markupId);videoEndSlateImpl = new CNN.VideoEndSlate('body-text_8');function findNextVideo(currentVideoId) {var i,vidObj;if (currentVideoId && jQuery.isArray(currentVideoCollection) && currentVideoCollection.length > 0) {for (i = 0; i < currentVideoCollection.length; i++) {vidObj = currentVideoCollection[i];if (typeof vidObj !== 'undefined' && vidObj.videoId === currentVideoId) {if (i < currentVideoCollection.length - 1) {nextVideoId = currentVideoCollection[i + 1].videoId;nextVideoUrl = currentVideoCollection[i + 1].videoUrl;} else {nextVideoId = currentVideoCollection[0].videoId;nextVideoUrl = currentVideoCollection[0].videoUrl;}break;}}if (!nextVideoUrl) {nextVideoId = currentVideoCollection[0].videoId;nextVideoUrl = currentVideoCollection[0].videoUrl;}currentVideoCollectionId = (window.jsmd && window.jsmd.v && window.jsmd.v.eVar60) || nextVideoUrl.replace(/^.+\\/video\\/playlists\\/(.+)\\//, '$1');} else {nextVideoId = '';nextVideoUrl = '';}}findNextVideo('health/2014/06/07/sgmd-saturated-fat-meat-bad.cnn');function navigateToNextVideo(currentVideoId, containerId) {var $endSlate,nextVideoPlayTimeout = 1500;findNextVideo(currentVideoId);if (nextVideoUrl) {moveToNextTimeout = setTimeout(function () {location.href = nextVideoUrl;}, nextVideoPlayTimeout);} else {$endSlate = jQuery(document.getElementById(containerId)).parent().find('.js-video__end-slate').eq(0);if ($endSlate.length > 0) {videoEndSlateImpl.showEndSlateForContainer();if (mobilePinnedView) {mobilePinnedView.disable();}}}}callbackObj = {onPlayerReady: function (containerId) {var playerInstance,containerClassId = '#' + containerId;CNN.VideoPlayer.handleInitialExpandableVideoState(containerId);CNN.VideoPlayer.handleAdOnCVPVisibilityChange(containerId, CNN.pageVis.isDocumentVisible());if (CNN.Features.enableMobileWebFloatingPlayer &&Modernizr &&(Modernizr.phone || Modernizr.mobile || Modernizr.tablet) &&CNN.VideoPlayer.getLibraryName(containerId) === 'fave' &&jQuery(containerClassId).parents('.js-pg-rail-tall__head').length > 0 &&CNN.contentModel.pageType === 'article') {playerInstance = FAVE.player.getInstance(containerId);mobilePinnedView = new CNN.MobilePinnedView({element: jQuery(containerClassId),enabled: false,transition: CNN.MobileWebFloatingPlayer.transition,onPin: function () {playerInstance.hideUI();},onUnpin: function () {playerInstance.showUI();},onPlayerClick: function () {if (mobilePinnedView) {playerInstance.enterFullscreen();playerInstance.showUI();}},onDismiss: function() {CNN.Videx.mobile.pinnedPlayer.disable();playerInstance.pause();}});/* Storing pinned view on CNN.Videx.mobile.pinnedPlayer So that all players can see the single pinned player */CNN.Videx = CNN.Videx || {};CNN.Videx.mobile = CNN.Videx.mobile || {};CNN.Videx.mobile.pinnedPlayer = mobilePinnedView;}if (Modernizr && !Modernizr.phone && !Modernizr.mobile && !Modernizr.tablet) {if (jQuery(containerClassId).parents('.js-pg-rail-tall__head').length) {videoPinner = new CNN.VideoPinner(containerClassId);videoPinner.init();} else {CNN.VideoPlayer.hideThumbnail(containerId);}}},onContentEntryLoad: function(containerId, playerId, contentid, isQueue) {CNN.VideoPlayer.showSpinner(containerId);},onContentPause: function (containerId, playerId, videoId, paused) {if (mobilePinnedView) {CNN.VideoPlayer.handleMobilePinnedPlayerStates(containerId, paused);}},onContentMetadata: function (containerId, playerId, metadata, contentId, duration, width, height) {var endSlateLen = jQuery(document.getElementById(containerId)).parent().find('.js-video__end-slate').eq(0).length;CNN.VideoSourceUtils.updateSource(containerId, metadata);if (endSlateLen > 0) {videoEndSlateImpl.fetchAndShowRecommendedVideos(metadata);}},onAdPlay: function (containerId, cvpId, token, mode, id, duration, blockId, adType) {/* Dismissing the pinnedPlayer if another video players plays an Ad */CNN.VideoPlayer.dismissMobilePinnedPlayer(containerId);clearTimeout(moveToNextTimeout);CNN.VideoPlayer.hideSpinner(containerId);if (Modernizr && !Modernizr.phone && !Modernizr.mobile && !Modernizr.tablet) {if (typeof videoPinner !== 'undefined' && videoPinner !== null) {videoPinner.setIsPlaying(true);videoPinner.animateDown();}}},onAdPause: function (containerId, playerId, token, mode, id, duration, blockId, adType, instance, isAdPause) {if (mobilePinnedView) {CNN.VideoPlayer.handleMobilePinnedPlayerStates(containerId, isAdPause);}},onTrackingFullscreen: function (containerId, PlayerId, dataObj) {CNN.VideoPlayer.handleFullscreenChange(containerId, dataObj);if (mobilePinnedView &&typeof dataObj === 'object' &&FAVE.Utils.os === 'iOS' && !dataObj.fullscreen) {jQuery(document).scrollTop(mobilePinnedView.getScrollPosition());playerInstance.hideUI();}},onContentPlay: function (containerId, cvpId, event) {var playerInstance,prevVideoId;if (CNN.companion && typeof CNN.companion.updateCompanionLayout === 'function') {CNN.companion.updateCompanionLayout('restoreEpicAds');}clearTimeout(moveToNextTimeout);CNN.VideoPlayer.hideSpinner(containerId);if (Modernizr && !Modernizr.phone && !Modernizr.mobile && !Modernizr.tablet) {if (typeof videoPinner !== 'undefined' && videoPinner !== null) {videoPinner.setIsPlaying(true);videoPinner.animateDown();}}},onContentReplayRequest: function (containerId, cvpId, contentId) {if (Modernizr && !Modernizr.phone && !Modernizr.mobile && !Modernizr.tablet) {if (typeof videoPinner !== 'undefined' && videoPinner !== null) {videoPinner.setIsPlaying(true);var $endSlate = jQuery(document.getElementById(containerId)).parent().find('.js-video__end-slate').eq(0);if ($endSlate.length > 0) {$endSlate.removeClass('video__end-slate--active').addClass('video__end-slate--inactive');}}}},onContentBegin: function (containerId, cvpId, contentId) {if (mobilePinnedView) {mobilePinnedView.enable();}/* Dismissing the pinnedPlayer if another video players plays a video. */CNN.VideoPlayer.dismissMobilePinnedPlayer(containerId);CNN.VideoPlayer.mutePlayer(containerId);if (CNN.companion && typeof CNN.companion.updateCompanionLayout === 'function') {CNN.companion.updateCompanionLayout('removeEpicAds');}CNN.VideoPlayer.hideSpinner(containerId);clearTimeout(moveToNextTimeout);CNN.VideoSourceUtils.clearSource(containerId);jQuery(document).triggerVideoContentStarted();},onContentComplete: function (containerId, cvpId, contentId) {if (CNN.companion && typeof CNN.companion.updateCompanionLayout === 'function') {CNN.companion.updateCompanionLayout('restoreFreewheel');}navigateToNextVideo(contentId, containerId);},onContentEnd: function (containerId, cvpId, contentId) {if (Modernizr && !Modernizr.phone && !Modernizr.mobile && !Modernizr.tablet) {if (typeof videoPinner !== 'undefined' && videoPinner !== null) {videoPinner.setIsPlaying(false);}}},onCVPVisibilityChange: function (containerId, cvpId, visible) {CNN.VideoPlayer.handleAdOnCVPVisibilityChange(containerId, visible);}};if (typeof configObj.context !== 'string' || configObj.context.length <= 0) {configObj.context = 'health'.replace(/[\\(\\)\\-]/g, '');}if (typeof configObj.adsection === 'undefined' && typeof window.ssid === 'string' && window.ssid.length > 0) {configObj.adsection = window.ssid;}CNN.autoPlayVideoExist = (CNN.autoPlayVideoExist === true) ? true : false;CNN.VideoPlayer.getLibrary(configObj, callbackObj, isLivePlayer);});CNN.INJECTOR.scriptComplete('videodemanddust');JUST WATCHEDIs saturated fat bad for you?ReplayMore Videos ...MUST WATCH{\"@context\": \"https://schema.org\",\"@type\": \"VideoObject\",\"name\": \"Is saturated fat bad for you?\",\"description\": \"Is fat that bad? Watch Sanjay face off with Nina Teicholz on &quot;Sanjay Gupta MD,&quot; Saturday 4:30pm ET and Sunday 7:30am ET. \",\"thumbnailURL\": \"https://cdn.cnn.com/cnnnext/dam/assets/140606204641-sgmd-saturated-fat-meat-bad-00012010-story-top.jpg\",\"image\": \"https://cdn.cnn.com/cnnnext/dam/assets/140606204641-sgmd-saturated-fat-meat-bad-00012010-story-top.jpg\",\"duration\": \"PT1M57S\",\"uploadDate\": \"2014-06-10T14:20:34Z\",\"contentUrl\": \"https://edition.cnn.com/videos/health/2014/06/07/sgmd-saturated-fat-meat-bad.cnn\",\"url\": \"https://edition.cnn.com/videos/health/2014/06/07/sgmd-saturated-fat-meat-bad.cnn\",\"embedUrl\": \"https://fave.api.cnn.io/v1/fav/?video=health/2014/06/07/sgmd-saturated-fat-meat-bad.cnn&customer=cnn&edition=international&env=prod\"}Is saturated fat bad for you? 01:56\nWhat was surprising was that lower cholesterol was actually associated with an increased risk of dying during the study period, and this was true for both the saturated fat and unsaturated fat diet groups. \nGenerally, a total cholesterol level above 200 mg/dL is considered high and could increase the risk for heart disease. However the opposite effect was seen in this study; every decrease in total cholesterol by 30 mg/dL was associated with a 22% increase in death rate. A total of 517 of the 2,403 participants died during the follow-up period of the study, which was three years on average.\n\"This study is less of one showing harm (associated with a diet rich in unsaturated fat), and more of one saying it is surprising how little evidence there is and what there is does not show benefit,\" said Dr. Christopher E. Ramsden, a medical investigator at the National Institutes of Health and lead author of the study, which was published Tuesday in the journal the BMJ.\nNo reason to change the dietary guidelines\n\"The results should not alter current dietary guidelines that emphasize healthy sources of polyunsaturated fats such as olive oil and other vegetables, nuts, seeds, avocado, fish and seafood in the context of a healthy dietary pattern,\" said Dr. Frank Hu, professor of nutrition and epidemiology at Harvard T.H. Chan School of Public Health and one of the committee members that prepared the advisory report for the 2015 dietary guidelines. These guidelines describe three healthy dietary patterns -- American, Mediterranean and vegetarian -- that consumers can choose from. \nThe current study has several flaws that keep it from being a strong case against polyunsaturated fats, Hu said. For one, the average amount of time people were on the diet was just over a year, which he said is not long enough to have an effect on heart health. \nFor another, a \"cholesterol paradox\" could be at play here, Hu said, because people who are the most frail or unhealthy tend to have lower cholesterol, as well as decreases in blood pressure and body weight. Frailty or other health conditions could have thus explained the association with higher death rates, and not the lower cholesterol and unsaturated fat diet. \nOther research supports the heart benefits of unsaturated fats, including a 1979 study of 676 middle-aged men in mental health hospitals in Finland. One hospital served diets rich in vegetable oils whereas the control hospital served diets rich in milk and butter. After six years on the diets, the men in the unsaturated fat group had lower cholesterol as well as 50% lower rates of heart disease and death. \nIn addition, an analysis of eight randomized controlled trials, including the Minnesota and the Finnish studies, concluded that consuming polyunsaturated fats, including omega-3 and omega-6 fats, instead of saturated fats reduced the overall rate of heart disease by 19%. \nHowever, Ramsden and his colleagues carried out their own analysis of randomized controlled trials as part of the new study and arrived at a different conclusion. They found neither a significant benefit nor a significant harm to replacing saturated fats with polyunsaturated fats. Their analysis only looked at five trials and did not include the Finnish study because it separated the participants into different diets based on their hospital, Ramsden said. \nThe type of unsaturated fat matters\nThere could be several reasons why the unsaturated fat diet in the study might not really be responsible for the increased risk of death, including the cholesterol paradox, according to Sonya Angelone, owner of a nutrition consulting firm in the San Francisco Bay Area and a spokesperson for the Academy of Nutrition and Dietetics.\nHowever if the unsaturated fat diet really did contribute to heart disease and death, in the study, it could be because of the type of unsaturated fat the participants were eating. The diet in the study ratcheted up the level of omega-6s but did not increase the level of omega-3s, found primarily in fatty fish but also avocados, nuts and their oils.\nAngelone recommends people reduce saturated fats in their diet and also try to replace them with omega-3 unsaturated fats. \nFor example, do not swap butter for margarine, as the researchers did in the 1968 Minnesota study. Use liquid oils, and specifically olive oil, walnut oil and avocado oil, which all contain omega-3s, instead of corn oil and seed-based oils, such as sunflower and safflower, which contain omega-6s.\n\"Not all unsaturated fats are the same,\" Angelone said. Although Angelone agrees with the dietary guidelines to opt for oils instead of saturated fats, it is also important to remember to mix up the oils you use and try to consume olive and nut oils as much as possible. ", "date": "April 12, 2016 ", "href": "https://edition.cnn.com/2016/04/12/health/vegetable-oil-heart-health-cholesterol-saturated-fats/index.html", "tags": "good saturated may oils fat fats low cholesterol unsaturated", "title": "'Good fat,' low cholesterol, may not be so good after all"}