{"content": "Is it a coffee separated into its component parts, or a harbinger of humanity's last days? \nA \"deconstructed flat white\" consisting of espresso coffee, milk and hot water served separately in three beakers on a wooden plank has provoked an outpouring of rage in Australia.\nWriter Jamila Rizvi was served the coffee at a Melbourne cafe and posted a photo of it to Facebook, complaining that \"hipsterism has gone too far\". \n\"I wanted a coffee. Not a science experiment. I prefer to drink my beverages out of crockery and not beakers,\" she wrote. \nAt last count, her rant had 15,000 likes and 5,000 comments. Most of Australia's major news websites have now attempted to deconstruct the deconstruction - one went so far as to claim serving coffee in such a manner would \"destroy us once and for all\". \nMany Australians pride themselves on their love of coffee, and Melbourne's cafes, which embody so-called third-wave coffee culture, are justifiably famous throughout the world. \nAustralia's second-largest city is the kind of place where your barista won't blink if you ask for your small-batch single-origin beans to be extracted through a classic wood-necked Chemex drip filter. \nSo why is it that the deconstructed flat white has people blowing steam out of their ears? \nBarista Nolan Hirte owns Proud Mary, an award-winning Melbourne cafe that is expanding to Portland in the US. \nHe thinks consumers have become cynical in an overcrowded market, where it's tempting for cafe owners to search for a gimmick to get people through the door. \n\"What frustrates me is that what we do here is real and it's incredible, and I get tagged with 'hipster' and 'cool kids',\" he says. \n\"I think everyone's just fed up because there is a lot of noise in Melbourne right now and there isn't much substance.\n\"There aren't really many people doing something from a place where they understand why.\"\nMr Hirte, who sources beans from families in Honduras, is deadly serious about crafting the perfect cup of coffee and he doesn't see the point of a deconstructed flat white.\n\"I don't think it highlights or showcases the coffee any better,\" he says. \n\"Deconstructed coffee\" is not Australian. Nor is it particularly new. \nSlate Coffee Roasters in Seattle serves a deconstructed latte in three glasses - one contains milk, one contains coffee, and the other is a traditional latte. \nAnd the French have long reserved the option to have their steamed milk served in a pitcher on the side when ordering a caf\u00e9 au lait. \nMs Rizvi says a sense of bewilderment inspired her original rant. \n\"More than anything, it was not quite knowing what I was supposed to do,\" she told the BBC. \"It makes you feel silly if you can't figure out how to drink it.\"\nShe became increasingly bemused as her Facebook post took on a life of its own, spawning multiple stories and requests for interviews. \n\"For most people who are coffee drinkers it is a daily if not several-times-daily habit, so it's easy to have an opinion on,\" she says. \nBut Ms Rizvi refuses to divulge the name of the coffee shop in question and wants to clarify something - the coffee tasted great.  \n\"It was an excellent coffee. But it was probably a stronger milk-to-coffee ratio than I'd normally have.\"\nShe pauses and reflects for a split second, then adds: \"I feel so ridiculous saying this.\"", "date": "1 June 2016", "href": "https://www.bbc.co.uk/news/world-australia-36423824", "tags": "flat coffee gets rizvi beakers deconstructed melbourne hot australia frothing cafe milk hirte", "title": "'Hipster coffee' gets Australia hot and frothing"}