{"content": "Seventy-two-year-old Barry Fox is one of hundreds of people saved from scams after bank staff stopped him spending \u00a310,000 on a fictitious Rolls-Royce.\nThe retired lorry driver went into his Barclays branch intending to withdraw the cash to pay for the luxury car he saw on an internet auction site.\nStaff were concerned and used a new system to alert police to the case and, within 30 minutes, officers were there.\nThey made checks and alerted Mr Fox to the fact he was about to be scammed.\nThis was one of 1,262 calls made by bank staff to police or trading standards under the Banking Protocol system that should see an officer arrive to offer help within an hour.\nUK Finance, which represents the major banks, said this had saved potential victims a combined total of \u00a39.1m in its first year of operation. Individuals had been saved between \u00a399 and \u00a3212,000 each.\nMr Fox had received some inheritance and decided to spend it on his dream car.\nThe seller told him that they would pick him up from a railway station and then travel to a countryside location to pick up the car. He would pay \u00a310,000 in cash. Bank staff said it \"didn't seem right\".\nThe police officers alerted him to the fact that the car was registered hundreds of miles away. The details of the seller on eBay did not match the business which had the car, so there was no realistic possibility of buying it.\n\"I might have gone there with \u00a310,000 in my pocket and been knocked over the head with a stick or something,\" said Mr Fox.\nMr Fox was simply advised not to take out the money in this case. Eventually he bought another Rolls-Royce being sold legitimately. \nIn other cases in the last 12 months, 101 arrests have been made after calls were made by concerned bank staff.\nThe system has been introduced gradually across the country since May and nearly all UK police forces are now signed up.\nKaty Worobec, from UK Finance, said: \"The finance industry is determined to crack down on fraud and is taking action on all fronts. The protocol is an important weapon in our armoury.\"\nOther cases of fraud prevention by banks include:\nOne consumer group said the system should be extended to other types of scam.\nAlex Neill, of Which?, said this was a small part of a wider problem. \"In the first six months of 2017, more than \u00a3100m was lost to bank transfer scams,\" she said.\nShe urged banks to introduce \"similarly robust measures\" to deal with online scams \"where consumers remain vulnerable\".\nAnyone worried about fraud can contact the Citizens Advice consumer helpline on 03454 040506. Cases can be reported to Action Fraud.", "date": "13 December 2017", "href": "https://www.bbc.co.uk/news/business-42323411", "tags": "protocol car concerned seller scams scam saved", "title": "'I was saved from a \u00a310,000 car scam'"}