{"content": "Fliers and stickers reading \u201cIT\u2019S OKAY TO BE WHITE\u201d have recently been plastered on school campuses and streets across the country.\u00a0\nThe phrase has been posted as a part of a coordinated effort that originated in a 4chan chat room. On October 31, an anonymous user posted directions for others to \u201cput on silly [H]alloween costume for anonymity\u201d and post the signs on \u201ccampuses (and elsewhere).\u201d\nThe post said that the signs will gain media attention and \u201cnormies\u201d \u2015 what white supremacists refer to white Americans as \u2015 will realize journalists and leftists \u201chate white people,\u201d leading them to \u201cturn on them.\u201d The anonymous user wrote that it would be a \u201cmassive victory for the right in the culture war\u201d by killing media outlets\u2019 credibility and producing more of \u201cour guys.\u201d\nSince Halloween, the posters have appeared at Concordia College in Moorhead, Minnesota, Tulane University in New Orleans, Montgomery Blair High School in Silver Spring, Maryland and campuses in Cambridge, Massachusetts, including the Harvard Yard. They\u2019ve also been spotted in Rocky River, Ohio, at the University of Alberta in Canada and covering Black Lives Matter signs in East Grand Rapids, Michigan. One Twitter user reported seeing the signs in Seattle.\nUniversity leaders and community officials have spoken out about the signs.\u00a0\nRenay Johnson, Montgomery Blair\u2019s principal, said that the school is investigating the signs in a letter sent home to students\u2019 families. She added in the letter the school\u2019s community was \u201csmart, diverse and inclusive\u201d and that it would not \u201cfall victim to attempts to divide us,\u201d per The Washington Post.\nEast Grand Rapids City Commissioners met to condemn the signs on Monday.\u00a0\n\u201cWith the kind of world that I\u2019m trying to build for my son, I\u2019m deeply offended, the outrage knows no bounds,\u201d East Grand Rapids First Ward Commissioner Chad Zagel said during the meeting.\nAfter school officials took signs down for not adhering to school policies, Concordia President William Craft said he wanted to hold a public forum to engage students around the topic. He followed up with an additional statement on the university\u2019s Facebook.\n\u201cThe affirmation of human dignity means that we are an inclusive community: there is and must be a place here for people of different ethnicities and skin colors, of different faith traditions or no faith traditions, of different nations, of different gender identities, of different political convictions,\u201d he wrote. \u201cIn that sense, it is indeed okay to be white\u2014and to be black, to be brown, to be Christian, to be Muslim, to be straight, to be gay, to be conservative, to be liberal, and so on. We are stronger for this diversity of identities.\u201d\nHe continued, \u201cAt the same time, we recognize that the poster message speaks in its silence as well as in its words.... It speaks in the silence of not acknowledging that it is all too often not \u2018okay\u2019 to be other than white. To be other than white is all too often to be subjected to discrimination, lack of opportunity, and even the threat and reality of violence.\u201d\nMany of the signs have been taken down, but the phrase has continued to spread on Twitter as a hashtag.\u00a0\nThe posts come at a time when white nationalists have become more visible and emboldened. As the Post notes,\u00a0the Southern Poverty Law Center recently found that the group is working to target college students. In the months following the 2016 election, SPLC found more than 150 reports of white nationalists fliers and recruitment materials on campuses.\u00a0", "date": "\n11/07/2017", "href": "https://www.huffpost.com/entry/its-okay-to-be-white-signs_n_5a01c91ce4b0368a4e87165e", "tags": "okay traditions u-s- rapids campuses signs schools white cities across appear", "title": "'It's Okay To Be White' Signs Appear In Schools, Cities Across The U-S-"}