{"content": "Story highlightsLesley Gore hit No. 1 with \"It's My Party\" in 1963Her hit \"You Don't Own Me\" became feminist anthemGore was also nominated for an Oscar\n (CNN)Lesley Gore, whose No. 1 hit \"It's My Party\" kicked off a successful singing career while she was still in high school, has died. She was 68.\nHer death was confirmed by family friend Blake Morgan, who produced her 2005 album, \"Ever Since.\"\n\n\"We loved her and we are very sad. She was an incredibly powerful, incredibly beautiful talent,\" he said.\nAccording to People magazine, the cause of death was cancer.\nGore, born Lesley Sue Goldstein, had just turned 17 when \"It's My Party,\" produced by Quincy Jones, topped the charts in June 1963. The song, about a girl whose party is ruined when she catches her boyfriend, Johnny, with a rival, became a pop classic, its catchy chorus often imitated.\nShe was an overnight success, with fans suddenly converging on her family's house in Tenafly, New Jersey.\n\"When the disc jockey ... would say, 'That was Lesley Gore, the sweetie pie from Tenafly,' well, people just came to Tenafly. You know, I'd wake up and there were people camped out on the grass,\" she said in an interview, according to Biography.com.  \nThe follow-ups, \"Judy's Turn to Cry\" and \"She's a Fool,\" were in a similar teen-love vein, but Gore's next hit, \"You Don't Own Me,\" was something else entirely.\n\"You Don't Own Me,\" also produced by Jones, was a dramatic assertion of independence and pride. Released in late 1963, it peaked at No. 2, kept out of the top spot by the Beatles' \"I Want to Hold Your Hand.\" Over the years the song, written by John Madara and Dave White, became a feminist anthem, recorded by such artists as Dusty Springfield and Joan Jett. \nDuring the 2012 presidential campaign, a number of celebrities -- including Lena Dunham, Tavi Gevinson and Carrie Brownstein -- appeared in a commercial lip-synching the song in an effort to urge women to vote. \n \n\"It's hard for me to believe but we're still fighting for the same things we were then,\" Gore wrote on her Facebook page in 2012. \"Yes, ladies, we've got to come together and get out there and vote and protect our bodies. They're ours. Please vote.\"\nThe political activism suited Gore. After her singing career started winding down in the late '60s, she volunteered for Robert Kennedy's 1968 presidential campaign. She later worked for New York politician Bella Abzug and such projects as a Bronx community health organization, healthpeople.org.  \n\"I worked for people like Robert Kennedy and I thought: 'Wow, that's what it's about. That's how you change the world,' \" she told The New York Times in 2005. \nShe also did some acting, playing Pussycat, a Catwoman sidekick, on the TV series \"Batman.\"\nAs an adult Gore came out publicly as a lesbian, though she told the website AfterEllen.com she never tried to hide her sexuality.  \n\"I just never found it was necessary because I really never kept my life private. Those who knew me, those who worked with me, were well aware,\" she said in 2005. \"Times were very different then, so, you know, I just tried to live as normally as humanly possible. But as truthfully as humanly possible.\"\nShe had some songwriting success with a tune she co-wrote with her brother Michael, \"Out Here on My Own,\" a song from the 1980 film \"Fame\" that was nominated for an Oscar, but she went almost 30 years before releasing an album of new material in 2005. \"Ever Since,\" a low-key collection of songs, was \"very sparse, very organic,\" Gore told The New York Times.\nShe had continued to perform, however, always ready to trot out \"It's My Party\" and her other hits.\n\"If I've learned anything in this business, how stupid would it be not to do 'It's My Party' when people come to hear it?\" she said.\nGore is survived by her partner of more than 30 years, jewelry designer Lois Sasson. \nPeople we lost in 2015", "date": "February 17, 2015 ", "href": "https://edition.cnn.com/2015/02/16/entertainment/feat-lesley-gore-obit/index.html", "tags": "singer tenafly lesley dead gore party", "title": "'It's My Party' singer Lesley Gore dead"}