{"content": "The BBC's weekly The Boss series profiles a different business leader from around the world. This week we speak to Bill McDermott, the chief executive of German business software group SAP.\nWhen Bill McDermott lost an eye in a freak accident three years ago, he returned to work as soon as he could.\nThe American boss of Germany's SAP spent almost 10 hours in an operating theatre in 2015, after he fell down the stairs at his brother's home while holding a glass of water, which shattered into his face and neck.\nRecovering after the operation, which cost him his left eye, his first thoughts were to telephone SAP to assure colleagues that he was fine. Two months later Mr McDermott was back at work.\n\"It never, in my wildest imagination, entered my mind that I wasn't coming back to work,\" he says, speaking at SAP's North American headquarters in New York.\nThe 57-year-old's swift return to the office is indicative of the drive and work ethic that has helped him rise from owning a delicatessen aged just 16, to becoming the highest-paid boss of a German public company - last year he was awarded \u20ac21.8m ($24.8m; \u00a319.5m) in pay and benefits.\nRaised in a working-class household in Long Island just outside New York City, Mr McDermott got his first job at the age of 11 delivering newspapers, so that he could help with the family finances.\nStints then followed at an Italian restaurant, a petrol station and a supermarket, before he started working at a local deli.\n\"My little jobs, whether I was delivering newspapers or working at a supermarket, I loved them all. I loved work because I wanted to be somebody,\" he recalls.\nWhen the owner of the deli wanted out, Mr McDermott, aged 16, offered to buy the business. \nHe didn't have the money, but in an early display of his knack for deal-making, he convinced the owner to lend him some of the funds.\nHe made such a success of the shop that he was able to fund himself through college, repay the loan, and buy his parents a holiday home.\nHe entered the corporate world in 1983 when he got an entry-level sales position at then-photocopying giant Xerox.\nHe wasn't shy about his ambition. In his 2014 memoir he recalls telling the Xerox hiring manager, \"Sir, one day I would hope to become the CEO.\"\nMr McDermott quickly rose through the ranks at Xerox, but ultimately grew frustrated as the firm struggled to adapt to the changes wrought by advances in computers and email.\nIn 2000, after 17 years, he left for a job at business research and consultancy group Gartner, then worked at software company Siebel Systems.\nIn 2002, SAP brought him on to lead and reinvigorate its North American sales.\nEight years later he was named co-chief executive of the whole business. \"That was the call I was waiting for all my life,\" he says. \"I finally felt, at least for a few days, that I had arrived.\"\nIn 2014 Mr McDermott took over as SAP's sole chief executive, the first American to head the company, and the only American leading a business listed on the Dax, the main German share index.\nThe promotion prompted fears of layoffs at the business, and worries that SAP faced an unwanted \"Americanisation\", according to news reports at the time.\nFormer colleagues at Xerox also questioned whether a colourful American could successfully lead a staid German business.\nAnne Mulcahy, a previous chief executive of Xerox, told CNBC in July last year: \"Bill is kind of an out-there kind of guy. I mean, we all wanted him to be wildly successful [at SAP]. But I gotta tell you, we were all saying, 'Could this possibly work?'\"\nMore The Boss features, which every week profile a different business leader from around the world:\nMr McDermott says he \"did not get caught up\" in any of the doubts about his suitability to lead SAP.\nInstead, he led a charge into new areas, aiming to keep the firm on top of the the massive changes occurring in the software and data industries.\nUnder his leadership, the 46-year-old company has made a series of acquisitions, expanding its product range, and moving into cloud computing.\nRevenues have soared, rising to nearly \u20ac23.5bn ($26.7bn; \u00a321bn) last year, almost 90% higher than in 2010 when Mr McDermott initially became co-chief executive.\nOver the same period SAP's profits have more than doubled, and the share price has climbed from about \u20ac38 to \u20ac94, making it the most valuable company on the Dax.\nMr McDermott says that whether at SAP or Xerox, he has always been guided by the lessons he learned behind the deli counter as a teenager.\n\"In this business or in that little old delicatessen, it was always about understanding that customer, not just what they need today, but what they're going to need next,\" he says.\nPaul Saunders, a research director at Gartner, says that at times SAP's rhetoric about serving customers has failed to match reality, pointing to a recent controversy about how the firm disclosed certain fees to customers.\n\"They've owned up to those missteps, but that taste in people's mouths just doesn't go away very quickly,\" says Mr Saunders.\nHowever, he adds that Mr McDermott's charisma should be an asset to SAP as the firm tries to evolve from being \"just a bunch of really smart, technical German engineering people, to a company that understands what businesses need\".\nMr McDermott's current contract runs until 2021. Whatever happens in the future, he says he has no intention of slowing down.\n\"I'm a worker and I love work, and I will always work,\" he says. \"I think about retirement as a punishment.\"", "date": "20 August 2018", "href": "https://www.bbc.co.uk/news/business-44894414", "tags": "deli never mind xerox back mcdermott coming entered sap", "title": "'It never entered my mind that I wasn't coming back'"}