{"content": "Story highlightsJohnny Kemp is \"believed to have drowned at a beach in Montego Bay,\" police sayHe is best known for the 1988 hit \"Just Got Paid\"\n (CNN)Bahamian R&B singer Johnny Kemp, best known for the 1988 party anthem \"Just Got Paid,\" died this week in Jamaica.\nThe singer is believed to have drowned at a beach in Montego Bay on Thursday, the Jamaica Constabulatory Force said in a press release. The statement listed his age as 54, but other reports say he was 55.\n\n\"Passersby saw Kemp's body floating faced down in the water\" around 9:50 a.m., the statement said. \"Police were summoned and the body removed to the morgue.\"\nKemp was scheduled to perform on the Tom Joyner Foundation Fantastic Voyage Cruise, parent company Reach Media Inc. said in a statement. He had not boarded the ship.\nJohnny Kemp was scheduled to perform on the Tom Joyner Foundation Fantastic Voyage Cruise.{\"@context\": \"http://schema.org\",\"@type\": \"ImageObject\",\"name\": \"Johnny Kemp was scheduled to perform on the Tom Joyner Foundation Fantastic Voyage Cruise.\",\"description\": \"Johnny Kemp was scheduled to perform on the Tom Joyner Foundation Fantastic Voyage Cruise.\",\"url\": \"//cdn.cnn.com/cnnnext/dam/assets/150418141410-tease-johnny-kemp---restricted-large-169.jpg\",}\n\"Just Got Paid\"  was a No. 1 hit on the U.S. Billboard R&B chart and earned Kemp a Grammy nomination. Boy band 'NSYNC covered the song in the 2000 album, \"No Strings Attached.\"\nFormer 'NSYNC member Chris Kirkpatrick was one of many entertainers who paid tribute to Kemp on social media.\n\"Thank you for the great music,\" he said in a tweet.\nSamuel L. Jackson and MC Hammer were among others who shared condolences, calling him a \"humble and kind spirit.\"\nPeople we've lost in 2015", "date": "April 18, 2015 ", "href": "https://edition.cnn.com/2015/04/18/entertainment/feat-singer-johnny-kemp-dies/index.html", "tags": "voyage fantastic johnny jamaica perform dies joyner singer paid tom got kemp", "title": "'Just Got Paid' singer Johnny Kemp dies"}