{"content": "Story highlightsSwedish-born actress Anita Ekberg died Sunday in Italy, her adopted homeShe often said that \"La Dolce Vita\" director Federico Fellini owed his success to her\n (CNN)Anita Ekberg, the Swedish-born actress whose role in \"La Dolce Vita\" made her into an international symbol of sensuality, died in Italy on Sunday. \nHer death was widely reported in Italian media, citing complications from a longtime illness. She was 83.\n\nEkberg died in the country that made her an international star thanks to her turn as Sylvia, Marcello Mastroianni's unattainable dream woman the 1960 Federico Fellini classic. However, she was often quoted as saying that Fellini owed his fame to her, not the other way around.\nAnita Ekberg was immortalized in the fountain scene from 'La Dolce Vita.'{\"@context\": \"http://schema.org\",\"@type\": \"ImageObject\",\"name\": \"Anita Ekberg was immortalized in the fountain scene from &#39;La Dolce Vita.&#39;\",\"description\": \"Anita Ekberg was immortalized in the fountain scene from &#39;La Dolce Vita.&#39;\",\"url\": \"//cdn.cnn.com/cnnnext/dam/assets/150111142153-ekberg-dolce-vita---restricted-large-169.jpg\",}\nA scene from \"La Dolce Vita\" of her bathing in Rome's Trevi fountain, clad in a black gown with a plunging neckline, cemented her sex symbol status, a designation she would later refer to as a \"handicap.\"\nAmerican singer-songwriter Bob Dylan also immortalized Ekberg in the song \"I Shall Be Free.\"\nBorn in Malmo, Sweden, in 1931, Ekberg's road to stardom began in 1950, when she represented Sweden in the Miss Universe competition, according to internet movie database IMDb. She did not win, but she landed a modeling contract in the United States, where she posed for Playboy and American pinup magazines. \nShe landed Hollywood roles over the next decade that played on her beauty and her voluptuous figure. She appeared in the comedy \"Abbott and Costello Go to Mars\" as a guard on the planet Venus. She also appeared in two comedies with Dean Martin and Jerry Lewis, \"Artists and Models\" and \"Hollywood or Bust,\" and another with Bob Hope, \"Paris Holiday.\" \nShe made Italy her home after her breakthrough role, where she continued to pursue a career in TV and film, though she drew more attention for her personal life, which included two marriages. \nShe was absent from the public eye in recent years. According to Italian media, she had grown destitute over the years, with little financial recourse when she became began suffering the setbacks of old age.\nPeople we lost in 2015", "date": "January 11, 2015 ", "href": "https://edition.cnn.com/2015/01/11/showbiz/feat-anita-ekberg-dies/index.html", "tags": "dolce immortalized la dies symbol actress federico fellini fountain vita sex ekberg bob anita", "title": "'La Dolce Vita' actress and 1950s sex symbol Anita Ekberg dies"}