{"content": "How would candidate Donald Trump campaign against his presidential self?\nThe \u201cLate Show\u201d imagined such a scenario on Friday by playing audio of some of the verbal attacks Trump made on former President Barack Obama over footage of Trump from the last four weeks.\u00a0\n\u201cThis guy plays more golf than people on the PGA tour,\u201d quipped candidate Trump, while photographs of President Trump on the green flashed onscreen.\nCheck out the full segment above.", "date": "\n02/18/2017", "href": "https://www.huffpost.com/entry/late-show-donald-trump-candidate-campaign_n_58a7fc48e4b037d17d282c92", "tags": "plays candidate verbal show self imagines running donald president imagined trump", "title": "'Late Show' Imagines Candidate Donald Trump Running Against President Donald Trump"}