{"content": "The leader of Germany's right-wing, anti-immigration AfD party has been criticised for trying to give a positive spin to the Nazi-era word \"voelkisch\" (\"people's\" or \"national\").\nFrauke Petry said it was wrong to equate \"voelkisch\" with \"racist\". It is simply the adjective for \"Volk\" (\"People\"), she told Welt am Sonntag. \nThe Nazis used the term \"voelkisch\" to set Germans apart from Jews and others they labelled \"racially inferior\".\nA Nazi daily propagandised that idea.\nVoelkischer Beobachter (\"People's Observer\") was a vehicle for Nazi racist ideology. In 2009 controversial reprints of the Nazi daily were confiscated by the authorities when they appeared in a publication called Zeitungszeugen (\"Newspaper Witnesses\").\nIn the German newspaper interview on Sunday, Frauke Petry said \"we should work to restore a positive connotation to this concept\".\nHer Alternative for Germany (AfD) is polling strongly, and for the first time beat Chancellor Angela Merkel's Christian Democrats (CDU) into third place in a regional election on 4 September, coming second in Mecklenburg-Western Pomerania.\nThe party got 7.8% in local council elections on Sunday in Lower Saxony, in Germany's north-west. That put it fourth, behind the CDU, SPD and Greens.\nProfile: German right-wing AfD leader Frauke Petry\nWhat does Alternative for Germany (AfD) want?\nThe bedrock of AfD support is in the former communist east. Another key regional election will be held in Berlin on 18 September.\nJournalist Kai Biermann condemned Ms Petry's stance, writing in the daily Die Zeit (in German), with an article entitled \"'Voelkisch' is not just any adjective\".\n\"Voelkischer Beobachter was the strongest Nazi daily in terms of circulation, it was the Nazis' campaign sheet,\" he wrote.\n\"The term 'voelkisch' is a synonym for extreme nationalism and even for racism. To this day it is a symbol of Nazism and its ideology of eradicating and killing anything non-German,\" he said.\nA leading MP in the centre-left Social Democrats (SPD), Niels Annen, tweeted that \"this is no longer a joke: the AfD is openly wooing far-right nationalists - Petry wants to give the Nazis' central concept a positive connotation\".\nThe German online dictionary Duden gives the following definition of \"voelkisch\": \nThe AfD has no MPs in the federal parliament (Bundestag), but has seats in nine of the 16 regional parliaments. \nThe party's manifesto says that Islam \"does not belong\" to German society, while accepting that moderate Muslims who integrate can be good citizens.", "date": "12 September 2016", "href": "https://www.bbc.com/news/world-europe-37337927", "tags": "revived concept word petry afd german positive beobachter adjective voelkisch chief frauke", "title": "'Nazi word' revived by German AfD chief"}