{"content": "Political figures, business leaders, celebrities and others used social media to share their grief for the victims of the mass shootings in New Zealand on Friday.\u00a0\u00a0\nAt least 40 people were killed and dozens injured in the attack at two Christchurch mosques. In one of the mosques, hundreds of worshippers were in the middle of Friday prayers when the gunman opened fire, according to Radio New Zealand.\u00a0\nFour people have been arrested.\u00a0\nOn social media, people from all over the world came together to send their sympathies to New Zealand and to express rage at the perpetrators:\u00a0", "date": "\n03/15/2019", "href": "https://www.huffpost.com/entry/new-zealand-massacre-reaction_n_5c8b2c1ae4b0d7f6b0f1963d", "tags": "zealand sympathies opened prayers share celebs celebrities send politicians heartbreak others perpetrators darkest twitter", "title": "'New Zealand's Darkest Day'- Celebs, Politicians, Others Share Heartbreak On Twitter"}