{"content": "Story highlightsSuzanne Crough was the youngest member of TV's \"Partridge Family\"Crough died Monday at 52 in Nevada\n (CNN)Suzanne Crough, the child actress who portrayed youngest daughter Tracy on the '70s musical sitcom \"The Partridge Family,\" has died. She was 52.\nCrough passed away Monday at home in Laughlin, Nevada, the Clark County Coroner's Office said.\n\nTracy played tambourine and percussion in the traveling \"Partridge Family\" band. The group consisted of a widowed mom, played by Shirley Jones, and her five children, played by David Cassidy, Susan Dey, Danny Bonaduce, Brian Forster and Crough. Band manager Reuben Kincaid, played by Dave Madden, rounded out the cast. \n'use strict';CNN.Videx = CNN.Videx || {};CNN.Videx.mobile = {};CNN.INJECTOR.executeFeature('video').then(function () {CNN.VideoPlayer.handleUnmutePlayer = function handleUnmutePlayer(containerId, dataObj) {'use strict';var playerInstance,playerPropertyObj,rememberTime,unmuteCTA,unmuteIdSelector = 'unmute_' + containerId,isPlayerMute;dataObj = dataObj || {};if (CNN.VideoPlayer.getLibraryName(containerId) === 'fave') {playerInstance = FAVE.player.getInstance(containerId) || null;} else {playerInstance = containerId && window.cnnVideoManager.getPlayerByContainer(containerId).videoInstance.cvp || null;}isPlayerMute = (typeof dataObj.muted === 'boolean') ? dataObj.muted : false;if (CNN.VideoPlayer.playerProperties && CNN.VideoPlayer.playerProperties[containerId]) {playerPropertyObj = CNN.VideoPlayer.playerProperties[containerId];}if (playerPropertyObj.mute && playerPropertyObj.contentPlayed) {if (isPlayerMute === false) {unmuteCTA = jQuery(document.getElementById(unmuteIdSelector));playerInstance.unmute();if (unmuteCTA.length > 0) {unmuteCTA.removeClass('video__unmute--active').addClass('video__unmute--inactive');unmuteCTA.off('click');rememberTime = 0;if (rememberTime < 0) {rememberTime = 360 / 60;}CNN.Utils.storeLocalValue('unmute_entertainment', 'X', rememberTime);}} else {playerInstance.mute();}}};CNN.VideoPlayer.showFlashSlate = function showFlashSlate(container) {'use strict';var $vidEndSlate;$vidEndSlate = container.parent().find('.js-video__end-slate').eq(0);if ($vidEndSlate.length > 0) {$vidEndSlate.find('.l-container').html('<a href=\"https://get.adobe.com/flashplayer/\" target=\"_blank\"><div class=\"flash-slate\"></div></a>');$vidEndSlate.removeClass('video__end-slate--inactive').addClass('video__end-slate--active');}};CNN.autoPlayVideoExist = (CNN.autoPlayVideoExist === true) ? true : false;var configObj = {thumb: 'none',video: 'us/2011/10/05/nr-intv-david-cassidy-sony.cnn',width: '100%',height: '100%',section: 'international',profile: 'expansion',network: 'cnn',markupId: 'body-text_6',theoplayer: {allowNativeFullscreen: true},adsection: 'const-article-inpage',frameWidth: '100%',frameHeight: '100%',posterImageOverride: {\"mini\":{\"height\":144,\"width\":256,\"type\":\"JPG\",\"uri\":\"//cdn.cnn.com/cnnnext/dam/assets/111005084054-nr-intv-david-cassidy-sony-00002001-hp-video.jpg\"},\"xsmall\":{\"height\":169,\"width\":300,\"type\":\"JPG\",\"uri\":\"//cdn.cnn.com/cnnnext/dam/assets/111005084054-nr-intv-david-cassidy-sony-00002001-story-body.jpg\"},\"small\":{\"height\":360,\"width\":640,\"type\":\"JPG\",\"uri\":\"//cdn.cnn.com/cnnnext/dam/assets/111005084054-nr-intv-david-cassidy-sony-00002001-story-top.jpg\"},\"medium\":{\"height\":552,\"width\":980,\"type\":\"JPG\",\"uri\":\"//cdn.cnn.com/cnnnext/dam/assets/111005084054-nr-intv-david-cassidy-sony-00002001-horizontal-large-gallery.jpg\"},\"large\":{\"height\":552,\"width\":980,\"type\":\"JPG\",\"uri\":\"//cdn.cnn.com/cnnnext/dam/assets/111005084054-nr-intv-david-cassidy-sony-00002001-horizontal-large-gallery.jpg\"},\"full16x9\":{\"height\":552,\"width\":980,\"type\":\"JPG\",\"uri\":\"//cdn.cnn.com/cnnnext/dam/assets/111005084054-nr-intv-david-cassidy-sony-00002001-horizontal-large-gallery.jpg\"},\"mini1x1\":{\"height\":60,\"width\":60,\"type\":\"JPG\",\"uri\":\"//cdn.cnn.com/cnnnext/dam/assets/111005084054-nr-intv-david-cassidy-sony-00002001-topics.jpg\"}}},autoStartVideo = false,isVideoReplayClicked = false,callbackObj,containerEl,currentVideoCollection = [],currentVideoCollectionId = '',isLivePlayer = false,mediaMetadataCallbacks,mobilePinnedView = null,moveToNextTimeout,mutePlayerEnabled = false,nextVideoId = '',nextVideoUrl = '',turnOnFlashMessaging = false,videoPinner,videoEndSlateImpl;if (CNN.autoPlayVideoExist === false) {autoStartVideo = false;if (autoStartVideo === true) {if (turnOnFlashMessaging === true) {autoStartVideo = false;containerEl = jQuery(document.getElementById(configObj.markupId));CNN.VideoPlayer.showFlashSlate(containerEl);} else {CNN.autoPlayVideoExist = true;}}}configObj.autostart = CNN.Features.enableAutoplayBlock ? false : autoStartVideo;CNN.VideoPlayer.setPlayerProperties(configObj.markupId, autoStartVideo, isLivePlayer, isVideoReplayClicked, mutePlayerEnabled);CNN.VideoPlayer.setFirstVideoInCollection(currentVideoCollection, configObj.markupId);videoEndSlateImpl = new CNN.VideoEndSlate('body-text_6');function findNextVideo(currentVideoId) {var i,vidObj;if (currentVideoId && jQuery.isArray(currentVideoCollection) && currentVideoCollection.length > 0) {for (i = 0; i < currentVideoCollection.length; i++) {vidObj = currentVideoCollection[i];if (typeof vidObj !== 'undefined' && vidObj.videoId === currentVideoId) {if (i < currentVideoCollection.length - 1) {nextVideoId = currentVideoCollection[i + 1].videoId;nextVideoUrl = currentVideoCollection[i + 1].videoUrl;} else {nextVideoId = currentVideoCollection[0].videoId;nextVideoUrl = currentVideoCollection[0].videoUrl;}break;}}if (!nextVideoUrl) {nextVideoId = currentVideoCollection[0].videoId;nextVideoUrl = currentVideoCollection[0].videoUrl;}currentVideoCollectionId = (window.jsmd && window.jsmd.v && window.jsmd.v.eVar60) || nextVideoUrl.replace(/^.+\\/video\\/playlists\\/(.+)\\//, '$1');} else {nextVideoId = '';nextVideoUrl = '';}}findNextVideo('us/2011/10/05/nr-intv-david-cassidy-sony.cnn');function navigateToNextVideo(currentVideoId, containerId) {var $endSlate,nextVideoPlayTimeout = 1500;findNextVideo(currentVideoId);if (nextVideoUrl) {moveToNextTimeout = setTimeout(function () {location.href = nextVideoUrl;}, nextVideoPlayTimeout);} else {$endSlate = jQuery(document.getElementById(containerId)).parent().find('.js-video__end-slate').eq(0);if ($endSlate.length > 0) {videoEndSlateImpl.showEndSlateForContainer();if (mobilePinnedView) {mobilePinnedView.disable();}}}}callbackObj = {onPlayerReady: function (containerId) {var playerInstance,containerClassId = '#' + containerId;CNN.VideoPlayer.handleInitialExpandableVideoState(containerId);CNN.VideoPlayer.handleAdOnCVPVisibilityChange(containerId, CNN.pageVis.isDocumentVisible());if (CNN.Features.enableMobileWebFloatingPlayer &&Modernizr &&(Modernizr.phone || Modernizr.mobile || Modernizr.tablet) &&CNN.VideoPlayer.getLibraryName(containerId) === 'fave' &&jQuery(containerClassId).parents('.js-pg-rail-tall__head').length > 0 &&CNN.contentModel.pageType === 'article') {playerInstance = FAVE.player.getInstance(containerId);mobilePinnedView = new CNN.MobilePinnedView({element: jQuery(containerClassId),enabled: false,transition: CNN.MobileWebFloatingPlayer.transition,onPin: function () {playerInstance.hideUI();},onUnpin: function () {playerInstance.showUI();},onPlayerClick: function () {if (mobilePinnedView) {playerInstance.enterFullscreen();playerInstance.showUI();}},onDismiss: function() {CNN.Videx.mobile.pinnedPlayer.disable();playerInstance.pause();}});/* Storing pinned view on CNN.Videx.mobile.pinnedPlayer So that all players can see the single pinned player */CNN.Videx = CNN.Videx || {};CNN.Videx.mobile = CNN.Videx.mobile || {};CNN.Videx.mobile.pinnedPlayer = mobilePinnedView;}if (Modernizr && !Modernizr.phone && !Modernizr.mobile && !Modernizr.tablet) {if (jQuery(containerClassId).parents('.js-pg-rail-tall__head').length) {videoPinner = new CNN.VideoPinner(containerClassId);videoPinner.init();} else {CNN.VideoPlayer.hideThumbnail(containerId);}}},onContentEntryLoad: function(containerId, playerId, contentid, isQueue) {CNN.VideoPlayer.showSpinner(containerId);},onContentPause: function (containerId, playerId, videoId, paused) {if (mobilePinnedView) {CNN.VideoPlayer.handleMobilePinnedPlayerStates(containerId, paused);}},onContentMetadata: function (containerId, playerId, metadata, contentId, duration, width, height) {var endSlateLen = jQuery(document.getElementById(containerId)).parent().find('.js-video__end-slate').eq(0).length;CNN.VideoSourceUtils.updateSource(containerId, metadata);if (endSlateLen > 0) {videoEndSlateImpl.fetchAndShowRecommendedVideos(metadata);}},onAdPlay: function (containerId, cvpId, token, mode, id, duration, blockId, adType) {/* Dismissing the pinnedPlayer if another video players plays an Ad */CNN.VideoPlayer.dismissMobilePinnedPlayer(containerId);clearTimeout(moveToNextTimeout);CNN.VideoPlayer.hideSpinner(containerId);if (Modernizr && !Modernizr.phone && !Modernizr.mobile && !Modernizr.tablet) {if (typeof videoPinner !== 'undefined' && videoPinner !== null) {videoPinner.setIsPlaying(true);videoPinner.animateDown();}}},onAdPause: function (containerId, playerId, token, mode, id, duration, blockId, adType, instance, isAdPause) {if (mobilePinnedView) {CNN.VideoPlayer.handleMobilePinnedPlayerStates(containerId, isAdPause);}},onTrackingFullscreen: function (containerId, PlayerId, dataObj) {CNN.VideoPlayer.handleFullscreenChange(containerId, dataObj);if (mobilePinnedView &&typeof dataObj === 'object' &&FAVE.Utils.os === 'iOS' && !dataObj.fullscreen) {jQuery(document).scrollTop(mobilePinnedView.getScrollPosition());playerInstance.hideUI();}},onContentPlay: function (containerId, cvpId, event) {var playerInstance,prevVideoId;if (CNN.companion && typeof CNN.companion.updateCompanionLayout === 'function') {CNN.companion.updateCompanionLayout('restoreEpicAds');}clearTimeout(moveToNextTimeout);CNN.VideoPlayer.hideSpinner(containerId);if (Modernizr && !Modernizr.phone && !Modernizr.mobile && !Modernizr.tablet) {if (typeof videoPinner !== 'undefined' && videoPinner !== null) {videoPinner.setIsPlaying(true);videoPinner.animateDown();}}},onContentReplayRequest: function (containerId, cvpId, contentId) {if (Modernizr && !Modernizr.phone && !Modernizr.mobile && !Modernizr.tablet) {if (typeof videoPinner !== 'undefined' && videoPinner !== null) {videoPinner.setIsPlaying(true);var $endSlate = jQuery(document.getElementById(containerId)).parent().find('.js-video__end-slate').eq(0);if ($endSlate.length > 0) {$endSlate.removeClass('video__end-slate--active').addClass('video__end-slate--inactive');}}}},onContentBegin: function (containerId, cvpId, contentId) {if (mobilePinnedView) {mobilePinnedView.enable();}/* Dismissing the pinnedPlayer if another video players plays a video. */CNN.VideoPlayer.dismissMobilePinnedPlayer(containerId);CNN.VideoPlayer.mutePlayer(containerId);if (CNN.companion && typeof CNN.companion.updateCompanionLayout === 'function') {CNN.companion.updateCompanionLayout('removeEpicAds');}CNN.VideoPlayer.hideSpinner(containerId);clearTimeout(moveToNextTimeout);CNN.VideoSourceUtils.clearSource(containerId);jQuery(document).triggerVideoContentStarted();},onContentComplete: function (containerId, cvpId, contentId) {if (CNN.companion && typeof CNN.companion.updateCompanionLayout === 'function') {CNN.companion.updateCompanionLayout('restoreFreewheel');}navigateToNextVideo(contentId, containerId);},onContentEnd: function (containerId, cvpId, contentId) {if (Modernizr && !Modernizr.phone && !Modernizr.mobile && !Modernizr.tablet) {if (typeof videoPinner !== 'undefined' && videoPinner !== null) {videoPinner.setIsPlaying(false);}}},onCVPVisibilityChange: function (containerId, cvpId, visible) {CNN.VideoPlayer.handleAdOnCVPVisibilityChange(containerId, visible);}};if (typeof configObj.context !== 'string' || configObj.context.length <= 0) {configObj.context = 'entertainment'.replace(/[\\(\\)\\-]/g, '');}if (typeof configObj.adsection === 'undefined' && typeof window.ssid === 'string' && window.ssid.length > 0) {configObj.adsection = window.ssid;}CNN.autoPlayVideoExist = (CNN.autoPlayVideoExist === true) ? true : false;CNN.VideoPlayer.getLibrary(configObj, callbackObj, isLivePlayer);});CNN.INJECTOR.scriptComplete('videodemanddust');JUST WATCHEDCassidy: 'I was grossly underpaid'ReplayMore Videos ...MUST WATCH{\"@context\": \"https://schema.org\",\"@type\": \"VideoObject\",\"name\": \"Cassidy: &#39;I was grossly underpaid&#39;\",\"description\": \"70s pop icon David Cassidy says Sony owes him merchandising money from &quot;The Partridge Family.&quot; \",\"thumbnailURL\": \"https://cdn.cnn.com/cnnnext/dam/assets/111005084054-nr-intv-david-cassidy-sony-00002001-story-top.jpg\",\"image\": \"https://cdn.cnn.com/cnnnext/dam/assets/111005084054-nr-intv-david-cassidy-sony-00002001-story-top.jpg\",\"duration\": \"PT3M1S\",\"uploadDate\": \"2011-10-05T21:09:24Z\",\"contentUrl\": \"https://edition.cnn.com/videos/us/2011/10/05/nr-intv-david-cassidy-sony.cnn\",\"url\": \"https://edition.cnn.com/videos/us/2011/10/05/nr-intv-david-cassidy-sony.cnn\",\"embedUrl\": \"https://fave.api.cnn.io/v1/fav/?video=us/2011/10/05/nr-intv-david-cassidy-sony.cnn&customer=cnn&edition=international&env=prod\"}Cassidy: 'I was grossly underpaid' 03:00\n'use strict';CNN.Videx = CNN.Videx || {};CNN.Videx.mobile = {};CNN.INJECTOR.executeFeature('video').then(function () {CNN.VideoPlayer.handleUnmutePlayer = function handleUnmutePlayer(containerId, dataObj) {'use strict';var playerInstance,playerPropertyObj,rememberTime,unmuteCTA,unmuteIdSelector = 'unmute_' + containerId,isPlayerMute;dataObj = dataObj || {};if (CNN.VideoPlayer.getLibraryName(containerId) === 'fave') {playerInstance = FAVE.player.getInstance(containerId) || null;} else {playerInstance = containerId && window.cnnVideoManager.getPlayerByContainer(containerId).videoInstance.cvp || null;}isPlayerMute = (typeof dataObj.muted === 'boolean') ? dataObj.muted : false;if (CNN.VideoPlayer.playerProperties && CNN.VideoPlayer.playerProperties[containerId]) {playerPropertyObj = CNN.VideoPlayer.playerProperties[containerId];}if (playerPropertyObj.mute && playerPropertyObj.contentPlayed) {if (isPlayerMute === false) {unmuteCTA = jQuery(document.getElementById(unmuteIdSelector));playerInstance.unmute();if (unmuteCTA.length > 0) {unmuteCTA.removeClass('video__unmute--active').addClass('video__unmute--inactive');unmuteCTA.off('click');rememberTime = 0;if (rememberTime < 0) {rememberTime = 360 / 60;}CNN.Utils.storeLocalValue('unmute_entertainment', 'X', rememberTime);}} else {playerInstance.mute();}}};CNN.VideoPlayer.showFlashSlate = function showFlashSlate(container) {'use strict';var $vidEndSlate;$vidEndSlate = container.parent().find('.js-video__end-slate').eq(0);if ($vidEndSlate.length > 0) {$vidEndSlate.find('.l-container').html('<a href=\"https://get.adobe.com/flashplayer/\" target=\"_blank\"><div class=\"flash-slate\"></div></a>');$vidEndSlate.removeClass('video__end-slate--inactive').addClass('video__end-slate--active');}};CNN.autoPlayVideoExist = (CNN.autoPlayVideoExist === true) ? true : false;var configObj = {thumb: 'none',video: 'showbiz/2011/10/04/harlow-david-cassidy-royalties.cnn',width: '100%',height: '100%',section: 'international',profile: 'expansion',network: 'cnn',markupId: 'body-text_7',theoplayer: {allowNativeFullscreen: true},adsection: 'const-article-inpage',frameWidth: '100%',frameHeight: '100%',posterImageOverride: {\"mini\":{\"height\":144,\"width\":256,\"type\":\"JPG\",\"uri\":\"//cdn.cnn.com/cnnnext/dam/assets/111004060936-harlow-david-cassidy-royalties-00003323-hp-video.jpg\"},\"xsmall\":{\"height\":169,\"width\":300,\"type\":\"JPG\",\"uri\":\"//cdn.cnn.com/cnnnext/dam/assets/111004060936-harlow-david-cassidy-royalties-00003323-story-body.jpg\"},\"small\":{\"height\":360,\"width\":640,\"type\":\"JPG\",\"uri\":\"//cdn.cnn.com/cnnnext/dam/assets/111004060936-harlow-david-cassidy-royalties-00003323-story-top.jpg\"},\"medium\":{\"height\":552,\"width\":980,\"type\":\"JPG\",\"uri\":\"//cdn.cnn.com/cnnnext/dam/assets/111004060936-harlow-david-cassidy-royalties-00003323-horizontal-large-gallery.jpg\"},\"large\":{\"height\":552,\"width\":980,\"type\":\"JPG\",\"uri\":\"//cdn.cnn.com/cnnnext/dam/assets/111004060936-harlow-david-cassidy-royalties-00003323-horizontal-large-gallery.jpg\"},\"full16x9\":{\"height\":552,\"width\":980,\"type\":\"JPG\",\"uri\":\"//cdn.cnn.com/cnnnext/dam/assets/111004060936-harlow-david-cassidy-royalties-00003323-horizontal-large-gallery.jpg\"},\"mini1x1\":{\"height\":60,\"width\":60,\"type\":\"JPG\",\"uri\":\"//cdn.cnn.com/cnnnext/dam/assets/111004060936-harlow-david-cassidy-royalties-00003323-topics.jpg\"}}},autoStartVideo = false,isVideoReplayClicked = false,callbackObj,containerEl,currentVideoCollection = [],currentVideoCollectionId = '',isLivePlayer = false,mediaMetadataCallbacks,mobilePinnedView = null,moveToNextTimeout,mutePlayerEnabled = false,nextVideoId = '',nextVideoUrl = '',turnOnFlashMessaging = false,videoPinner,videoEndSlateImpl;if (CNN.autoPlayVideoExist === false) {autoStartVideo = false;if (autoStartVideo === true) {if (turnOnFlashMessaging === true) {autoStartVideo = false;containerEl = jQuery(document.getElementById(configObj.markupId));CNN.VideoPlayer.showFlashSlate(containerEl);} else {CNN.autoPlayVideoExist = true;}}}configObj.autostart = CNN.Features.enableAutoplayBlock ? false : autoStartVideo;CNN.VideoPlayer.setPlayerProperties(configObj.markupId, autoStartVideo, isLivePlayer, isVideoReplayClicked, mutePlayerEnabled);CNN.VideoPlayer.setFirstVideoInCollection(currentVideoCollection, configObj.markupId);videoEndSlateImpl = new CNN.VideoEndSlate('body-text_7');function findNextVideo(currentVideoId) {var i,vidObj;if (currentVideoId && jQuery.isArray(currentVideoCollection) && currentVideoCollection.length > 0) {for (i = 0; i < currentVideoCollection.length; i++) {vidObj = currentVideoCollection[i];if (typeof vidObj !== 'undefined' && vidObj.videoId === currentVideoId) {if (i < currentVideoCollection.length - 1) {nextVideoId = currentVideoCollection[i + 1].videoId;nextVideoUrl = currentVideoCollection[i + 1].videoUrl;} else {nextVideoId = currentVideoCollection[0].videoId;nextVideoUrl = currentVideoCollection[0].videoUrl;}break;}}if (!nextVideoUrl) {nextVideoId = currentVideoCollection[0].videoId;nextVideoUrl = currentVideoCollection[0].videoUrl;}currentVideoCollectionId = (window.jsmd && window.jsmd.v && window.jsmd.v.eVar60) || nextVideoUrl.replace(/^.+\\/video\\/playlists\\/(.+)\\//, '$1');} else {nextVideoId = '';nextVideoUrl = '';}}findNextVideo('showbiz/2011/10/04/harlow-david-cassidy-royalties.cnn');function navigateToNextVideo(currentVideoId, containerId) {var $endSlate,nextVideoPlayTimeout = 1500;findNextVideo(currentVideoId);if (nextVideoUrl) {moveToNextTimeout = setTimeout(function () {location.href = nextVideoUrl;}, nextVideoPlayTimeout);} else {$endSlate = jQuery(document.getElementById(containerId)).parent().find('.js-video__end-slate').eq(0);if ($endSlate.length > 0) {videoEndSlateImpl.showEndSlateForContainer();if (mobilePinnedView) {mobilePinnedView.disable();}}}}callbackObj = {onPlayerReady: function (containerId) {var playerInstance,containerClassId = '#' + containerId;CNN.VideoPlayer.handleInitialExpandableVideoState(containerId);CNN.VideoPlayer.handleAdOnCVPVisibilityChange(containerId, CNN.pageVis.isDocumentVisible());if (CNN.Features.enableMobileWebFloatingPlayer &&Modernizr &&(Modernizr.phone || Modernizr.mobile || Modernizr.tablet) &&CNN.VideoPlayer.getLibraryName(containerId) === 'fave' &&jQuery(containerClassId).parents('.js-pg-rail-tall__head').length > 0 &&CNN.contentModel.pageType === 'article') {playerInstance = FAVE.player.getInstance(containerId);mobilePinnedView = new CNN.MobilePinnedView({element: jQuery(containerClassId),enabled: false,transition: CNN.MobileWebFloatingPlayer.transition,onPin: function () {playerInstance.hideUI();},onUnpin: function () {playerInstance.showUI();},onPlayerClick: function () {if (mobilePinnedView) {playerInstance.enterFullscreen();playerInstance.showUI();}},onDismiss: function() {CNN.Videx.mobile.pinnedPlayer.disable();playerInstance.pause();}});/* Storing pinned view on CNN.Videx.mobile.pinnedPlayer So that all players can see the single pinned player */CNN.Videx = CNN.Videx || {};CNN.Videx.mobile = CNN.Videx.mobile || {};CNN.Videx.mobile.pinnedPlayer = mobilePinnedView;}if (Modernizr && !Modernizr.phone && !Modernizr.mobile && !Modernizr.tablet) {if (jQuery(containerClassId).parents('.js-pg-rail-tall__head').length) {videoPinner = new CNN.VideoPinner(containerClassId);videoPinner.init();} else {CNN.VideoPlayer.hideThumbnail(containerId);}}},onContentEntryLoad: function(containerId, playerId, contentid, isQueue) {CNN.VideoPlayer.showSpinner(containerId);},onContentPause: function (containerId, playerId, videoId, paused) {if (mobilePinnedView) {CNN.VideoPlayer.handleMobilePinnedPlayerStates(containerId, paused);}},onContentMetadata: function (containerId, playerId, metadata, contentId, duration, width, height) {var endSlateLen = jQuery(document.getElementById(containerId)).parent().find('.js-video__end-slate').eq(0).length;CNN.VideoSourceUtils.updateSource(containerId, metadata);if (endSlateLen > 0) {videoEndSlateImpl.fetchAndShowRecommendedVideos(metadata);}},onAdPlay: function (containerId, cvpId, token, mode, id, duration, blockId, adType) {/* Dismissing the pinnedPlayer if another video players plays an Ad */CNN.VideoPlayer.dismissMobilePinnedPlayer(containerId);clearTimeout(moveToNextTimeout);CNN.VideoPlayer.hideSpinner(containerId);if (Modernizr && !Modernizr.phone && !Modernizr.mobile && !Modernizr.tablet) {if (typeof videoPinner !== 'undefined' && videoPinner !== null) {videoPinner.setIsPlaying(true);videoPinner.animateDown();}}},onAdPause: function (containerId, playerId, token, mode, id, duration, blockId, adType, instance, isAdPause) {if (mobilePinnedView) {CNN.VideoPlayer.handleMobilePinnedPlayerStates(containerId, isAdPause);}},onTrackingFullscreen: function (containerId, PlayerId, dataObj) {CNN.VideoPlayer.handleFullscreenChange(containerId, dataObj);if (mobilePinnedView &&typeof dataObj === 'object' &&FAVE.Utils.os === 'iOS' && !dataObj.fullscreen) {jQuery(document).scrollTop(mobilePinnedView.getScrollPosition());playerInstance.hideUI();}},onContentPlay: function (containerId, cvpId, event) {var playerInstance,prevVideoId;if (CNN.companion && typeof CNN.companion.updateCompanionLayout === 'function') {CNN.companion.updateCompanionLayout('restoreEpicAds');}clearTimeout(moveToNextTimeout);CNN.VideoPlayer.hideSpinner(containerId);if (Modernizr && !Modernizr.phone && !Modernizr.mobile && !Modernizr.tablet) {if (typeof videoPinner !== 'undefined' && videoPinner !== null) {videoPinner.setIsPlaying(true);videoPinner.animateDown();}}},onContentReplayRequest: function (containerId, cvpId, contentId) {if (Modernizr && !Modernizr.phone && !Modernizr.mobile && !Modernizr.tablet) {if (typeof videoPinner !== 'undefined' && videoPinner !== null) {videoPinner.setIsPlaying(true);var $endSlate = jQuery(document.getElementById(containerId)).parent().find('.js-video__end-slate').eq(0);if ($endSlate.length > 0) {$endSlate.removeClass('video__end-slate--active').addClass('video__end-slate--inactive');}}}},onContentBegin: function (containerId, cvpId, contentId) {if (mobilePinnedView) {mobilePinnedView.enable();}/* Dismissing the pinnedPlayer if another video players plays a video. */CNN.VideoPlayer.dismissMobilePinnedPlayer(containerId);CNN.VideoPlayer.mutePlayer(containerId);if (CNN.companion && typeof CNN.companion.updateCompanionLayout === 'function') {CNN.companion.updateCompanionLayout('removeEpicAds');}CNN.VideoPlayer.hideSpinner(containerId);clearTimeout(moveToNextTimeout);CNN.VideoSourceUtils.clearSource(containerId);jQuery(document).triggerVideoContentStarted();},onContentComplete: function (containerId, cvpId, contentId) {if (CNN.companion && typeof CNN.companion.updateCompanionLayout === 'function') {CNN.companion.updateCompanionLayout('restoreFreewheel');}navigateToNextVideo(contentId, containerId);},onContentEnd: function (containerId, cvpId, contentId) {if (Modernizr && !Modernizr.phone && !Modernizr.mobile && !Modernizr.tablet) {if (typeof videoPinner !== 'undefined' && videoPinner !== null) {videoPinner.setIsPlaying(false);}}},onCVPVisibilityChange: function (containerId, cvpId, visible) {CNN.VideoPlayer.handleAdOnCVPVisibilityChange(containerId, visible);}};if (typeof configObj.context !== 'string' || configObj.context.length <= 0) {configObj.context = 'entertainment'.replace(/[\\(\\)\\-]/g, '');}if (typeof configObj.adsection === 'undefined' && typeof window.ssid === 'string' && window.ssid.length > 0) {configObj.adsection = window.ssid;}CNN.autoPlayVideoExist = (CNN.autoPlayVideoExist === true) ? true : false;CNN.VideoPlayer.getLibrary(configObj, callbackObj, isLivePlayer);});CNN.INJECTOR.scriptComplete('videodemanddust');JUST WATCHEDDavid Cassidy: I've been robbedReplayMore Videos ...MUST WATCH{\"@context\": \"https://schema.org\",\"@type\": \"VideoObject\",\"name\": \"David Cassidy: I&#39;ve been robbed\",\"description\": \"&lt;br /&gt;Pop icon David Cassidy said he&#39;s been cheated out of a merchandising fortune from &quot;The Partridge Family.&quot; \",\"thumbnailURL\": \"https://cdn.cnn.com/cnnnext/dam/assets/111004060936-harlow-david-cassidy-royalties-00003323-story-top.jpg\",\"image\": \"https://cdn.cnn.com/cnnnext/dam/assets/111004060936-harlow-david-cassidy-royalties-00003323-story-top.jpg\",\"duration\": \"PT1M59S\",\"uploadDate\": \"2011-10-04T06:22:14Z\",\"contentUrl\": \"https://edition.cnn.com/videos/showbiz/2011/10/04/harlow-david-cassidy-royalties.cnn\",\"url\": \"https://edition.cnn.com/videos/showbiz/2011/10/04/harlow-david-cassidy-royalties.cnn\",\"embedUrl\": \"https://fave.api.cnn.io/v1/fav/?video=showbiz/2011/10/04/harlow-david-cassidy-royalties.cnn&customer=cnn&edition=international&env=prod\"}David Cassidy: I've been robbed 01:58\nThe band had real hit songs with \"Come On Get Happy\" and \"I Think I Love You,\" though not all the members really sang or played instruments.\nThe show aired from 1970-74.\nPeople we've lost in 2015\nRedheaded Crough was raised in Los Angeles, the youngest of eight children, according to The Hollywood Reporter. Crough also starred in the TV series \"Mulligan's Stew\" and had spots on other series in the '70s.\nShe appeared in a \"Partridge Family\" reunion on the \"Today\" show in 2010. \n\"I'm an office manager for Office Max,\" she told host Matt Lauer. \"I have two daughters, I'm married, I have a normal job.\"", "date": "April 29, 2015 ", "href": "https://edition.cnn.com/2015/04/28/entertainment/feat-suzanne-crough-death/index.html", "tags": "crough dead suzanne actress family", "title": "'Partridge Family' actress Suzanne Crough dead at 52"}