{"content": "Pupils in schools where smartphones are banned like being free of the associated pressures, says England's Children's Commissioner Anne Longfield.\nMs Longfield said schools across England should have a consistent approach to the use of mobile phones.\nShe told the Commons Science and Technology Committee that every school seemed to have its own policy on whether pupils could use phones.\nShe said schools could help families if they took a \"bold approach\".\nThe select committee was taking evidence about the impact of social media and screen use on young people's health.\nAppearing as a witness on Tuesday, Ms Longfield said research from her office had shown that children's social media use increased dramatically when they made the transition between primary and secondary school.\nShe said children spoke to her about an \"avalanche of pressure\", particularly in the first year of secondary school, to be popular and successful on social media.\n\"The huge message for me out of that was to prepare children in Year 6, at primary school.\n\"I've seen some really good examples where you've got secondary-school-age children going back to primary schools and saying, 'If I'd have known this, then this would have really helped', and I think the peer education is a really important part of the whole solution as well.\"\nMs Longfield said schools took very different approaches over the use of smartphones during the school day.\n\"Every school is different, every school will have some kind of policy.\n\"Some of it is, 'Keep it in your bag if you can', some are quite off-hand with it, some say, 'No smartphones in school', but they allow the old brick phones in, you know, a little \u00a310 phone so you can make phones calls.\n\"But I've been to schools where they don't even allow that during school time.\n\"There's a school in north London that does this and the children I spoke to - they worked with teachers and worked with parents on this - actually like that time in school where they don't have those pressures.\n\"I would like there to be a commitment that there is consistency across schools in that it isn't relying on the will of the school or the interests of the school.\"\nShe added: \"It couldn't be something you could impose without being able to bring people with you to really make it effective, but I think there's a real role here for school to be brave and bold and have that leadership with families about access to screens in schools.\"", "date": "13 November 2018", "href": "https://www.bbc.com/news/education-46195639", "tags": "smartphones phones consistent longfield policy secondary", "title": "'Schools should have consistent policy on phones'"}