{"content": "Bill Cosby\u2019s legal team is challenging a recommendation by a panel of experts that he be declared a \u201csexually violent predator.\u201d\nIn court documents filed Monday in Pennsylvania, attorney Joseph P. Green Jr.\u00a0argued that requiring sex-offender registration would only serve to \u201cpunish, shame and control\u201d the comedian \u201cin violation\u201d of his \u201cconstitutional rights.\u201d Green also contended that the label would harm Cosby\u2019s relationship with his grandchildren because he would not be allowed to be alone with any minors.\nUnder Pennsylvania law, a sexually violent predator is defined as a person who has a mental abnormality or personality disorder that makes the person likely to engage in predatory sexually violent offenses.\nCosby was convicted in April of drugging and raping a woman at his Pennsylvania home in 2004. The guilty verdict was achieved in his second trial on the charges after the jury in his first trial was unable to reach a verdict.\nCosby, 81, is scheduled to be sentenced on Sept. 24. He faces a maximum sentence of 30 years, BuzzFeed reported. If the court declares him a predator, he will be required to register for life with the Pennsylvania State Police, attend sex offender counseling and be subject to community notification if he\u2019s ever released from prison.", "date": "\n08/15/2018", "href": "https://www.huffpost.com/entry/bill-cosby-sexually-violent-predator-label_n_5b73bac4e4b0df9b093a7761", "tags": "offenses attorney minors pennsylvania ruin bill predator label violation violent reputation says cosby", "title": "'Sexually Violent Predator' Label Will Ruin Bill Cosby's Reputation, Attorney Says"}