{"content": "Story highlightsThe nominations honor best in film and televisionCeremony airs live January 7\n (CNN)This year's Golden Globe film nominations were short on blockbusters and big on indies.\nBest picture drama nominees include the coming-of-age story \"Call Me by Your Name,\" the war epic \"Dunkirk,\" journalism-themed  \"The Post,\" the love story \"The Shape of Water\" and the murder mystery \"Three Billboards Outside Ebbing, Missouri.\"\n\n'use strict';CNN.Videx = CNN.Videx || {};CNN.Videx.mobile = {};CNN.INJECTOR.executeFeature('video').then(function () {CNN.VideoPlayer.handleUnmutePlayer = function handleUnmutePlayer(containerId, dataObj) {'use strict';var playerInstance,playerPropertyObj,rememberTime,unmuteCTA,unmuteIdSelector = 'unmute_' + containerId,isPlayerMute;dataObj = dataObj || {};if (CNN.VideoPlayer.getLibraryName(containerId) === 'fave') {playerInstance = FAVE.player.getInstance(containerId) || null;} else {playerInstance = containerId && window.cnnVideoManager.getPlayerByContainer(containerId).videoInstance.cvp || null;}isPlayerMute = (typeof dataObj.muted === 'boolean') ? dataObj.muted : false;if (CNN.VideoPlayer.playerProperties && CNN.VideoPlayer.playerProperties[containerId]) {playerPropertyObj = CNN.VideoPlayer.playerProperties[containerId];}if (playerPropertyObj.mute && playerPropertyObj.contentPlayed) {if (isPlayerMute === false) {unmuteCTA = jQuery(document.getElementById(unmuteIdSelector));playerInstance.unmute();if (unmuteCTA.length > 0) {unmuteCTA.removeClass('video__unmute--active').addClass('video__unmute--inactive');unmuteCTA.off('click');rememberTime = 0;if (rememberTime < 0) {rememberTime = 360 / 60;}CNN.Utils.storeLocalValue('unmute_entertainment', 'X', rememberTime);}} else {playerInstance.mute();}}};CNN.VideoPlayer.showFlashSlate = function showFlashSlate(container) {'use strict';var $vidEndSlate;$vidEndSlate = container.parent().find('.js-video__end-slate').eq(0);if ($vidEndSlate.length > 0) {$vidEndSlate.find('.l-container').html('<a href=\"https://get.adobe.com/flashplayer/\" target=\"_blank\"><div class=\"flash-slate\"></div></a>');$vidEndSlate.removeClass('video__end-slate--inactive').addClass('video__end-slate--active');}};CNN.autoPlayVideoExist = (CNN.autoPlayVideoExist === true) ? true : false;var configObj = {thumb: 'none',video: 'cnnmoney/2017/07/21/dunkirk-what-is-70mm-film.cnn',width: '100%',height: '100%',section: 'international',profile: 'expansion',network: 'cnn',markupId: 'body-text_5',theoplayer: {allowNativeFullscreen: true},adsection: 'edition.cnn.com_entertainment_goldenglobes_inpage',frameWidth: '100%',frameHeight: '100%',posterImageOverride: {\"mini\":{\"height\":124,\"width\":220,\"type\":\"jpg\",\"uri\":\"//cdn.cnn.com/cnnnext/dam/assets/170718112416-dunkirk-photo-small-169.jpg\"},\"xsmall\":{\"height\":173,\"width\":307,\"type\":\"jpg\",\"uri\":\"//cdn.cnn.com/cnnnext/dam/assets/170718112416-dunkirk-photo-medium-plus-169.jpg\"},\"small\":{\"height\":259,\"width\":460,\"type\":\"jpg\",\"uri\":\"//cdn.cnn.com/cnnnext/dam/assets/170718112416-dunkirk-photo-large-169.jpg\"},\"medium\":{\"height\":438,\"width\":780,\"type\":\"jpg\",\"uri\":\"//cdn.cnn.com/cnnnext/dam/assets/170718112416-dunkirk-photo-exlarge-169.jpg\"},\"large\":{\"height\":619,\"width\":1100,\"type\":\"jpg\",\"uri\":\"//cdn.cnn.com/cnnnext/dam/assets/170718112416-dunkirk-photo-super-169.jpg\"},\"full16x9\":{\"height\":900,\"width\":1600,\"type\":\"jpg\",\"uri\":\"//cdn.cnn.com/cnnnext/dam/assets/170718112416-dunkirk-photo-full-169.jpg\"},\"mini1x1\":{\"height\":120,\"width\":120,\"type\":\"jpg\",\"uri\":\"//cdn.cnn.com/cnnnext/dam/assets/170718112416-dunkirk-photo-small-11.jpg\"}}},autoStartVideo = false,isVideoReplayClicked = false,callbackObj,containerEl,currentVideoCollection = [],currentVideoCollectionId = '',isLivePlayer = false,mediaMetadataCallbacks,mobilePinnedView = null,moveToNextTimeout,mutePlayerEnabled = false,nextVideoId = '',nextVideoUrl = '',turnOnFlashMessaging = false,videoPinner,videoEndSlateImpl;if (CNN.autoPlayVideoExist === false) {autoStartVideo = false;if (autoStartVideo === true) {if (turnOnFlashMessaging === true) {autoStartVideo = false;containerEl = jQuery(document.getElementById(configObj.markupId));CNN.VideoPlayer.showFlashSlate(containerEl);} else {CNN.autoPlayVideoExist = true;}}}configObj.autostart = CNN.Features.enableAutoplayBlock ? false : autoStartVideo;CNN.VideoPlayer.setPlayerProperties(configObj.markupId, autoStartVideo, isLivePlayer, isVideoReplayClicked, mutePlayerEnabled);CNN.VideoPlayer.setFirstVideoInCollection(currentVideoCollection, configObj.markupId);videoEndSlateImpl = new CNN.VideoEndSlate('body-text_5');function findNextVideo(currentVideoId) {var i,vidObj;if (currentVideoId && jQuery.isArray(currentVideoCollection) && currentVideoCollection.length > 0) {for (i = 0; i < currentVideoCollection.length; i++) {vidObj = currentVideoCollection[i];if (typeof vidObj !== 'undefined' && vidObj.videoId === currentVideoId) {if (i < currentVideoCollection.length - 1) {nextVideoId = currentVideoCollection[i + 1].videoId;nextVideoUrl = currentVideoCollection[i + 1].videoUrl;} else {nextVideoId = currentVideoCollection[0].videoId;nextVideoUrl = currentVideoCollection[0].videoUrl;}break;}}if (!nextVideoUrl) {nextVideoId = currentVideoCollection[0].videoId;nextVideoUrl = currentVideoCollection[0].videoUrl;}currentVideoCollectionId = (window.jsmd && window.jsmd.v && window.jsmd.v.eVar60) || nextVideoUrl.replace(/^.+\\/video\\/playlists\\/(.+)\\//, '$1');} else {nextVideoId = '';nextVideoUrl = '';}}findNextVideo('cnnmoney/2017/07/21/dunkirk-what-is-70mm-film.cnn');function navigateToNextVideo(currentVideoId, containerId) {var $endSlate,nextVideoPlayTimeout = 1500;findNextVideo(currentVideoId);if (nextVideoUrl) {moveToNextTimeout = setTimeout(function () {location.href = nextVideoUrl;}, nextVideoPlayTimeout);} else {$endSlate = jQuery(document.getElementById(containerId)).parent().find('.js-video__end-slate').eq(0);if ($endSlate.length > 0) {videoEndSlateImpl.showEndSlateForContainer();if (mobilePinnedView) {mobilePinnedView.disable();}}}}callbackObj = {onPlayerReady: function (containerId) {var playerInstance,containerClassId = '#' + containerId;CNN.VideoPlayer.handleInitialExpandableVideoState(containerId);CNN.VideoPlayer.handleAdOnCVPVisibilityChange(containerId, CNN.pageVis.isDocumentVisible());if (CNN.Features.enableMobileWebFloatingPlayer &&Modernizr &&(Modernizr.phone || Modernizr.mobile || Modernizr.tablet) &&CNN.VideoPlayer.getLibraryName(containerId) === 'fave' &&jQuery(containerClassId).parents('.js-pg-rail-tall__head').length > 0 &&CNN.contentModel.pageType === 'article') {playerInstance = FAVE.player.getInstance(containerId);mobilePinnedView = new CNN.MobilePinnedView({element: jQuery(containerClassId),enabled: false,transition: CNN.MobileWebFloatingPlayer.transition,onPin: function () {playerInstance.hideUI();},onUnpin: function () {playerInstance.showUI();},onPlayerClick: function () {if (mobilePinnedView) {playerInstance.enterFullscreen();playerInstance.showUI();}},onDismiss: function() {CNN.Videx.mobile.pinnedPlayer.disable();playerInstance.pause();}});/* Storing pinned view on CNN.Videx.mobile.pinnedPlayer So that all players can see the single pinned player */CNN.Videx = CNN.Videx || {};CNN.Videx.mobile = CNN.Videx.mobile || {};CNN.Videx.mobile.pinnedPlayer = mobilePinnedView;}if (Modernizr && !Modernizr.phone && !Modernizr.mobile && !Modernizr.tablet) {if (jQuery(containerClassId).parents('.js-pg-rail-tall__head').length) {videoPinner = new CNN.VideoPinner(containerClassId);videoPinner.init();} else {CNN.VideoPlayer.hideThumbnail(containerId);}}},onContentEntryLoad: function(containerId, playerId, contentid, isQueue) {CNN.VideoPlayer.showSpinner(containerId);},onContentPause: function (containerId, playerId, videoId, paused) {if (mobilePinnedView) {CNN.VideoPlayer.handleMobilePinnedPlayerStates(containerId, paused);}},onContentMetadata: function (containerId, playerId, metadata, contentId, duration, width, height) {var endSlateLen = jQuery(document.getElementById(containerId)).parent().find('.js-video__end-slate').eq(0).length;CNN.VideoSourceUtils.updateSource(containerId, metadata);if (endSlateLen > 0) {videoEndSlateImpl.fetchAndShowRecommendedVideos(metadata);}},onAdPlay: function (containerId, cvpId, token, mode, id, duration, blockId, adType) {/* Dismissing the pinnedPlayer if another video players plays an Ad */CNN.VideoPlayer.dismissMobilePinnedPlayer(containerId);clearTimeout(moveToNextTimeout);CNN.VideoPlayer.hideSpinner(containerId);if (Modernizr && !Modernizr.phone && !Modernizr.mobile && !Modernizr.tablet) {if (typeof videoPinner !== 'undefined' && videoPinner !== null) {videoPinner.setIsPlaying(true);videoPinner.animateDown();}}},onAdPause: function (containerId, playerId, token, mode, id, duration, blockId, adType, instance, isAdPause) {if (mobilePinnedView) {CNN.VideoPlayer.handleMobilePinnedPlayerStates(containerId, isAdPause);}},onTrackingFullscreen: function (containerId, PlayerId, dataObj) {CNN.VideoPlayer.handleFullscreenChange(containerId, dataObj);if (mobilePinnedView &&typeof dataObj === 'object' &&FAVE.Utils.os === 'iOS' && !dataObj.fullscreen) {jQuery(document).scrollTop(mobilePinnedView.getScrollPosition());playerInstance.hideUI();}},onContentPlay: function (containerId, cvpId, event) {var playerInstance,prevVideoId;if (CNN.companion && typeof CNN.companion.updateCompanionLayout === 'function') {CNN.companion.updateCompanionLayout('restoreEpicAds');}clearTimeout(moveToNextTimeout);CNN.VideoPlayer.hideSpinner(containerId);if (Modernizr && !Modernizr.phone && !Modernizr.mobile && !Modernizr.tablet) {if (typeof videoPinner !== 'undefined' && videoPinner !== null) {videoPinner.setIsPlaying(true);videoPinner.animateDown();}}},onContentReplayRequest: function (containerId, cvpId, contentId) {if (Modernizr && !Modernizr.phone && !Modernizr.mobile && !Modernizr.tablet) {if (typeof videoPinner !== 'undefined' && videoPinner !== null) {videoPinner.setIsPlaying(true);var $endSlate = jQuery(document.getElementById(containerId)).parent().find('.js-video__end-slate').eq(0);if ($endSlate.length > 0) {$endSlate.removeClass('video__end-slate--active').addClass('video__end-slate--inactive');}}}},onContentBegin: function (containerId, cvpId, contentId) {if (mobilePinnedView) {mobilePinnedView.enable();}/* Dismissing the pinnedPlayer if another video players plays a video. */CNN.VideoPlayer.dismissMobilePinnedPlayer(containerId);CNN.VideoPlayer.mutePlayer(containerId);if (CNN.companion && typeof CNN.companion.updateCompanionLayout === 'function') {CNN.companion.updateCompanionLayout('removeEpicAds');}CNN.VideoPlayer.hideSpinner(containerId);clearTimeout(moveToNextTimeout);CNN.VideoSourceUtils.clearSource(containerId);jQuery(document).triggerVideoContentStarted();},onContentComplete: function (containerId, cvpId, contentId) {if (CNN.companion && typeof CNN.companion.updateCompanionLayout === 'function') {CNN.companion.updateCompanionLayout('restoreFreewheel');}navigateToNextVideo(contentId, containerId);},onContentEnd: function (containerId, cvpId, contentId) {if (Modernizr && !Modernizr.phone && !Modernizr.mobile && !Modernizr.tablet) {if (typeof videoPinner !== 'undefined' && videoPinner !== null) {videoPinner.setIsPlaying(false);}}},onCVPVisibilityChange: function (containerId, cvpId, visible) {CNN.VideoPlayer.handleAdOnCVPVisibilityChange(containerId, visible);}};if (typeof configObj.context !== 'string' || configObj.context.length <= 0) {configObj.context = 'entertainment'.replace(/[\\(\\)\\-]/g, '');}if (typeof configObj.adsection === 'undefined' && typeof window.ssid === 'string' && window.ssid.length > 0) {configObj.adsection = window.ssid;}CNN.autoPlayVideoExist = (CNN.autoPlayVideoExist === true) ? true : false;CNN.VideoPlayer.getLibrary(configObj, callbackObj, isLivePlayer);});CNN.INJECTOR.scriptComplete('videodemanddust');JUST WATCHEDHow Hollywood is going old to look newReplayMore Videos ...MUST WATCH{\"@context\": \"https://schema.org\",\"@type\": \"VideoObject\",\"name\": \"How Hollywood is going old to look new\",\"description\": \"Christopher Nolan&#39;s &quot;Dunkirk&quot; is the widest 70mm film release in 25 years. 70mm is a format that&#39;s been around for over 60 years, but studios are once again using it to turn movie releases into events.\",\"thumbnailURL\": \"https://cdn.cnn.com/cnnnext/dam/assets/170718112416-dunkirk-photo-large-169.jpg\",\"image\": \"https://cdn.cnn.com/cnnnext/dam/assets/170718112416-dunkirk-photo-large-169.jpg\",\"duration\": \"PT2M57S\",\"uploadDate\": \"2017-07-25T01:44:23Z\",\"contentUrl\": \"https://edition.cnn.com/videos/cnnmoney/2017/07/21/dunkirk-what-is-70mm-film.cnn\",\"url\": \"https://edition.cnn.com/videos/cnnmoney/2017/07/21/dunkirk-what-is-70mm-film.cnn\",\"embedUrl\": \"https://fave.api.cnn.io/v1/fav/?video=cnnmoney/2017/07/21/dunkirk-what-is-70mm-film.cnn&customer=cnn&edition=international&env=prod\"}How Hollywood is going old to look new 02:56\n\"The Shape of Water,\" which is about a mute custodian who forms an unusual relationship, leads with seven nominations, including best movie screenplay, best original score, best supporting actor and actress, best movie actress and best director. \"The Post\" and \"Three Billboards\" follow with six nominations each.\nRelated: Golden Globe nominations 2018 - The list\nThe best motion picture comedy or musical is sure to stir controversy as it includes the social thriller \"Get Out,\" which tackled race. \n\"The Disaster Artist,\" \"The Greatest Showman,\" \"I, Tonya\" and \"Lady Bird\" were also nominated. \nBest actor in a motion picture drama nominees include Timoth\u00e9e Chalamet for \"Call Me by Your Name, Daniel Day-Lewis for \"Phantom Thread,\" Tom Hanks for \"The Post,\" Gary Oldman for \"Darkest Hour\" and Denzel Washington for \"Roman J. Israel, Esq.\"\nBest actress in a movie drama went to Jessica Chastain for \"Molly's Game,\" Sally Hawkins for \"The Shape of Water,\" Frances McDormand for \"Three Billboards Outside Ebbing, Missouri,\" Meryl Streep for \"The Post\" and Michelle Williams for \"All the Money in the World.\"\nGuillermo del Toro, Martin McDonagh, Christopher Nolan, Ridley Scott and Steven Spielberg were nominated for best director.\nNo female directors were nominated, despite the critical and popular success of \"Wonder Woman\" from Patty Jenkins and Greta Gerwig's directorial debut, \"Lady Bird.\"\nAlso surprising, Jordan Peele was overlooked in the best director and best screenplay categories for \"Get Out.\" Peele is the first African-American writer/director to have a debut movie surpass $100 million at the box office in its first month.\nThe film's star, Daniel Kaluuya, was nominated for best actor in a motion picture, musical or comedy alongside Steve Carell (\"Battle of the Sexes\"), Ansel Elgort (\"Baby Driver\"), James Franco (\"The Disaster Artist\") and Hugh Jackman (\"The Greatest Showman\").\nAnother noticeably absent project was \"The Big Sick,\" whose star Kumail Nanjiani co-wrote the semi-autobiographical romantic comedy with his wife Emily V. Gordon.\nThere sure to be buzz surrounding the three nominations for the drama \"All the Money in the World.\"\nThe film, based on the abduction of tycoon J. Paul Getty's grandson in the 1970s, earned nominations for Michelle Williams for best actress in a motion picture drama, best supporting actor for Christopher Plummer and best director for Ridley Scott.\n\"All the Money in the World\" made headlines recently when Plummer was brought in to replace Kevin Spacey in the wake of the latter being embroiled in a sexual misconduct scandal. Plummer re-shot all of Spacey's scenes. \nRelated: Christopher Plummer replacing Kevin Spacey in 'All the Money in the World'\nIn the television categories, it was a good morning for HBO's \"Big Little Lies.\"\nIt was nominated for best TV movie or limited series, along with \"Fargo,\" \"Feud: Bette and Joan,\" \"The Sinner\" and \"Top of the Lake: China Girl.\"\n\"Big Little Lies\" earned six nominations overall. Stars Nicole Kidman and Reese Witherspoon were nominated for best actress in a limited series, Jessica Lange and Susan Sarandon were nominated for \"Feud,\" and Jessica Biel scored a nod for her work on \"The Sinner.\" \nRelated: 'Big Little Lies' Season 2 is happening\nA returned-to-TV favorite got a welcome back gift.\n\"Will & Grace\" received a nomination for best TV musical or comedy, along with \"Black-ish,\" \"Master of None,\" \"The Marvelous Mrs. Maisel\" and \"SMILF.\"\n\"Will & Grace\" star Eric McCormack was nominated for best actor in a TV comedy, along with Anthony Anderson of \"Black-ish,\" Aziz Ansari\" of \"Master of None,\" Kevin Bacon from \"I Love Dick\" and William H. Macy from \"Shameless.\"\nIn the best actress in a TV drama category, Caitriona Balfe of \"Outlander,\" Claire Foy of \"The Crown,\" Maggie Gyllenhaal of \"The Deuce,\" Katherine Langford of \"13 Reasons Why\" and Elisabeth Moss of \"The Handmaid's Tale\" all scored nods. \nAwards season comes in the wake of Hollywood being rocked by multiple sexual misconduct scandals.\n\"Late Night\" host Seth Meyers will preside over the awards ceremony -- set to air January 7th on NBC.", "date": "December 12, 2017 ", "href": "https://edition.cnn.com/2017/12/11/entertainment/golden-globes-nominations-2018/index.html", "tags": "golden little lead globe water lies nominations", "title": "'Shape of Water,' 'Big Little Lies' lead Golden Globe nominations"}