{"content": "Story highlightsBeloved children's performer Lois Lilienstein has diedShe was a member of CBC and Nickelodeon TV stars Sharon, Lois and BramCNN independently confirmed with Sharon and Bram's manager that Lilienstein passed away at 78 of a a rare cancer\n (CNN)Lois Lilienstein, co-star of \"Sharon, Lois & Bram's Elephant Show\" \u2014 the Canadian preschool show that ran on Nickelodeon during the early 1990s \u2014 has died, aged 78.\nHer son, David Lilienstein, told CBC News that his mother died in Toronto on Wednesday night from a rare form of cancer first diagnosed last October. \"She knew it was happening, she was at peace with it, and she died very peacefully and not in pain,\" he told the Canadian broadcaster.\n\nLiz Smith at 92\nLilienstein was born in Chicago in 1936 and moved to Toronto in 1996 with her son and her husband, Ernest. She joined Sharon Hampson and Bram Morrison to launch their singing trio in 1978. The TV show \"Sharon, Lois & Bram's Elephant Show\" ran on CBC in Canada from 1984 to 1989, before continuing in reruns on Nickelodeon stateside until 1995.\nThe 30 most popular film producers in Hollywood\nSally Catto, general manager, programming at CBC Television, paid tribute to Lilienstein for her contribution to Canadian kids TV. \"Sharon, Lois and Bram got their start at CBC back in the '80s with the Elephant Show, and they went on to become icons to children all across North America through various programs and specials. Lois will be fondly remembered by her many friends at CBC,\" Catto told The Hollywood Reporter.\n'Ghostbusters' budget cut\nThe Canadian variety show was best known for songs like \"Skinnamarink\" and \"Peanut Butter.\" Lilienstein left the Sharon, Lois & Bram performance trio in 2000.", "date": "April 24, 2015 ", "href": "https://edition.cnn.com/2015/04/23/entertainment/sharon-lois-bram-lilienstein-dead-feat/index.html", "tags": "toronto cbc rare sharon dies lilienstein lois nickelodeon elephant co-star bram", "title": "'Sharon, Lois & Bram' co-star Lois Lilienstein dies at 78"}