{"content": "Story highlights Member of the opposition accuses Iran of using talks to buy timeThe sides could reach a deal in several months, says Iranian ministerIran's proposal was one with a new \"level of seriousness,\" U.S. official says  P5+1 bloc, Iran issue joint statement for first time, but it's short on details\nTalks between Iran and six world powers over Tehran's nuclear ambitions ended Wednesday on a promising note when they released a joint statement for the first time, suggesting Iranian officials appear willing to negotiate. \nThe meeting in Geneva ended with a statement that described the talks as \"substantive and forward-looking.\" \nThe tone of the negotiations appeared to signal a shift, a departure from the diplomatic standoff that prevailed under former Iranian President Mahmoud Ahmadinejad. \nThe latest discussions centered on a proposal put forth by Iran, which wants the six powers to recognize what it says is the peaceful nature of its nuclear energy pursuits. \nDetails, however, were scarce. \n\"We will be doing the negotiation in the negotiating room and not in the press,\" Iranian Foreign Minister Javad Zarif told reporters after the talks concluded. \nDiscussions were scheduled to resume November 7 and 8.\nAccording to Iranian Deputy Foreign Minister Abbas Araqchi, who is taking a lead role in the negotiations,  the sides could reach an agreement in as little as three to six months.\n\"The Iranian proposal was a new proposal with a level of seriousness and substance that we had not seen before,\" White House spokesman Jay Carney told reporters. \nDifferences remain. \n\"No one should expect a breakthrough overnight,\" Carney said. \"And these are complicated issues. They're technical issues. And as the President has said, the history of mistrust is very deep. \n\"The onus remains on Iran to come into compliance with its international obligations.  And any deal must prove to the international community that Iran's program will be used for exclusively peaceful purposes,\" he said. \nA senior U.S. administration official echoed Carney's cautious optimism.\n\"A positive outcome is not guaranteed,\" the official said, stressing at the same time that discussions were \"intense, detailed, straightforward\" and \"candid.\"\nThe two-day talks brought together Iran's representatives and those from the so-called P5+1 -- the United States, Russia, China, France and Britain, all countries with permanent seats on the U.N. Security Council, plus Germany.\nEuropean Union foreign policy chief Catherine Ashton, who is leading the talks for the P5+1 bloc, called it a \"very intensive and very important meeting.\"\nShe also declined to offer specifics but said they were the most detailed to date. \nThe joint statement built on a measured hope that was expressed after the first day of the talks. \n\"For the first time, we had very detailed technical discussions,\" a senior U.S. State Department official said. A spokesman for the EU's foreign policy chief called Iran's presentation \"very useful.\"\nZarif, who is leading the Iranian delegation, said in a Facebook post Wednesday that their proposal outlined \"a new view which emphasizes the need for pursuing a common goal by all players\" and identified areas that must be agreed upon.\n\"This framework was welcomed as a new approach by the heads of the delegations. Of course we would like to see a new approach by the 5+1, as well,\" he said.\n'use strict';CNN.Videx = CNN.Videx || {};CNN.Videx.mobile = {};CNN.INJECTOR.executeFeature('video').then(function () {CNN.VideoPlayer.handleUnmutePlayer = function handleUnmutePlayer(containerId, dataObj) {'use strict';var playerInstance,playerPropertyObj,rememberTime,unmuteCTA,unmuteIdSelector = 'unmute_' + containerId,isPlayerMute;dataObj = dataObj || {};if (CNN.VideoPlayer.getLibraryName(containerId) === 'fave') {playerInstance = FAVE.player.getInstance(containerId) || null;} else {playerInstance = containerId && window.cnnVideoManager.getPlayerByContainer(containerId).videoInstance.cvp || null;}isPlayerMute = (typeof dataObj.muted === 'boolean') ? dataObj.muted : false;if (CNN.VideoPlayer.playerProperties && CNN.VideoPlayer.playerProperties[containerId]) {playerPropertyObj = CNN.VideoPlayer.playerProperties[containerId];}if (playerPropertyObj.mute && playerPropertyObj.contentPlayed) {if (isPlayerMute === false) {unmuteCTA = jQuery(document.getElementById(unmuteIdSelector));playerInstance.unmute();if (unmuteCTA.length > 0) {unmuteCTA.removeClass('video__unmute--active').addClass('video__unmute--inactive');unmuteCTA.off('click');rememberTime = 0;if (rememberTime < 0) {rememberTime = 360 / 60;}CNN.Utils.storeLocalValue('unmute_middleeast', 'X', rememberTime);}} else {playerInstance.mute();}}};CNN.VideoPlayer.showFlashSlate = function showFlashSlate(container) {'use strict';var $vidEndSlate;$vidEndSlate = container.parent().find('.js-video__end-slate').eq(0);if ($vidEndSlate.length > 0) {$vidEndSlate.find('.l-container').html('<a href=\"https://get.adobe.com/flashplayer/\" target=\"_blank\"><div class=\"flash-slate\"></div></a>');$vidEndSlate.removeClass('video__end-slate--inactive').addClass('video__end-slate--active');}};CNN.autoPlayVideoExist = (CNN.autoPlayVideoExist === true) ? true : false;var configObj = {thumb: 'none',video: 'world/2013/10/15/clancy-israel-iran-is-watching.cnn',width: '100%',height: '100%',section: 'international',profile: 'expansion',network: 'cnn',markupId: 'body-text_22',theoplayer: {allowNativeFullscreen: true},adsection: 'const-article-inpage',frameWidth: '100%',frameHeight: '100%',posterImageOverride: {\"mini\":{\"height\":144,\"width\":256,\"type\":\"jpg\",\"uri\":\"//cdn.cnn.com/cnnnext/dam/assets/131016001210-clancy-israel-iran-is-watching-00004713-hp-video.jpg\"},\"xsmall\":{\"height\":169,\"width\":300,\"type\":\"jpg\",\"uri\":\"//cdn.cnn.com/cnnnext/dam/assets/131016001210-clancy-israel-iran-is-watching-00004713-story-body.jpg\"},\"small\":{\"height\":360,\"width\":640,\"type\":\"jpg\",\"uri\":\"//cdn.cnn.com/cnnnext/dam/assets/131016001210-clancy-israel-iran-is-watching-00004713-story-top.jpg\"},\"medium\":{\"height\":552,\"width\":980,\"type\":\"jpg\",\"uri\":\"//cdn.cnn.com/cnnnext/dam/assets/131016001210-clancy-israel-iran-is-watching-00004713-horizontal-large-gallery.jpg\"},\"large\":{\"height\":552,\"width\":980,\"type\":\"jpg\",\"uri\":\"//cdn.cnn.com/cnnnext/dam/assets/131016001210-clancy-israel-iran-is-watching-00004713-horizontal-large-gallery.jpg\"},\"full16x9\":{\"height\":552,\"width\":980,\"type\":\"jpg\",\"uri\":\"//cdn.cnn.com/cnnnext/dam/assets/131016001210-clancy-israel-iran-is-watching-00004713-horizontal-large-gallery.jpg\"},\"mini1x1\":{\"height\":60,\"width\":60,\"type\":\"jpg\",\"uri\":\"//cdn.cnn.com/cnnnext/dam/assets/131016001210-clancy-israel-iran-is-watching-00004713-topics.jpg\"}}},autoStartVideo = false,isVideoReplayClicked = false,callbackObj,containerEl,currentVideoCollection = [],currentVideoCollectionId = '',isLivePlayer = false,mediaMetadataCallbacks,mobilePinnedView = null,moveToNextTimeout,mutePlayerEnabled = false,nextVideoId = '',nextVideoUrl = '',turnOnFlashMessaging = false,videoPinner,videoEndSlateImpl;if (CNN.autoPlayVideoExist === false) {autoStartVideo = false;if (autoStartVideo === true) {if (turnOnFlashMessaging === true) {autoStartVideo = false;containerEl = jQuery(document.getElementById(configObj.markupId));CNN.VideoPlayer.showFlashSlate(containerEl);} else {CNN.autoPlayVideoExist = true;}}}configObj.autostart = CNN.Features.enableAutoplayBlock ? false : autoStartVideo;CNN.VideoPlayer.setPlayerProperties(configObj.markupId, autoStartVideo, isLivePlayer, isVideoReplayClicked, mutePlayerEnabled);CNN.VideoPlayer.setFirstVideoInCollection(currentVideoCollection, configObj.markupId);videoEndSlateImpl = new CNN.VideoEndSlate('body-text_22');function findNextVideo(currentVideoId) {var i,vidObj;if (currentVideoId && jQuery.isArray(currentVideoCollection) && currentVideoCollection.length > 0) {for (i = 0; i < currentVideoCollection.length; i++) {vidObj = currentVideoCollection[i];if (typeof vidObj !== 'undefined' && vidObj.videoId === currentVideoId) {if (i < currentVideoCollection.length - 1) {nextVideoId = currentVideoCollection[i + 1].videoId;nextVideoUrl = currentVideoCollection[i + 1].videoUrl;} else {nextVideoId = currentVideoCollection[0].videoId;nextVideoUrl = currentVideoCollection[0].videoUrl;}break;}}if (!nextVideoUrl) {nextVideoId = currentVideoCollection[0].videoId;nextVideoUrl = currentVideoCollection[0].videoUrl;}currentVideoCollectionId = (window.jsmd && window.jsmd.v && window.jsmd.v.eVar60) || nextVideoUrl.replace(/^.+\\/video\\/playlists\\/(.+)\\//, '$1');} else {nextVideoId = '';nextVideoUrl = '';}}findNextVideo('world/2013/10/15/clancy-israel-iran-is-watching.cnn');function navigateToNextVideo(currentVideoId, containerId) {var $endSlate,nextVideoPlayTimeout = 1500;findNextVideo(currentVideoId);if (nextVideoUrl) {moveToNextTimeout = setTimeout(function () {location.href = nextVideoUrl;}, nextVideoPlayTimeout);} else {$endSlate = jQuery(document.getElementById(containerId)).parent().find('.js-video__end-slate').eq(0);if ($endSlate.length > 0) {videoEndSlateImpl.showEndSlateForContainer();if (mobilePinnedView) {mobilePinnedView.disable();}}}}callbackObj = {onPlayerReady: function (containerId) {var playerInstance,containerClassId = '#' + containerId;CNN.VideoPlayer.handleInitialExpandableVideoState(containerId);CNN.VideoPlayer.handleAdOnCVPVisibilityChange(containerId, CNN.pageVis.isDocumentVisible());if (CNN.Features.enableMobileWebFloatingPlayer &&Modernizr &&(Modernizr.phone || Modernizr.mobile || Modernizr.tablet) &&CNN.VideoPlayer.getLibraryName(containerId) === 'fave' &&jQuery(containerClassId).parents('.js-pg-rail-tall__head').length > 0 &&CNN.contentModel.pageType === 'article') {playerInstance = FAVE.player.getInstance(containerId);mobilePinnedView = new CNN.MobilePinnedView({element: jQuery(containerClassId),enabled: false,transition: CNN.MobileWebFloatingPlayer.transition,onPin: function () {playerInstance.hideUI();},onUnpin: function () {playerInstance.showUI();},onPlayerClick: function () {if (mobilePinnedView) {playerInstance.enterFullscreen();playerInstance.showUI();}},onDismiss: function() {CNN.Videx.mobile.pinnedPlayer.disable();playerInstance.pause();}});/* Storing pinned view on CNN.Videx.mobile.pinnedPlayer So that all players can see the single pinned player */CNN.Videx = CNN.Videx || {};CNN.Videx.mobile = CNN.Videx.mobile || {};CNN.Videx.mobile.pinnedPlayer = mobilePinnedView;}if (Modernizr && !Modernizr.phone && !Modernizr.mobile && !Modernizr.tablet) {if (jQuery(containerClassId).parents('.js-pg-rail-tall__head').length) {videoPinner = new CNN.VideoPinner(containerClassId);videoPinner.init();} else {CNN.VideoPlayer.hideThumbnail(containerId);}}},onContentEntryLoad: function(containerId, playerId, contentid, isQueue) {CNN.VideoPlayer.showSpinner(containerId);},onContentPause: function (containerId, playerId, videoId, paused) {if (mobilePinnedView) {CNN.VideoPlayer.handleMobilePinnedPlayerStates(containerId, paused);}},onContentMetadata: function (containerId, playerId, metadata, contentId, duration, width, height) {var endSlateLen = jQuery(document.getElementById(containerId)).parent().find('.js-video__end-slate').eq(0).length;CNN.VideoSourceUtils.updateSource(containerId, metadata);if (endSlateLen > 0) {videoEndSlateImpl.fetchAndShowRecommendedVideos(metadata);}},onAdPlay: function (containerId, cvpId, token, mode, id, duration, blockId, adType) {/* Dismissing the pinnedPlayer if another video players plays an Ad */CNN.VideoPlayer.dismissMobilePinnedPlayer(containerId);clearTimeout(moveToNextTimeout);CNN.VideoPlayer.hideSpinner(containerId);if (Modernizr && !Modernizr.phone && !Modernizr.mobile && !Modernizr.tablet) {if (typeof videoPinner !== 'undefined' && videoPinner !== null) {videoPinner.setIsPlaying(true);videoPinner.animateDown();}}},onAdPause: function (containerId, playerId, token, mode, id, duration, blockId, adType, instance, isAdPause) {if (mobilePinnedView) {CNN.VideoPlayer.handleMobilePinnedPlayerStates(containerId, isAdPause);}},onTrackingFullscreen: function (containerId, PlayerId, dataObj) {CNN.VideoPlayer.handleFullscreenChange(containerId, dataObj);if (mobilePinnedView &&typeof dataObj === 'object' &&FAVE.Utils.os === 'iOS' && !dataObj.fullscreen) {jQuery(document).scrollTop(mobilePinnedView.getScrollPosition());playerInstance.hideUI();}},onContentPlay: function (containerId, cvpId, event) {var playerInstance,prevVideoId;if (CNN.companion && typeof CNN.companion.updateCompanionLayout === 'function') {CNN.companion.updateCompanionLayout('restoreEpicAds');}clearTimeout(moveToNextTimeout);CNN.VideoPlayer.hideSpinner(containerId);if (Modernizr && !Modernizr.phone && !Modernizr.mobile && !Modernizr.tablet) {if (typeof videoPinner !== 'undefined' && videoPinner !== null) {videoPinner.setIsPlaying(true);videoPinner.animateDown();}}},onContentReplayRequest: function (containerId, cvpId, contentId) {if (Modernizr && !Modernizr.phone && !Modernizr.mobile && !Modernizr.tablet) {if (typeof videoPinner !== 'undefined' && videoPinner !== null) {videoPinner.setIsPlaying(true);var $endSlate = jQuery(document.getElementById(containerId)).parent().find('.js-video__end-slate').eq(0);if ($endSlate.length > 0) {$endSlate.removeClass('video__end-slate--active').addClass('video__end-slate--inactive');}}}},onContentBegin: function (containerId, cvpId, contentId) {if (mobilePinnedView) {mobilePinnedView.enable();}/* Dismissing the pinnedPlayer if another video players plays a video. */CNN.VideoPlayer.dismissMobilePinnedPlayer(containerId);CNN.VideoPlayer.mutePlayer(containerId);if (CNN.companion && typeof CNN.companion.updateCompanionLayout === 'function') {CNN.companion.updateCompanionLayout('removeEpicAds');}CNN.VideoPlayer.hideSpinner(containerId);clearTimeout(moveToNextTimeout);CNN.VideoSourceUtils.clearSource(containerId);jQuery(document).triggerVideoContentStarted();},onContentComplete: function (containerId, cvpId, contentId) {if (CNN.companion && typeof CNN.companion.updateCompanionLayout === 'function') {CNN.companion.updateCompanionLayout('restoreFreewheel');}navigateToNextVideo(contentId, containerId);},onContentEnd: function (containerId, cvpId, contentId) {if (Modernizr && !Modernizr.phone && !Modernizr.mobile && !Modernizr.tablet) {if (typeof videoPinner !== 'undefined' && videoPinner !== null) {videoPinner.setIsPlaying(false);}}},onCVPVisibilityChange: function (containerId, cvpId, visible) {CNN.VideoPlayer.handleAdOnCVPVisibilityChange(containerId, visible);}};if (typeof configObj.context !== 'string' || configObj.context.length <= 0) {configObj.context = 'middleeast'.replace(/[\\(\\)\\-]/g, '');}if (typeof configObj.adsection === 'undefined' && typeof window.ssid === 'string' && window.ssid.length > 0) {configObj.adsection = window.ssid;}CNN.autoPlayVideoExist = (CNN.autoPlayVideoExist === true) ? true : false;CNN.VideoPlayer.getLibrary(configObj, callbackObj, isLivePlayer);});CNN.INJECTOR.scriptComplete('videodemanddust');JUST WATCHEDIsrael: Iran must dismantle centrifugesReplayMore Videos ...MUST WATCH{\"@context\": \"https://schema.org\",\"@type\": \"VideoObject\",\"name\": \"Israel: Iran must dismantle centrifuges\",\"description\": \"CNN&#39;s Jim Clancy reports Israel staged military maneuvers on the eve of Geneva talks on Iran&#39;s nuclear program. \",\"thumbnailURL\": \"https://cdn.cnn.com/cnnnext/dam/assets/131016001210-clancy-israel-iran-is-watching-00004713-story-top.jpg\",\"image\": \"https://cdn.cnn.com/cnnnext/dam/assets/131016001210-clancy-israel-iran-is-watching-00004713-story-top.jpg\",\"duration\": \"PT1M56S\",\"uploadDate\": \"2013-10-16T07:20:13Z\",\"contentUrl\": \"https://edition.cnn.com/videos/world/2013/10/15/clancy-israel-iran-is-watching.cnn\",\"url\": \"https://edition.cnn.com/videos/world/2013/10/15/clancy-israel-iran-is-watching.cnn\",\"embedUrl\": \"https://fave.api.cnn.io/v1/fav/?video=world/2013/10/15/clancy-israel-iran-is-watching.cnn&customer=cnn&edition=international&env=prod\"}Israel: Iran must dismantle centrifuges 01:55\n'use strict';CNN.Videx = CNN.Videx || {};CNN.Videx.mobile = {};CNN.INJECTOR.executeFeature('video').then(function () {CNN.VideoPlayer.handleUnmutePlayer = function handleUnmutePlayer(containerId, dataObj) {'use strict';var playerInstance,playerPropertyObj,rememberTime,unmuteCTA,unmuteIdSelector = 'unmute_' + containerId,isPlayerMute;dataObj = dataObj || {};if (CNN.VideoPlayer.getLibraryName(containerId) === 'fave') {playerInstance = FAVE.player.getInstance(containerId) || null;} else {playerInstance = containerId && window.cnnVideoManager.getPlayerByContainer(containerId).videoInstance.cvp || null;}isPlayerMute = (typeof dataObj.muted === 'boolean') ? dataObj.muted : false;if (CNN.VideoPlayer.playerProperties && CNN.VideoPlayer.playerProperties[containerId]) {playerPropertyObj = CNN.VideoPlayer.playerProperties[containerId];}if (playerPropertyObj.mute && playerPropertyObj.contentPlayed) {if (isPlayerMute === false) {unmuteCTA = jQuery(document.getElementById(unmuteIdSelector));playerInstance.unmute();if (unmuteCTA.length > 0) {unmuteCTA.removeClass('video__unmute--active').addClass('video__unmute--inactive');unmuteCTA.off('click');rememberTime = 0;if (rememberTime < 0) {rememberTime = 360 / 60;}CNN.Utils.storeLocalValue('unmute_middleeast', 'X', rememberTime);}} else {playerInstance.mute();}}};CNN.VideoPlayer.showFlashSlate = function showFlashSlate(container) {'use strict';var $vidEndSlate;$vidEndSlate = container.parent().find('.js-video__end-slate').eq(0);if ($vidEndSlate.length > 0) {$vidEndSlate.find('.l-container').html('<a href=\"https://get.adobe.com/flashplayer/\" target=\"_blank\"><div class=\"flash-slate\"></div></a>');$vidEndSlate.removeClass('video__end-slate--inactive').addClass('video__end-slate--active');}};CNN.autoPlayVideoExist = (CNN.autoPlayVideoExist === true) ? true : false;var configObj = {thumb: 'none',video: 'world/2013/10/14/pkg-clancy-israel-iran-warning.cnn',width: '100%',height: '100%',section: 'international',profile: 'expansion',network: 'cnn',markupId: 'body-text_23',theoplayer: {allowNativeFullscreen: true},adsection: 'const-article-inpage',frameWidth: '100%',frameHeight: '100%',posterImageOverride: {\"mini\":{\"height\":144,\"width\":256,\"type\":\"jpg\",\"uri\":\"//cdn.cnn.com/cnnnext/dam/assets/131014095101-pkg-clancy-israel-iran-warning-00010212-hp-video.jpg\"},\"xsmall\":{\"height\":169,\"width\":300,\"type\":\"jpg\",\"uri\":\"//cdn.cnn.com/cnnnext/dam/assets/131014095101-pkg-clancy-israel-iran-warning-00010212-story-body.jpg\"},\"small\":{\"height\":360,\"width\":640,\"type\":\"jpg\",\"uri\":\"//cdn.cnn.com/cnnnext/dam/assets/131014095101-pkg-clancy-israel-iran-warning-00010212-story-top.jpg\"},\"medium\":{\"height\":552,\"width\":980,\"type\":\"jpg\",\"uri\":\"//cdn.cnn.com/cnnnext/dam/assets/131014095101-pkg-clancy-israel-iran-warning-00010212-horizontal-large-gallery.jpg\"},\"large\":{\"height\":552,\"width\":980,\"type\":\"jpg\",\"uri\":\"//cdn.cnn.com/cnnnext/dam/assets/131014095101-pkg-clancy-israel-iran-warning-00010212-horizontal-large-gallery.jpg\"},\"full16x9\":{\"height\":552,\"width\":980,\"type\":\"jpg\",\"uri\":\"//cdn.cnn.com/cnnnext/dam/assets/131014095101-pkg-clancy-israel-iran-warning-00010212-horizontal-large-gallery.jpg\"},\"mini1x1\":{\"height\":60,\"width\":60,\"type\":\"jpg\",\"uri\":\"//cdn.cnn.com/cnnnext/dam/assets/131014095101-pkg-clancy-israel-iran-warning-00010212-topics.jpg\"}}},autoStartVideo = false,isVideoReplayClicked = false,callbackObj,containerEl,currentVideoCollection = [],currentVideoCollectionId = '',isLivePlayer = false,mediaMetadataCallbacks,mobilePinnedView = null,moveToNextTimeout,mutePlayerEnabled = false,nextVideoId = '',nextVideoUrl = '',turnOnFlashMessaging = false,videoPinner,videoEndSlateImpl;if (CNN.autoPlayVideoExist === false) {autoStartVideo = false;if (autoStartVideo === true) {if (turnOnFlashMessaging === true) {autoStartVideo = false;containerEl = jQuery(document.getElementById(configObj.markupId));CNN.VideoPlayer.showFlashSlate(containerEl);} else {CNN.autoPlayVideoExist = true;}}}configObj.autostart = CNN.Features.enableAutoplayBlock ? false : autoStartVideo;CNN.VideoPlayer.setPlayerProperties(configObj.markupId, autoStartVideo, isLivePlayer, isVideoReplayClicked, mutePlayerEnabled);CNN.VideoPlayer.setFirstVideoInCollection(currentVideoCollection, configObj.markupId);videoEndSlateImpl = new CNN.VideoEndSlate('body-text_23');function findNextVideo(currentVideoId) {var i,vidObj;if (currentVideoId && jQuery.isArray(currentVideoCollection) && currentVideoCollection.length > 0) {for (i = 0; i < currentVideoCollection.length; i++) {vidObj = currentVideoCollection[i];if (typeof vidObj !== 'undefined' && vidObj.videoId === currentVideoId) {if (i < currentVideoCollection.length - 1) {nextVideoId = currentVideoCollection[i + 1].videoId;nextVideoUrl = currentVideoCollection[i + 1].videoUrl;} else {nextVideoId = currentVideoCollection[0].videoId;nextVideoUrl = currentVideoCollection[0].videoUrl;}break;}}if (!nextVideoUrl) {nextVideoId = currentVideoCollection[0].videoId;nextVideoUrl = currentVideoCollection[0].videoUrl;}currentVideoCollectionId = (window.jsmd && window.jsmd.v && window.jsmd.v.eVar60) || nextVideoUrl.replace(/^.+\\/video\\/playlists\\/(.+)\\//, '$1');} else {nextVideoId = '';nextVideoUrl = '';}}findNextVideo('world/2013/10/14/pkg-clancy-israel-iran-warning.cnn');function navigateToNextVideo(currentVideoId, containerId) {var $endSlate,nextVideoPlayTimeout = 1500;findNextVideo(currentVideoId);if (nextVideoUrl) {moveToNextTimeout = setTimeout(function () {location.href = nextVideoUrl;}, nextVideoPlayTimeout);} else {$endSlate = jQuery(document.getElementById(containerId)).parent().find('.js-video__end-slate').eq(0);if ($endSlate.length > 0) {videoEndSlateImpl.showEndSlateForContainer();if (mobilePinnedView) {mobilePinnedView.disable();}}}}callbackObj = {onPlayerReady: function (containerId) {var playerInstance,containerClassId = '#' + containerId;CNN.VideoPlayer.handleInitialExpandableVideoState(containerId);CNN.VideoPlayer.handleAdOnCVPVisibilityChange(containerId, CNN.pageVis.isDocumentVisible());if (CNN.Features.enableMobileWebFloatingPlayer &&Modernizr &&(Modernizr.phone || Modernizr.mobile || Modernizr.tablet) &&CNN.VideoPlayer.getLibraryName(containerId) === 'fave' &&jQuery(containerClassId).parents('.js-pg-rail-tall__head').length > 0 &&CNN.contentModel.pageType === 'article') {playerInstance = FAVE.player.getInstance(containerId);mobilePinnedView = new CNN.MobilePinnedView({element: jQuery(containerClassId),enabled: false,transition: CNN.MobileWebFloatingPlayer.transition,onPin: function () {playerInstance.hideUI();},onUnpin: function () {playerInstance.showUI();},onPlayerClick: function () {if (mobilePinnedView) {playerInstance.enterFullscreen();playerInstance.showUI();}},onDismiss: function() {CNN.Videx.mobile.pinnedPlayer.disable();playerInstance.pause();}});/* Storing pinned view on CNN.Videx.mobile.pinnedPlayer So that all players can see the single pinned player */CNN.Videx = CNN.Videx || {};CNN.Videx.mobile = CNN.Videx.mobile || {};CNN.Videx.mobile.pinnedPlayer = mobilePinnedView;}if (Modernizr && !Modernizr.phone && !Modernizr.mobile && !Modernizr.tablet) {if (jQuery(containerClassId).parents('.js-pg-rail-tall__head').length) {videoPinner = new CNN.VideoPinner(containerClassId);videoPinner.init();} else {CNN.VideoPlayer.hideThumbnail(containerId);}}},onContentEntryLoad: function(containerId, playerId, contentid, isQueue) {CNN.VideoPlayer.showSpinner(containerId);},onContentPause: function (containerId, playerId, videoId, paused) {if (mobilePinnedView) {CNN.VideoPlayer.handleMobilePinnedPlayerStates(containerId, paused);}},onContentMetadata: function (containerId, playerId, metadata, contentId, duration, width, height) {var endSlateLen = jQuery(document.getElementById(containerId)).parent().find('.js-video__end-slate').eq(0).length;CNN.VideoSourceUtils.updateSource(containerId, metadata);if (endSlateLen > 0) {videoEndSlateImpl.fetchAndShowRecommendedVideos(metadata);}},onAdPlay: function (containerId, cvpId, token, mode, id, duration, blockId, adType) {/* Dismissing the pinnedPlayer if another video players plays an Ad */CNN.VideoPlayer.dismissMobilePinnedPlayer(containerId);clearTimeout(moveToNextTimeout);CNN.VideoPlayer.hideSpinner(containerId);if (Modernizr && !Modernizr.phone && !Modernizr.mobile && !Modernizr.tablet) {if (typeof videoPinner !== 'undefined' && videoPinner !== null) {videoPinner.setIsPlaying(true);videoPinner.animateDown();}}},onAdPause: function (containerId, playerId, token, mode, id, duration, blockId, adType, instance, isAdPause) {if (mobilePinnedView) {CNN.VideoPlayer.handleMobilePinnedPlayerStates(containerId, isAdPause);}},onTrackingFullscreen: function (containerId, PlayerId, dataObj) {CNN.VideoPlayer.handleFullscreenChange(containerId, dataObj);if (mobilePinnedView &&typeof dataObj === 'object' &&FAVE.Utils.os === 'iOS' && !dataObj.fullscreen) {jQuery(document).scrollTop(mobilePinnedView.getScrollPosition());playerInstance.hideUI();}},onContentPlay: function (containerId, cvpId, event) {var playerInstance,prevVideoId;if (CNN.companion && typeof CNN.companion.updateCompanionLayout === 'function') {CNN.companion.updateCompanionLayout('restoreEpicAds');}clearTimeout(moveToNextTimeout);CNN.VideoPlayer.hideSpinner(containerId);if (Modernizr && !Modernizr.phone && !Modernizr.mobile && !Modernizr.tablet) {if (typeof videoPinner !== 'undefined' && videoPinner !== null) {videoPinner.setIsPlaying(true);videoPinner.animateDown();}}},onContentReplayRequest: function (containerId, cvpId, contentId) {if (Modernizr && !Modernizr.phone && !Modernizr.mobile && !Modernizr.tablet) {if (typeof videoPinner !== 'undefined' && videoPinner !== null) {videoPinner.setIsPlaying(true);var $endSlate = jQuery(document.getElementById(containerId)).parent().find('.js-video__end-slate').eq(0);if ($endSlate.length > 0) {$endSlate.removeClass('video__end-slate--active').addClass('video__end-slate--inactive');}}}},onContentBegin: function (containerId, cvpId, contentId) {if (mobilePinnedView) {mobilePinnedView.enable();}/* Dismissing the pinnedPlayer if another video players plays a video. */CNN.VideoPlayer.dismissMobilePinnedPlayer(containerId);CNN.VideoPlayer.mutePlayer(containerId);if (CNN.companion && typeof CNN.companion.updateCompanionLayout === 'function') {CNN.companion.updateCompanionLayout('removeEpicAds');}CNN.VideoPlayer.hideSpinner(containerId);clearTimeout(moveToNextTimeout);CNN.VideoSourceUtils.clearSource(containerId);jQuery(document).triggerVideoContentStarted();},onContentComplete: function (containerId, cvpId, contentId) {if (CNN.companion && typeof CNN.companion.updateCompanionLayout === 'function') {CNN.companion.updateCompanionLayout('restoreFreewheel');}navigateToNextVideo(contentId, containerId);},onContentEnd: function (containerId, cvpId, contentId) {if (Modernizr && !Modernizr.phone && !Modernizr.mobile && !Modernizr.tablet) {if (typeof videoPinner !== 'undefined' && videoPinner !== null) {videoPinner.setIsPlaying(false);}}},onCVPVisibilityChange: function (containerId, cvpId, visible) {CNN.VideoPlayer.handleAdOnCVPVisibilityChange(containerId, visible);}};if (typeof configObj.context !== 'string' || configObj.context.length <= 0) {configObj.context = 'middleeast'.replace(/[\\(\\)\\-]/g, '');}if (typeof configObj.adsection === 'undefined' && typeof window.ssid === 'string' && window.ssid.length > 0) {configObj.adsection = window.ssid;}CNN.autoPlayVideoExist = (CNN.autoPlayVideoExist === true) ? true : false;CNN.VideoPlayer.getLibrary(configObj, callbackObj, isLivePlayer);});CNN.INJECTOR.scriptComplete('videodemanddust');JUST WATCHEDIsraeli Air Force pilots warn IranReplayMore Videos ...MUST WATCH{\"@context\": \"https://schema.org\",\"@type\": \"VideoObject\",\"name\": \"Israeli Air Force pilots warn Iran\",\"description\": \"Israel&#39;s air force is sending a message &quot;straight from its wingtips to the Ayatollah&#39;s ears.&quot; Jim Clancy reports.\",\"thumbnailURL\": \"https://cdn.cnn.com/cnnnext/dam/assets/131014095101-pkg-clancy-israel-iran-warning-00010212-story-top.jpg\",\"image\": \"https://cdn.cnn.com/cnnnext/dam/assets/131014095101-pkg-clancy-israel-iran-warning-00010212-story-top.jpg\",\"duration\": \"PT2M17S\",\"uploadDate\": \"2013-10-14T14:10:31Z\",\"contentUrl\": \"https://edition.cnn.com/videos/world/2013/10/14/pkg-clancy-israel-iran-warning.cnn\",\"url\": \"https://edition.cnn.com/videos/world/2013/10/14/pkg-clancy-israel-iran-warning.cnn\",\"embedUrl\": \"https://fave.api.cnn.io/v1/fav/?video=world/2013/10/14/pkg-clancy-israel-iran-warning.cnn&customer=cnn&edition=international&env=prod\"}Israeli Air Force pilots warn Iran 02:16\n'use strict';CNN.Videx = CNN.Videx || {};CNN.Videx.mobile = {};CNN.INJECTOR.executeFeature('video').then(function () {CNN.VideoPlayer.handleUnmutePlayer = function handleUnmutePlayer(containerId, dataObj) {'use strict';var playerInstance,playerPropertyObj,rememberTime,unmuteCTA,unmuteIdSelector = 'unmute_' + containerId,isPlayerMute;dataObj = dataObj || {};if (CNN.VideoPlayer.getLibraryName(containerId) === 'fave') {playerInstance = FAVE.player.getInstance(containerId) || null;} else {playerInstance = containerId && window.cnnVideoManager.getPlayerByContainer(containerId).videoInstance.cvp || null;}isPlayerMute = (typeof dataObj.muted === 'boolean') ? dataObj.muted : false;if (CNN.VideoPlayer.playerProperties && CNN.VideoPlayer.playerProperties[containerId]) {playerPropertyObj = CNN.VideoPlayer.playerProperties[containerId];}if (playerPropertyObj.mute && playerPropertyObj.contentPlayed) {if (isPlayerMute === false) {unmuteCTA = jQuery(document.getElementById(unmuteIdSelector));playerInstance.unmute();if (unmuteCTA.length > 0) {unmuteCTA.removeClass('video__unmute--active').addClass('video__unmute--inactive');unmuteCTA.off('click');rememberTime = 0;if (rememberTime < 0) {rememberTime = 360 / 60;}CNN.Utils.storeLocalValue('unmute_middleeast', 'X', rememberTime);}} else {playerInstance.mute();}}};CNN.VideoPlayer.showFlashSlate = function showFlashSlate(container) {'use strict';var $vidEndSlate;$vidEndSlate = container.parent().find('.js-video__end-slate').eq(0);if ($vidEndSlate.length > 0) {$vidEndSlate.find('.l-container').html('<a href=\"https://get.adobe.com/flashplayer/\" target=\"_blank\"><div class=\"flash-slate\"></div></a>');$vidEndSlate.removeClass('video__end-slate--inactive').addClass('video__end-slate--active');}};CNN.autoPlayVideoExist = (CNN.autoPlayVideoExist === true) ? true : false;var configObj = {thumb: 'none',video: 'world/2013/10/07/burke-iran-jeans-amanpour.cnn',width: '100%',height: '100%',section: 'international',profile: 'expansion',network: 'cnn',markupId: 'body-text_24',theoplayer: {allowNativeFullscreen: true},adsection: 'const-article-inpage',frameWidth: '100%',frameHeight: '100%',posterImageOverride: {\"mini\":{\"height\":144,\"width\":256,\"type\":\"jpg\",\"uri\":\"//cdn.cnn.com/cnnnext/dam/assets/131007130948-burke-iran-jeans-amanpour-00010323-hp-video.jpg\"},\"xsmall\":{\"height\":169,\"width\":300,\"type\":\"jpg\",\"uri\":\"//cdn.cnn.com/cnnnext/dam/assets/131007130948-burke-iran-jeans-amanpour-00010323-story-body.jpg\"},\"small\":{\"height\":360,\"width\":640,\"type\":\"jpg\",\"uri\":\"//cdn.cnn.com/cnnnext/dam/assets/131007130948-burke-iran-jeans-amanpour-00010323-story-top.jpg\"},\"medium\":{\"height\":552,\"width\":980,\"type\":\"jpg\",\"uri\":\"//cdn.cnn.com/cnnnext/dam/assets/131007130948-burke-iran-jeans-amanpour-00010323-horizontal-large-gallery.jpg\"},\"large\":{\"height\":552,\"width\":980,\"type\":\"jpg\",\"uri\":\"//cdn.cnn.com/cnnnext/dam/assets/131007130948-burke-iran-jeans-amanpour-00010323-horizontal-large-gallery.jpg\"},\"full16x9\":{\"height\":552,\"width\":980,\"type\":\"jpg\",\"uri\":\"//cdn.cnn.com/cnnnext/dam/assets/131007130948-burke-iran-jeans-amanpour-00010323-horizontal-large-gallery.jpg\"},\"mini1x1\":{\"height\":60,\"width\":60,\"type\":\"jpg\",\"uri\":\"//cdn.cnn.com/cnnnext/dam/assets/131007130948-burke-iran-jeans-amanpour-00010323-topics.jpg\"}}},autoStartVideo = false,isVideoReplayClicked = false,callbackObj,containerEl,currentVideoCollection = [],currentVideoCollectionId = '',isLivePlayer = false,mediaMetadataCallbacks,mobilePinnedView = null,moveToNextTimeout,mutePlayerEnabled = false,nextVideoId = '',nextVideoUrl = '',turnOnFlashMessaging = false,videoPinner,videoEndSlateImpl;if (CNN.autoPlayVideoExist === false) {autoStartVideo = false;if (autoStartVideo === true) {if (turnOnFlashMessaging === true) {autoStartVideo = false;containerEl = jQuery(document.getElementById(configObj.markupId));CNN.VideoPlayer.showFlashSlate(containerEl);} else {CNN.autoPlayVideoExist = true;}}}configObj.autostart = CNN.Features.enableAutoplayBlock ? false : autoStartVideo;CNN.VideoPlayer.setPlayerProperties(configObj.markupId, autoStartVideo, isLivePlayer, isVideoReplayClicked, mutePlayerEnabled);CNN.VideoPlayer.setFirstVideoInCollection(currentVideoCollection, configObj.markupId);videoEndSlateImpl = new CNN.VideoEndSlate('body-text_24');function findNextVideo(currentVideoId) {var i,vidObj;if (currentVideoId && jQuery.isArray(currentVideoCollection) && currentVideoCollection.length > 0) {for (i = 0; i < currentVideoCollection.length; i++) {vidObj = currentVideoCollection[i];if (typeof vidObj !== 'undefined' && vidObj.videoId === currentVideoId) {if (i < currentVideoCollection.length - 1) {nextVideoId = currentVideoCollection[i + 1].videoId;nextVideoUrl = currentVideoCollection[i + 1].videoUrl;} else {nextVideoId = currentVideoCollection[0].videoId;nextVideoUrl = currentVideoCollection[0].videoUrl;}break;}}if (!nextVideoUrl) {nextVideoId = currentVideoCollection[0].videoId;nextVideoUrl = currentVideoCollection[0].videoUrl;}currentVideoCollectionId = (window.jsmd && window.jsmd.v && window.jsmd.v.eVar60) || nextVideoUrl.replace(/^.+\\/video\\/playlists\\/(.+)\\//, '$1');} else {nextVideoId = '';nextVideoUrl = '';}}findNextVideo('world/2013/10/07/burke-iran-jeans-amanpour.cnn');function navigateToNextVideo(currentVideoId, containerId) {var $endSlate,nextVideoPlayTimeout = 1500;findNextVideo(currentVideoId);if (nextVideoUrl) {moveToNextTimeout = setTimeout(function () {location.href = nextVideoUrl;}, nextVideoPlayTimeout);} else {$endSlate = jQuery(document.getElementById(containerId)).parent().find('.js-video__end-slate').eq(0);if ($endSlate.length > 0) {videoEndSlateImpl.showEndSlateForContainer();if (mobilePinnedView) {mobilePinnedView.disable();}}}}callbackObj = {onPlayerReady: function (containerId) {var playerInstance,containerClassId = '#' + containerId;CNN.VideoPlayer.handleInitialExpandableVideoState(containerId);CNN.VideoPlayer.handleAdOnCVPVisibilityChange(containerId, CNN.pageVis.isDocumentVisible());if (CNN.Features.enableMobileWebFloatingPlayer &&Modernizr &&(Modernizr.phone || Modernizr.mobile || Modernizr.tablet) &&CNN.VideoPlayer.getLibraryName(containerId) === 'fave' &&jQuery(containerClassId).parents('.js-pg-rail-tall__head').length > 0 &&CNN.contentModel.pageType === 'article') {playerInstance = FAVE.player.getInstance(containerId);mobilePinnedView = new CNN.MobilePinnedView({element: jQuery(containerClassId),enabled: false,transition: CNN.MobileWebFloatingPlayer.transition,onPin: function () {playerInstance.hideUI();},onUnpin: function () {playerInstance.showUI();},onPlayerClick: function () {if (mobilePinnedView) {playerInstance.enterFullscreen();playerInstance.showUI();}},onDismiss: function() {CNN.Videx.mobile.pinnedPlayer.disable();playerInstance.pause();}});/* Storing pinned view on CNN.Videx.mobile.pinnedPlayer So that all players can see the single pinned player */CNN.Videx = CNN.Videx || {};CNN.Videx.mobile = CNN.Videx.mobile || {};CNN.Videx.mobile.pinnedPlayer = mobilePinnedView;}if (Modernizr && !Modernizr.phone && !Modernizr.mobile && !Modernizr.tablet) {if (jQuery(containerClassId).parents('.js-pg-rail-tall__head').length) {videoPinner = new CNN.VideoPinner(containerClassId);videoPinner.init();} else {CNN.VideoPlayer.hideThumbnail(containerId);}}},onContentEntryLoad: function(containerId, playerId, contentid, isQueue) {CNN.VideoPlayer.showSpinner(containerId);},onContentPause: function (containerId, playerId, videoId, paused) {if (mobilePinnedView) {CNN.VideoPlayer.handleMobilePinnedPlayerStates(containerId, paused);}},onContentMetadata: function (containerId, playerId, metadata, contentId, duration, width, height) {var endSlateLen = jQuery(document.getElementById(containerId)).parent().find('.js-video__end-slate').eq(0).length;CNN.VideoSourceUtils.updateSource(containerId, metadata);if (endSlateLen > 0) {videoEndSlateImpl.fetchAndShowRecommendedVideos(metadata);}},onAdPlay: function (containerId, cvpId, token, mode, id, duration, blockId, adType) {/* Dismissing the pinnedPlayer if another video players plays an Ad */CNN.VideoPlayer.dismissMobilePinnedPlayer(containerId);clearTimeout(moveToNextTimeout);CNN.VideoPlayer.hideSpinner(containerId);if (Modernizr && !Modernizr.phone && !Modernizr.mobile && !Modernizr.tablet) {if (typeof videoPinner !== 'undefined' && videoPinner !== null) {videoPinner.setIsPlaying(true);videoPinner.animateDown();}}},onAdPause: function (containerId, playerId, token, mode, id, duration, blockId, adType, instance, isAdPause) {if (mobilePinnedView) {CNN.VideoPlayer.handleMobilePinnedPlayerStates(containerId, isAdPause);}},onTrackingFullscreen: function (containerId, PlayerId, dataObj) {CNN.VideoPlayer.handleFullscreenChange(containerId, dataObj);if (mobilePinnedView &&typeof dataObj === 'object' &&FAVE.Utils.os === 'iOS' && !dataObj.fullscreen) {jQuery(document).scrollTop(mobilePinnedView.getScrollPosition());playerInstance.hideUI();}},onContentPlay: function (containerId, cvpId, event) {var playerInstance,prevVideoId;if (CNN.companion && typeof CNN.companion.updateCompanionLayout === 'function') {CNN.companion.updateCompanionLayout('restoreEpicAds');}clearTimeout(moveToNextTimeout);CNN.VideoPlayer.hideSpinner(containerId);if (Modernizr && !Modernizr.phone && !Modernizr.mobile && !Modernizr.tablet) {if (typeof videoPinner !== 'undefined' && videoPinner !== null) {videoPinner.setIsPlaying(true);videoPinner.animateDown();}}},onContentReplayRequest: function (containerId, cvpId, contentId) {if (Modernizr && !Modernizr.phone && !Modernizr.mobile && !Modernizr.tablet) {if (typeof videoPinner !== 'undefined' && videoPinner !== null) {videoPinner.setIsPlaying(true);var $endSlate = jQuery(document.getElementById(containerId)).parent().find('.js-video__end-slate').eq(0);if ($endSlate.length > 0) {$endSlate.removeClass('video__end-slate--active').addClass('video__end-slate--inactive');}}}},onContentBegin: function (containerId, cvpId, contentId) {if (mobilePinnedView) {mobilePinnedView.enable();}/* Dismissing the pinnedPlayer if another video players plays a video. */CNN.VideoPlayer.dismissMobilePinnedPlayer(containerId);CNN.VideoPlayer.mutePlayer(containerId);if (CNN.companion && typeof CNN.companion.updateCompanionLayout === 'function') {CNN.companion.updateCompanionLayout('removeEpicAds');}CNN.VideoPlayer.hideSpinner(containerId);clearTimeout(moveToNextTimeout);CNN.VideoSourceUtils.clearSource(containerId);jQuery(document).triggerVideoContentStarted();},onContentComplete: function (containerId, cvpId, contentId) {if (CNN.companion && typeof CNN.companion.updateCompanionLayout === 'function') {CNN.companion.updateCompanionLayout('restoreFreewheel');}navigateToNextVideo(contentId, containerId);},onContentEnd: function (containerId, cvpId, contentId) {if (Modernizr && !Modernizr.phone && !Modernizr.mobile && !Modernizr.tablet) {if (typeof videoPinner !== 'undefined' && videoPinner !== null) {videoPinner.setIsPlaying(false);}}},onCVPVisibilityChange: function (containerId, cvpId, visible) {CNN.VideoPlayer.handleAdOnCVPVisibilityChange(containerId, visible);}};if (typeof configObj.context !== 'string' || configObj.context.length <= 0) {configObj.context = 'middleeast'.replace(/[\\(\\)\\-]/g, '');}if (typeof configObj.adsection === 'undefined' && typeof window.ssid === 'string' && window.ssid.length > 0) {configObj.adsection = window.ssid;}CNN.autoPlayVideoExist = (CNN.autoPlayVideoExist === true) ? true : false;CNN.VideoPlayer.getLibrary(configObj, callbackObj, isLivePlayer);});CNN.INJECTOR.scriptComplete('videodemanddust');JUST WATCHEDNetanyahu makes #IranJeans trendReplayMore Videos ...MUST WATCH{\"@context\": \"https://schema.org\",\"@type\": \"VideoObject\",\"name\": \"Netanyahu makes #IranJeans trend\",\"description\": \"Fashion and foreign affairs are crossing paths on Iranian social media. CNN&#39;s Samuel Burke has the story.\",\"thumbnailURL\": \"https://cdn.cnn.com/cnnnext/dam/assets/131007130948-burke-iran-jeans-amanpour-00010323-story-top.jpg\",\"image\": \"https://cdn.cnn.com/cnnnext/dam/assets/131007130948-burke-iran-jeans-amanpour-00010323-story-top.jpg\",\"duration\": \"PT2M10S\",\"uploadDate\": \"2013-10-07T17:20:16Z\",\"contentUrl\": \"https://edition.cnn.com/videos/world/2013/10/07/burke-iran-jeans-amanpour.cnn\",\"url\": \"https://edition.cnn.com/videos/world/2013/10/07/burke-iran-jeans-amanpour.cnn\",\"embedUrl\": \"https://fave.api.cnn.io/v1/fav/?video=world/2013/10/07/burke-iran-jeans-amanpour.cnn&customer=cnn&edition=international&env=prod\"}Netanyahu makes #IranJeans trend 02:09\nOpinion: Why there's room to strike a deal\n'Ball is in Iran's court'\nMany in the West fear Iran is pursuing the development of a nuclear bomb, but Iran -- slapped with sanctions because of its program -- has always maintained that it is developing nuclear energy capabilities for peaceful purposes only.\nAshton's spokesman, Michael Mann, said Tuesday that the mood was one of \"cautious optimism\" but that the \"ball is in Iran's court\" to respond to the bloc's concerns.\nThe P5+1 bloc put forward its own proposals at a meeting with Iran in Kazakhstan in the spring, and these remain on the table, Mann told reporters.\nCritics have expressed suspicions about Iran's uranium enrichment, fearing that Iran may secretly be transforming nuclear fuel into atomic bomb-grade materials.\nOn Monday, Iran's Araqchi said shipping Iran's enriched uranium out of the country was a \"red line.\" But on Wednesday, he hinted at flexibility, saying that \"red lines need not be obstacles.\"\nIran insists the West must accept its right to enrich nuclear fuel for civilian purposes as allowed under the Treaty on the Non-Proliferation of Nuclear Weapons, to which Iran is a signatory.\nThawing relations?\nThis week's high-level talks in Geneva are the first such talks since the election of President Hassan Rouhani this summer raised the prospect of a shift in direction from Iran.\nDuring a visit to the U.N. General Assembly in September, Rouhani's diplomatic approach raised hopes in the West of a thaw in relations with Tehran and progress in negotiations on its nuclear program.\nRouhani's visit culminated in a phone call with U.S. President Barack Obama and a meeting between U.S. Secretary of State John Kerry and Iran's Zarif.\nIran nuclear talks are key topic as Obama, Netanyahu meet\nIt was the first such high-level contact between the two sworn enemies since Iran's 1979 revolution, which sent relations between the two into a deep freeze.\nIn another sign of easing tensions, Iran's state news agency IRNA reported Wednesday that Iran and Britain plan to introduce their nonresident charges d'affaires --  the level of diplomat below ambassador -- within two weeks. \nTehran and London agreed to the step on October 8, after a telephone call between Zarif and his British counterpart, William Hague.  The diplomats' mission will be to improve relations on the way to the eventual reopening of embassies, Hague said then.\nAsked about Wednesday's IRNA report, Britain's Foreign and Commonwealth Office told CNN that an announcement would be made in due course.\nBritain closed its embassy in Iran and evacuated its entire diplomatic staff from that country in late 2011 after hundreds of student protesters stormed the embassy and another British diplomatic compound. Hague also ordered the Iranian Embassy in London to close immediately, saying that Iran was in breach of its international obligations to protect diplomatic missions.\nIsrael warns against easing sanctions\nAs the latest talks in Geneva continue, Israel has warned against easing the punishing economic sanctions imposed against Iran too soon. \nSuch a move would be a \"historic mistake,\" Israeli Prime Minister Benjamin Netanyahu said Tuesday.\n\"Now is an opportune moment to reach a genuine diplomatic solution that peacefully ends Iran's military nuclear program,\" he said. \"This opportunity can only be realized if the international community continues to place pressure on Iran, because it is that pressure that has brought Iran back to the negotiations in the first place.\"\nNot everyone is pleased with the talks.\nAlireza Jafarzadeh, with the opposition National Council of Resistance of Iran, accused Iran of using them to buy time to move forward with its nuclear weapons program. He called for still tighter sanctions.\n\"The P5+1 is allowing Iran to talk its way into a nuclear bomb; this explains the new atmospherics and smiles by the Iranian regime's officials,\" Jafarzadeh said. \"The ruling mullahs only understand the language of strength and decisiveness. More concessions will only result in more deceit by the Iranian regime.\"\nAli Larijani, Iran's powerful parliamentary speaker and a close associate of the nation's supreme leader, Ayatollah Ali Khamenei, said last week that Iran is serious about resolving the dispute over its nuclear program.\nIt is keen to resolve the issue \"in a short period of time,\" he told CNN's Christiane Amanpour in an exclusive interview from Geneva. \"From Iran's side, I can say that we are ready,\" he said.\nOpinion: How Tehran got back to the negotiating table", "date": "October 16, 2013 ", "href": "https://edition.cnn.com/2013/10/16/world/meast/iran-nuclear-talks/", "tags": "talks nuclear program iran", "title": "'Substantive' talks over Iran's nuclear program"}