{"content": " (CNN)\"The Shape of Water\" floated to the top as best picture at the 90th annual Academy Awards, bringing a suspenseful close to an awards season punctuated by the sexual-harassment scandals that have roiled Hollywood.\nThe Oscars are a big, unwieldy beast, which invariably try to serve too many masters. Yet if the intent was ultimately to maintain a celebratory tone without ignoring either the outside world or the elephant in the room throughout this year's awards, host Jimmy Kimmel and the show itself largely succeeded.\n'use strict';CNN.Videx = CNN.Videx || {};CNN.Videx.mobile = {};CNN.INJECTOR.executeFeature('video').then(function () {CNN.VideoPlayer.handleUnmutePlayer = function handleUnmutePlayer(containerId, dataObj) {'use strict';var playerInstance,playerPropertyObj,rememberTime,unmuteCTA,unmuteIdSelector = 'unmute_' + containerId,isPlayerMute;dataObj = dataObj || {};if (CNN.VideoPlayer.getLibraryName(containerId) === 'fave') {playerInstance = FAVE.player.getInstance(containerId) || null;} else {playerInstance = containerId && window.cnnVideoManager.getPlayerByContainer(containerId).videoInstance.cvp || null;}isPlayerMute = (typeof dataObj.muted === 'boolean') ? dataObj.muted : false;if (CNN.VideoPlayer.playerProperties && CNN.VideoPlayer.playerProperties[containerId]) {playerPropertyObj = CNN.VideoPlayer.playerProperties[containerId];}if (playerPropertyObj.mute && playerPropertyObj.contentPlayed) {if (isPlayerMute === false) {unmuteCTA = jQuery(document.getElementById(unmuteIdSelector));playerInstance.unmute();if (unmuteCTA.length > 0) {unmuteCTA.removeClass('video__unmute--active').addClass('video__unmute--inactive');unmuteCTA.off('click');rememberTime = 0;if (rememberTime < 0) {rememberTime = 360 / 60;}CNN.Utils.storeLocalValue('unmute_entertainment', 'X', rememberTime);}} else {playerInstance.mute();}}};CNN.VideoPlayer.showFlashSlate = function showFlashSlate(container) {'use strict';var $vidEndSlate;$vidEndSlate = container.parent().find('.js-video__end-slate').eq(0);if ($vidEndSlate.length > 0) {$vidEndSlate.find('.l-container').html('<a href=\"https://get.adobe.com/flashplayer/\" target=\"_blank\"><div class=\"flash-slate\"></div></a>');$vidEndSlate.removeClass('video__end-slate--inactive').addClass('video__end-slate--active');}};CNN.autoPlayVideoExist = (CNN.autoPlayVideoExist === true) ? true : false;var configObj = {thumb: 'none',video: 'entertainment/2018/03/05/ashley-judd-mira-sorvino-oscars-governors-ball-sot.cnn',width: '100%',height: '100%',section: 'international',profile: 'expansion',network: 'cnn',markupId: 'body-text_3',theoplayer: {allowNativeFullscreen: true},adsection: 'const-article-inpage',frameWidth: '100%',frameHeight: '100%',posterImageOverride: {\"mini\":{\"width\":220,\"type\":\"jpg\",\"uri\":\"//cdn.cnn.com/cnnnext/dam/assets/180305005502-ashley-judd-oscars-small-169.jpg\",\"height\":124},\"xsmall\":{\"width\":307,\"type\":\"jpg\",\"uri\":\"//cdn.cnn.com/cnnnext/dam/assets/180305005502-ashley-judd-oscars-medium-plus-169.jpg\",\"height\":173},\"small\":{\"width\":460,\"type\":\"jpg\",\"uri\":\"//cdn.cnn.com/cnnnext/dam/assets/180305005502-ashley-judd-oscars-large-169.jpg\",\"height\":259},\"medium\":{\"width\":780,\"type\":\"jpg\",\"uri\":\"//cdn.cnn.com/cnnnext/dam/assets/180305005502-ashley-judd-oscars-exlarge-169.jpg\",\"height\":438},\"large\":{\"width\":1100,\"type\":\"jpg\",\"uri\":\"//cdn.cnn.com/cnnnext/dam/assets/180305005502-ashley-judd-oscars-super-169.jpg\",\"height\":619},\"full16x9\":{\"width\":1600,\"type\":\"jpg\",\"uri\":\"//cdn.cnn.com/cnnnext/dam/assets/180305005502-ashley-judd-oscars-full-169.jpg\",\"height\":900},\"mini1x1\":{\"width\":120,\"type\":\"jpg\",\"uri\":\"//cdn.cnn.com/cnnnext/dam/assets/180305005502-ashley-judd-oscars-small-11.jpg\",\"height\":120}}},autoStartVideo = false,isVideoReplayClicked = false,callbackObj,containerEl,currentVideoCollection = [],currentVideoCollectionId = '',isLivePlayer = false,mediaMetadataCallbacks,mobilePinnedView = null,moveToNextTimeout,mutePlayerEnabled = false,nextVideoId = '',nextVideoUrl = '',turnOnFlashMessaging = false,videoPinner,videoEndSlateImpl;if (CNN.autoPlayVideoExist === false) {autoStartVideo = false;if (autoStartVideo === true) {if (turnOnFlashMessaging === true) {autoStartVideo = false;containerEl = jQuery(document.getElementById(configObj.markupId));CNN.VideoPlayer.showFlashSlate(containerEl);} else {CNN.autoPlayVideoExist = true;}}}configObj.autostart = CNN.Features.enableAutoplayBlock ? false : autoStartVideo;CNN.VideoPlayer.setPlayerProperties(configObj.markupId, autoStartVideo, isLivePlayer, isVideoReplayClicked, mutePlayerEnabled);CNN.VideoPlayer.setFirstVideoInCollection(currentVideoCollection, configObj.markupId);videoEndSlateImpl = new CNN.VideoEndSlate('body-text_3');function findNextVideo(currentVideoId) {var i,vidObj;if (currentVideoId && jQuery.isArray(currentVideoCollection) && currentVideoCollection.length > 0) {for (i = 0; i < currentVideoCollection.length; i++) {vidObj = currentVideoCollection[i];if (typeof vidObj !== 'undefined' && vidObj.videoId === currentVideoId) {if (i < currentVideoCollection.length - 1) {nextVideoId = currentVideoCollection[i + 1].videoId;nextVideoUrl = currentVideoCollection[i + 1].videoUrl;} else {nextVideoId = currentVideoCollection[0].videoId;nextVideoUrl = currentVideoCollection[0].videoUrl;}break;}}if (!nextVideoUrl) {nextVideoId = currentVideoCollection[0].videoId;nextVideoUrl = currentVideoCollection[0].videoUrl;}currentVideoCollectionId = (window.jsmd && window.jsmd.v && window.jsmd.v.eVar60) || nextVideoUrl.replace(/^.+\\/video\\/playlists\\/(.+)\\//, '$1');} else {nextVideoId = '';nextVideoUrl = '';}}findNextVideo('entertainment/2018/03/05/ashley-judd-mira-sorvino-oscars-governors-ball-sot.cnn');function navigateToNextVideo(currentVideoId, containerId) {var $endSlate,nextVideoPlayTimeout = 1500;findNextVideo(currentVideoId);if (nextVideoUrl) {moveToNextTimeout = setTimeout(function () {location.href = nextVideoUrl;}, nextVideoPlayTimeout);} else {$endSlate = jQuery(document.getElementById(containerId)).parent().find('.js-video__end-slate').eq(0);if ($endSlate.length > 0) {videoEndSlateImpl.showEndSlateForContainer();if (mobilePinnedView) {mobilePinnedView.disable();}}}}callbackObj = {onPlayerReady: function (containerId) {var playerInstance,containerClassId = '#' + containerId;CNN.VideoPlayer.handleInitialExpandableVideoState(containerId);CNN.VideoPlayer.handleAdOnCVPVisibilityChange(containerId, CNN.pageVis.isDocumentVisible());if (CNN.Features.enableMobileWebFloatingPlayer &&Modernizr &&(Modernizr.phone || Modernizr.mobile || Modernizr.tablet) &&CNN.VideoPlayer.getLibraryName(containerId) === 'fave' &&jQuery(containerClassId).parents('.js-pg-rail-tall__head').length > 0 &&CNN.contentModel.pageType === 'article') {playerInstance = FAVE.player.getInstance(containerId);mobilePinnedView = new CNN.MobilePinnedView({element: jQuery(containerClassId),enabled: false,transition: CNN.MobileWebFloatingPlayer.transition,onPin: function () {playerInstance.hideUI();},onUnpin: function () {playerInstance.showUI();},onPlayerClick: function () {if (mobilePinnedView) {playerInstance.enterFullscreen();playerInstance.showUI();}},onDismiss: function() {CNN.Videx.mobile.pinnedPlayer.disable();playerInstance.pause();}});/* Storing pinned view on CNN.Videx.mobile.pinnedPlayer So that all players can see the single pinned player */CNN.Videx = CNN.Videx || {};CNN.Videx.mobile = CNN.Videx.mobile || {};CNN.Videx.mobile.pinnedPlayer = mobilePinnedView;}if (Modernizr && !Modernizr.phone && !Modernizr.mobile && !Modernizr.tablet) {if (jQuery(containerClassId).parents('.js-pg-rail-tall__head').length) {videoPinner = new CNN.VideoPinner(containerClassId);videoPinner.init();} else {CNN.VideoPlayer.hideThumbnail(containerId);}}},onContentEntryLoad: function(containerId, playerId, contentid, isQueue) {CNN.VideoPlayer.showSpinner(containerId);},onContentPause: function (containerId, playerId, videoId, paused) {if (mobilePinnedView) {CNN.VideoPlayer.handleMobilePinnedPlayerStates(containerId, paused);}},onContentMetadata: function (containerId, playerId, metadata, contentId, duration, width, height) {var endSlateLen = jQuery(document.getElementById(containerId)).parent().find('.js-video__end-slate').eq(0).length;CNN.VideoSourceUtils.updateSource(containerId, metadata);if (endSlateLen > 0) {videoEndSlateImpl.fetchAndShowRecommendedVideos(metadata);}},onAdPlay: function (containerId, cvpId, token, mode, id, duration, blockId, adType) {/* Dismissing the pinnedPlayer if another video players plays an Ad */CNN.VideoPlayer.dismissMobilePinnedPlayer(containerId);clearTimeout(moveToNextTimeout);CNN.VideoPlayer.hideSpinner(containerId);if (Modernizr && !Modernizr.phone && !Modernizr.mobile && !Modernizr.tablet) {if (typeof videoPinner !== 'undefined' && videoPinner !== null) {videoPinner.setIsPlaying(true);videoPinner.animateDown();}}},onAdPause: function (containerId, playerId, token, mode, id, duration, blockId, adType, instance, isAdPause) {if (mobilePinnedView) {CNN.VideoPlayer.handleMobilePinnedPlayerStates(containerId, isAdPause);}},onTrackingFullscreen: function (containerId, PlayerId, dataObj) {CNN.VideoPlayer.handleFullscreenChange(containerId, dataObj);if (mobilePinnedView &&typeof dataObj === 'object' &&FAVE.Utils.os === 'iOS' && !dataObj.fullscreen) {jQuery(document).scrollTop(mobilePinnedView.getScrollPosition());playerInstance.hideUI();}},onContentPlay: function (containerId, cvpId, event) {var playerInstance,prevVideoId;if (CNN.companion && typeof CNN.companion.updateCompanionLayout === 'function') {CNN.companion.updateCompanionLayout('restoreEpicAds');}clearTimeout(moveToNextTimeout);CNN.VideoPlayer.hideSpinner(containerId);if (Modernizr && !Modernizr.phone && !Modernizr.mobile && !Modernizr.tablet) {if (typeof videoPinner !== 'undefined' && videoPinner !== null) {videoPinner.setIsPlaying(true);videoPinner.animateDown();}}},onContentReplayRequest: function (containerId, cvpId, contentId) {if (Modernizr && !Modernizr.phone && !Modernizr.mobile && !Modernizr.tablet) {if (typeof videoPinner !== 'undefined' && videoPinner !== null) {videoPinner.setIsPlaying(true);var $endSlate = jQuery(document.getElementById(containerId)).parent().find('.js-video__end-slate').eq(0);if ($endSlate.length > 0) {$endSlate.removeClass('video__end-slate--active').addClass('video__end-slate--inactive');}}}},onContentBegin: function (containerId, cvpId, contentId) {if (mobilePinnedView) {mobilePinnedView.enable();}/* Dismissing the pinnedPlayer if another video players plays a video. */CNN.VideoPlayer.dismissMobilePinnedPlayer(containerId);CNN.VideoPlayer.mutePlayer(containerId);if (CNN.companion && typeof CNN.companion.updateCompanionLayout === 'function') {CNN.companion.updateCompanionLayout('removeEpicAds');}CNN.VideoPlayer.hideSpinner(containerId);clearTimeout(moveToNextTimeout);CNN.VideoSourceUtils.clearSource(containerId);jQuery(document).triggerVideoContentStarted();},onContentComplete: function (containerId, cvpId, contentId) {if (CNN.companion && typeof CNN.companion.updateCompanionLayout === 'function') {CNN.companion.updateCompanionLayout('restoreFreewheel');}navigateToNextVideo(contentId, containerId);},onContentEnd: function (containerId, cvpId, contentId) {if (Modernizr && !Modernizr.phone && !Modernizr.mobile && !Modernizr.tablet) {if (typeof videoPinner !== 'undefined' && videoPinner !== null) {videoPinner.setIsPlaying(false);}}},onCVPVisibilityChange: function (containerId, cvpId, visible) {CNN.VideoPlayer.handleAdOnCVPVisibilityChange(containerId, visible);}};if (typeof configObj.context !== 'string' || configObj.context.length <= 0) {configObj.context = 'entertainment'.replace(/[\\(\\)\\-]/g, '');}if (typeof configObj.adsection === 'undefined' && typeof window.ssid === 'string' && window.ssid.length > 0) {configObj.adsection = window.ssid;}CNN.autoPlayVideoExist = (CNN.autoPlayVideoExist === true) ? true : false;CNN.VideoPlayer.getLibrary(configObj, callbackObj, isLivePlayer);});CNN.INJECTOR.scriptComplete('videodemanddust');JUST WATCHEDJudd: We're going to burn down the patriarchyReplayMore Videos ...MUST WATCH{\"@context\": \"https://schema.org\",\"@type\": \"VideoObject\",\"name\": \"Judd: We&#39;re going to burn down the patriarchy\",\"description\": \"Actress Ashley Judd speaks to CNN&#39;s Stephanie Elam about the #MeToo and Time&#39;s Up movements at the Governors Ball Oscars after party.\",\"thumbnailURL\": \"https://cdn.cnn.com/cnnnext/dam/assets/180305005502-ashley-judd-oscars-large-169.jpg\",\"image\": \"https://cdn.cnn.com/cnnnext/dam/assets/180305005502-ashley-judd-oscars-large-169.jpg\",\"duration\": \"PT1M29S\",\"uploadDate\": \"2018-03-05T06:05:22Z\",\"contentUrl\": \"https://edition.cnn.com/videos/entertainment/2018/03/05/ashley-judd-mira-sorvino-oscars-governors-ball-sot.cnn\",\"url\": \"https://edition.cnn.com/videos/entertainment/2018/03/05/ashley-judd-mira-sorvino-oscars-governors-ball-sot.cnn\",\"embedUrl\": \"https://fave.api.cnn.io/v1/fav/?video=entertainment/2018/03/05/ashley-judd-mira-sorvino-oscars-governors-ball-sot.cnn&customer=cnn&edition=international&env=prod\"}Judd: We're going to burn down the patriarchy 01:28\nAside from best picture, the awards both spread the wealth among a number of films and mostly followed the anticipated script, with few major surprises among the highest-profile categories. The show also managed to deal with serious issues -- from Time's Up to diversity and inclusion -- without sacrificing a sense of fun and irreverence.\n\nHost Jimmy Kimmel at the Oscars on Sunday, March 4, 2018{\"@context\": \"http://schema.org\",\"@type\": \"ImageObject\",\"name\": \"Host Jimmy Kimmel at the Oscars on Sunday, March 4, 2018\",\"description\": \"Host Jimmy Kimmel at the Oscars on Sunday, March 4, 2018\",\"url\": \"//cdn.cnn.com/cnnnext/dam/assets/180304200954-02-oscars-show-jimmy-kimmel-large-169.jpg\",}\nLast year, the two-month awards process was dominated by the collective response to the newly minted Trump administration. While politics played a significant part in Sunday's telecast, there was also the matter of the #MeToo movement, as the entertainment industry still seeks to get its own house in order.\nKimmel addressed the #MeToo movement and Time's Up campaign head-on in his opening monologue, which mocked various targets -- including, inevitably, the Trump White House -- with a light, clever touch.\nActors Ashley Judd, Annabella Sciorra and Salma Hayek speak onstage during the 90th Annual Academy Awards at the Dolby Theatre at Hollywood & Highland Center on March 4, 2018{\"@context\": \"http://schema.org\",\"@type\": \"ImageObject\",\"name\": \"Actors Ashley Judd, Annabella Sciorra and Salma Hayek speak onstage during the 90th Annual Academy Awards at the Dolby Theatre at Hollywood &amp; Highland Center on March 4, 2018\",\"description\": \"Actors Ashley Judd, Annabella Sciorra and Salma Hayek speak onstage during the 90th Annual Academy Awards at the Dolby Theatre at Hollywood &amp; Highland Center on March 4, 2018\",\"url\": \"//cdn.cnn.com/cnnnext/dam/assets/180304225222-13-oscars-show-judd-sciorra-hayek-large-169.jpg\",}\nIndeed, while Kimmel might have become a more polarizing figure with his entry into the healthcare and gun-control debates, he again brought a genial persona to the emcee role, one that somewhat leavened the seriousness and bouts of pretentiousness that can drip into the ceremony.\nRelated: Of course, the Oscars had plenty of political moments\nToward that end, Kimmel not only joked about the show's length but offered a jet ski as an incentive to whoever gave the shortest speech. (This being the Oscars -- a career milestone for honorees -- the sentiment is admirable, but they might need a bigger boat.)\nThe host also again enlisted ordinary people into the act -- this time taking a group of stars to surprise the audience in a nearby theater. As with last year's similar stunt, the idea was better than the execution, but it did give the show a welcome and refreshing jolt of energy.\nIn terms of politics, Kimmel extended an endorsement to the planned march for gun control being organized by students impacted by the Parkland school shooting. When the documentary \"Icarus,\" about a Russian whistleblower, won, he deadpanned, \"Now we know at least [Vladimir] Putin didn't rig this competition.\"\nThe audience also loudly cheered acknowledgment of the Dreamers, those youths brought to America without legal documentation; \"Coco,\" the animated feature, whose producers gave thanks to Mexico, where the story takes place; and Common's passionate rap, which took President Trump to task on multiple fronts. Director Guillermo del Toro also spoke of the power of film to tear down walls, not erect them.\nThe issue of sexual harassment was given powerful voice by several actresses who have publicly spoken out about disgraced producer Harvey Weinstein, allegations that, because of his outsized role, cast a shadow over awards season. Ashley Judd cited \"a mighty chorus that is finally saying Time's Up.\" Frances McDormand also used her speech to deliver a message of female empowerment, having all the women nominees stand -- a symbolic gesture if there ever was one.\nFor an event like the Oscars, avoiding major snafus is always part of the challenge, especially after last year's envelope mix-up. Bringing back Warren Beatty and Faye Dunaway as presenters nicely added closure to that farcical finale.\nThere were, admittedly, an over-abundance of clip packages, although given the 90th-anniversary milestone, that was hardly a surprise.\nThe producers also provided the requisite mix of old and new, featuring the stars of superhero fare like \"Black Panther\" and \"Wonder Woman\" while giving nostalgic nods to Eva Marie Saint, Rita Moreno and Jane Fonda. Throw in screenplay winner James Ivory, 89, and for an industry that prize's youth, it was an inordinately good night for octogenarians.\nWhile the best-picture balloting kept Oscar watchers guessing, the acting nominations went according to form, including lead actors McDormand and Gary Oldman, and supporting honors for Sam Rockwell and Allison Janney.\nThe Oscars are still absorbing the impact of the #OscarsSoWhite campaign, the hash tag created a few years ago in response to the absence of people of color among nominees. Since then, the Academy of Motion Picture Arts and Sciences has expanded its membership by roughly 20% and inducted more women and people of color, new blood that might have had an impact on the awards, producer more openness to genres that have usually been overlooked in the past.\nNotably, sexual-harassment claims also bled into the pre-show coverage, with the E! network featuring Ryan Seacrest emceeing its red-carpet arrivals despite allegations against him by a former wardrobe stylist, which the host has denied.", "date": "March 6, 2018 ", "href": "https://edition.cnn.com/2018/03/04/entertainment/oscars-review/index.html", "tags": "fun wins losing water oscars shape without tackle serious", "title": "'The Shape of Water' wins, as Oscars tackle the serious without losing the fun"}