{"content": "\u201cThe Daily Show\u201d is here for folks who want to change the narrative on the ongoing partial government shutdown.\nTrevor Noah\u2019s team on Friday released its own spoof version of the \u201cBlack Mirror\u201d movie \u201cBandersnatch,\u201d the choose-your-own-adventure movie that was released on Netflix late December.\nThe parody, titled \u201cBordersnatch,\u201d sadly isn\u2019t interactive. But it\u2019s still fun to imagine choosing between two contradicting statements \u2015 both of which have been put forward by President Donald Trump himself in real life.\nCheck out the clip here:", "date": "\n01/12/2019", "href": "https://www.huffpost.com/entry/the-daily-show-bandersnatch-spoof-border-wall_n_5c39b5d0e4b0e0baf53dae98", "tags": "choose-your-own-adventure partial shutdown noah show turns trevor bordersnatch daily choosing mirror titled", "title": "'The Daily Show' Turns Shutdown Into 'Black Mirror'-Style Choose-Your-Own-Adventure"}