{"content": "People on Twitter think the often-chaotic goings-on in President Donald Trump\u2019s administration would make good sitcom material.\nSo, on Wednesday night, they began giving their favorite television shows a Trumpian twist via the nationally trending #WhiteHouseSitcoms hashtag.\n\u201cThe Shady Brunch\u201d or \u201cThe Bigoted Bang Theory,\u201d anyone?", "date": "\n01/10/2019", "href": "https://www.huffpost.com/entry/donald-trump-white-house-sitcoms-twitter-trend_n_5c371438e4b05cb31c3f8b43", "tags": "anyone trending whitehousesitcoms trump giving often-chaotic twitter roasts donald twist bang bigoted goings-on", "title": "'The Bigoted Bang Theory'- Twitter Roasts Donald Trump With #WhiteHouseSitcoms"}