{"content": "President Donald Trump backed down from his demand that Congress give him $5.7 billion for a wall on the U.S.-Mexico border late Friday.\nIn doing so, he agreed to end the longest government shutdown in U.S. history \u2015 which immediately sent ripples around the media, celebrity and political worlds.\nTrump claimed his backtrack was \u201cin no way a concession.\u201d\nTrump tweeted he was simply \u201ctaking care\u201d of the millions of people affected by the shutdown, which he instigated in late December. If no further deal on funding for his wall is done within 21 days, he added, then \u201cit\u2019s off to the races!\u201d\u00a0\nHowever, most people online described it as a \u201ccave\u201d by the commander in chief. Trump\u2019s hometown newspaper, The New York Daily News, called him a \u201ccave man\u201d on its Saturday cover:\nThe news didn\u2019t break in time for more late-night comedians to include it on their Friday broadcasts. However, Stephen Colbert\u2019s \u201cLate Show\u201d crew did manage to shoehorn in this cold open:\nOthers referenced the development on Twitter:\n\u201cCNN Tonight\u201d host Don Lemon asked if Trump had ever experienced a worse day:\u00a0\nFellow CNN anchor Anderson Cooper explained how Trump was trying to redefine his defeat as a victory:\nThe network\u2019s Jim Acosta, meanwhile, called it the biggest tactical defeat of Trump\u2019s life:\nOthers \u2015 including lawmakers, celebrities and TV personalities \u2015 also chimed in:\nConservative commentators, however, had a different take:", "date": "\n01/26/2019", "href": "https://www.huffpost.com/entry/shutdown-cave-donald-trump-reaction_n_5c4c0844e4b0e1872d43da46", "tags": "trump cave celebrities donald shutdown internet explodes defeat", "title": "'This Is A Cave, Not A Wall'- Internet Explodes Over Donald Trump's Shutdown Cave"}