{"content": "London (CNN)A giant 'Trump Baby' balloon is set to be flown close to the UK Parliament during US President Donald Trump's visit to London next week after the Mayor of London gave the go-ahead, it was announced Thursday.\nProtests are expected across London when Trump arrives for his three-day visit to the UK next Friday, with the 6-meter-high (or 19 feet) orange balloon poised to take center stage.\nOver 10,000 people have signed a petition in support of the balloon.{\"@context\": \"http://schema.org\",\"@type\": \"ImageObject\",\"name\": \"Over 10,000 people have signed a petition in support of the balloon.\",\"description\": \"Over 10,000 people have signed a petition in support of the balloon.\",\"url\": \"//cdn.cnn.com/cnnnext/dam/assets/180705122805-01-trump-baby-large-169.jpg\",}\nThe request for the balloon to fly was approved by Mayor Sadiq Khan after over 10,000 people signed a petition and a thousand people contributed \u00a316,000 to a crowdfunding campaign.\n\nThe balloon will fly for two hours on the morning of Friday, July 13, at the same time as the \"Stop Trump\" march in central London.\nThe balloon is 6 meters high, according to its creators.{\"@context\": \"http://schema.org\",\"@type\": \"ImageObject\",\"name\": \"The balloon is 6 meters high, according to its creators.\",\"description\": \"The balloon is 6 meters high, according to its creators.\",\"url\": \"//cdn.cnn.com/cnnnext/dam/assets/180705125011-02-trump-baby-large-169.jpg\",}\nA spokesperson for the Mayor said: \"The Mayor supports the right to peaceful protest and understands that this can take many different forms. His city operations team have met with the organizers and have given them permission to use Parliament Square Garden as a grounding point for the blimp,\"\nHis representative added,\"However, the organizers will also need to receive the necessary approvals from the Metropolitan Police and National Air Traffic Service in order for it to fly.\" \n\"Sadiq's main priority is the safety of all Londoners and visitors to our city, and as always we are working in very close coordination with the Metropolitan Police and other key agencies to ensure all protests are carried out safely and securely,\" the spokesperson said.\nThe giant balloon will be tethered to the ground in Parliament Square Gardens and won't be able to float higher than 30 meters (or 98 feet).\nThe presence of the balloon may exacerbate tensions between Khan and Trump, who have been embroiled in several Twitter spats.\nKhan has been outspoken in his opposition to Trump's visit. He criticized the US President over his tweets following the terror attacks in London last year.", "date": "July 6, 2018 ", "href": "https://edition.cnn.com/2018/07/05/europe/donald-trump-baby-trump-uk-intl/index.html", "tags": "gets light balloon london meters baby green creators mayor petition", "title": "'Trump Baby' balloon gets green light from London mayor "}