{"content": "Story highlightsA brand new Formula E car unveiled online TuesdayThe ultramodern new model will have double the rangeThe car will be introduced for the 2018-19 championship\n (CNN)The world's first all-electric racing series has taken yet another step into the future. \nA brand new Formula E car was unveiled online Tuesday, offering motorsport fans a tantalizing glimpse ahead of its competitive debut later this year. \n\nFollow @cnnsport\n!function(d,s,id){var js,fjs=d.getElementsByTagName(s)[0],p=/^http:/.test(d.location)?'http':'https';if(!d.getElementById(id)){js=d.createElement(s);js.id=id;js.src=p+'://platform.twitter.com/widgets.js';fjs.parentNode.insertBefore(js,fjs);}}(document, 'script', 'twitter-wjs');\n\nBoasting an ultramodern design and aggressive aesthetic, the second generation racer offers almost twice as much energy storage capacity and double the range. \nThat means drivers will no longer have make a mid-race car swap, as they have since the sport first took to race tracks in 2014.\n Photos: 'Welcome to Gotham'A  brand new Formula E car was unveiled online in January, offering motorsport fans a tantalizing glimpse of the future... Hide Caption 1 of 5 Photos: 'Welcome to Gotham'The new car will make its competitive debut in the 2018-19 Formula E Championship later this year.Hide Caption 2 of 5 Photos: 'Welcome to Gotham'Boasting an ultramodern design and aggressive aesthetic, the second generation racer offers almost twice as much energy storage capacity and double the range.Hide Caption 3 of 5 Photos: 'Welcome to Gotham'That means drivers will no longer have make a mid-race car swap going forward.Hide Caption 4 of 5 Photos: 'Welcome to Gotham'\"This car represents the future of racing,\" said Alejandro Agag, Founder & CEO of Formula E.Hide Caption 5 of 5/* global CNN */'use strict';jQuery(document).ready(function () {var galleryAdSlide = new CNN.AdSlide('el__gallery', false, CNN.contentModel.singletonFile);});\nWhat do you make of the new Formula E car? Have your say on CNN Sport's Facebook page\n\"This car represents the future of racing,\" said Alejandro Agag, Founder & CEO of Formula E, of the vehicle that will be introduced for the 2018-19 championship.\n\"When we started Formula E, our goal was to break the mould and challenge the status quo - bringing a revolution to motorsport. This next generation car represents that revolution.\"\nThe FIA brought together a number of leading designers and engineers from around the world to work on the concept -- the first time motorsport's governing body has directly overseen the creation of a car for competition.\nREAD: Orlando Bloom crashes a race car\nCalling these \"very exciting times for Formula E,\" FIA president Jean Todt said the project had been a \"huge success.\" \n\"Today we show for the first time the design of the next generation car, and I'm sure that everyone will be very excited by how futuristic and advanced it is,\" said Todt. \n\"I'm very proud that the FIA has been at the forefront of this car's development. It's something new for the federation.\n\"I can't wait to take the covers off the real car when it will be seen for the first time in Geneva.\"\nFull technical specifications will be revealed on March 6 at the 2018 Geneva Motor Show, alongside the car itself.   \nBut already the new design has caused quite a stir, with many comparing the second generation racer to the Batmobile.\n\"Kapow!! Straight outta Gotham,\" posted the official Formula E account, with a knowing nod to the fictional home of the DC Comics character. \nVisit CNN.com/sport/motorsport for more news and features\n\"Not sure if we will be racing or fighting the joker next year,\" posted Team Andretti. \"Either way, we are excited!\" \n\"Formula E has rocked the motorsport boat,\" tweeted 1996 Formula One world champion Damon Hill. \"Look out F1\".", "date": "January 31, 2018 ", "href": "https://edition.cnn.com/2018/01/30/motorsport/formula-e-new-car-gen2-batmobile/index.html", "tags": "e generation motorsport unveils gotham fia design double formula next ultramodern", "title": "'Welcome to Gotham' - Formula E unveils next generation 'Batmobile' design"}