{"content": "New York (CNN Business)US gasoline prices are becoming a real pain for motorists, particularly in the west.\nA survey of more than 5,000 gas stations conducted by AAA shows that the average price for a gallon of regular gas is now $2.75, up 11% in the last month. And the average price is already above $3 a gallon in six western states: California, Hawaii, Washington, Oregon, Nevada and Alaska. \nFour-dollar gas is the average in a couple of California counties. Many others are within a few cents of that mark, including San Francisco, where the average price is $3.98. The statewide average in California is up 20 cents a gallon, or 5%, to $3.83 in just the last week.\n\nThe Midwest has also been hit by price spikes. The average price in Chicago has jumped 46 cents a gallon, or 16%, to $3.27 in the last month.\nUnplanned refinery maintenance at several locations is responsible for the sudden, and uneven, increases across the nation, said Tom Kloza, head of energy analysis for the Oil Price Information Service. Western states are particularly vulnerable to supply disruptions because they have less refining capacity than other locations across the United States.\n\"The western half of the country hasn't added any refining capacity this century,\" said Kloza. \"It's been a cluster of difficulties but not disasters hurting supplies, particularly out in the West.\"\nKloza said $4-a-gallon gas will be common in California and perhaps in some other western states in the coming weeks. But most of the country could start to see some relief in gas prices soon as refineries along the Gulf Coast start to come back online from scheduled maintenance in the coming weeks.\nCrude oil prices have also played a role in the steady rise in gasoline prices, although gas prices increases have outpaced those in oil markets. \nUS crude oil is up 51% since December 24. American sanctions on Iran and Venezuela and fighting in Libya have combined with a cutback on oil production by OPEC nations to drive up the price of oil.\n\"Almost every day since the day after Christmas, both gas prices and oil prices have crept up,\" said Kloza.", "date": "April 9, 2019 ", "href": "https://edition.cnn.com/2019/04/09/business/gas-prices/index.html", "tags": "kloza capacity cents many gas reality americans nearly gallon", "title": "-4 gas is nearly a reality for many Americans"}