{"content": "Story highlightsThe Kurdish Freedom Falcons, or TAK, claims responsibility for suicide bombing in AnkaraSome complain that Turkey has been heavy-handed in its crackdown on KurdsTurkey has millions of refugees and may get more under a deal with the EU\n (CNN)Millions of refugees from Syria have flooded into Turkey, straining its economy and draining resources. Turkey has been drawn into its neighbor's 5-year-long war, spawning discord with Russia. Its leaders have pushed to join the European Union while fending off criticism of cracking down on opponents and journalists.\nOn top of all this, Turkey is battling a terrorist insurgency.\n\nIn the latest violence, a Kurdish rebel group on Thursday claimed responsibility for a car bomb attack that killed at least 37 people earlier this week in the capital.\nThe Kurdistan Freedom Falcons, or TAK -- an offshoot of the Kurdish separatist group PKK -- said on its website that militants struck Sunday \"in the heart of (the) fascist Turkish republic.\"\n'use strict';CNN.Videx = CNN.Videx || {};CNN.Videx.mobile = {};CNN.INJECTOR.executeFeature('video').then(function () {CNN.VideoPlayer.handleUnmutePlayer = function handleUnmutePlayer(containerId, dataObj) {'use strict';var playerInstance,playerPropertyObj,rememberTime,unmuteCTA,unmuteIdSelector = 'unmute_' + containerId,isPlayerMute;dataObj = dataObj || {};if (CNN.VideoPlayer.getLibraryName(containerId) === 'fave') {playerInstance = FAVE.player.getInstance(containerId) || null;} else {playerInstance = containerId && window.cnnVideoManager.getPlayerByContainer(containerId).videoInstance.cvp || null;}isPlayerMute = (typeof dataObj.muted === 'boolean') ? dataObj.muted : false;if (CNN.VideoPlayer.playerProperties && CNN.VideoPlayer.playerProperties[containerId]) {playerPropertyObj = CNN.VideoPlayer.playerProperties[containerId];}if (playerPropertyObj.mute && playerPropertyObj.contentPlayed) {if (isPlayerMute === false) {unmuteCTA = jQuery(document.getElementById(unmuteIdSelector));playerInstance.unmute();if (unmuteCTA.length > 0) {unmuteCTA.removeClass('video__unmute--active').addClass('video__unmute--inactive');unmuteCTA.off('click');rememberTime = 0;if (rememberTime < 0) {rememberTime = 360 / 60;}CNN.Utils.storeLocalValue('unmute_world', 'X', rememberTime);}} else {playerInstance.mute();}}};CNN.VideoPlayer.showFlashSlate = function showFlashSlate(container) {'use strict';var $vidEndSlate;$vidEndSlate = container.parent().find('.js-video__end-slate').eq(0);if ($vidEndSlate.length > 0) {$vidEndSlate.find('.l-container').html('<a href=\"https://get.adobe.com/flashplayer/\" target=\"_blank\"><div class=\"flash-slate\"></div></a>');$vidEndSlate.removeClass('video__end-slate--inactive').addClass('video__end-slate--active');}};CNN.autoPlayVideoExist = (CNN.autoPlayVideoExist === true) ? true : false;var configObj = {thumb: 'none',video: 'world/2016/02/19/kurdish-factions-turkey-syria-arwa-damon-orig-mss.cnn',width: '100%',height: '100%',section: 'international',profile: 'expansion',network: 'cnn',markupId: 'body-text_7',theoplayer: {allowNativeFullscreen: true},adsection: 'const-article-inpage',frameWidth: '100%',frameHeight: '100%',posterImageOverride: {\"mini\":{\"height\":124,\"width\":220,\"type\":\"jpg\",\"uri\":\"//cdn.cnn.com/cnnnext/dam/assets/160219140022-kurdish-factions-turkey-syria-arwa-damon-orig-mss-00000000-small-169.jpg\"},\"xsmall\":{\"height\":173,\"width\":307,\"type\":\"jpg\",\"uri\":\"//cdn.cnn.com/cnnnext/dam/assets/160219140022-kurdish-factions-turkey-syria-arwa-damon-orig-mss-00000000-medium-plus-169.jpg\"},\"small\":{\"height\":259,\"width\":460,\"type\":\"jpg\",\"uri\":\"//cdn.cnn.com/cnnnext/dam/assets/160219140022-kurdish-factions-turkey-syria-arwa-damon-orig-mss-00000000-large-169.jpg\"},\"medium\":{\"height\":438,\"width\":780,\"type\":\"jpg\",\"uri\":\"//cdn.cnn.com/cnnnext/dam/assets/160219140022-kurdish-factions-turkey-syria-arwa-damon-orig-mss-00000000-exlarge-169.jpg\"},\"large\":{\"height\":619,\"width\":1100,\"type\":\"jpg\",\"uri\":\"//cdn.cnn.com/cnnnext/dam/assets/160219140022-kurdish-factions-turkey-syria-arwa-damon-orig-mss-00000000-super-169.jpg\"},\"full16x9\":{\"height\":900,\"width\":1600,\"type\":\"jpg\",\"uri\":\"//cdn.cnn.com/cnnnext/dam/assets/160219140022-kurdish-factions-turkey-syria-arwa-damon-orig-mss-00000000-full-169.jpg\"},\"mini1x1\":{\"height\":120,\"width\":120,\"type\":\"jpg\",\"uri\":\"//cdn.cnn.com/cnnnext/dam/assets/160219140022-kurdish-factions-turkey-syria-arwa-damon-orig-mss-00000000-small-11.jpg\"}}},autoStartVideo = false,isVideoReplayClicked = false,callbackObj,containerEl,currentVideoCollection = [],currentVideoCollectionId = '',isLivePlayer = false,mediaMetadataCallbacks,mobilePinnedView = null,moveToNextTimeout,mutePlayerEnabled = false,nextVideoId = '',nextVideoUrl = '',turnOnFlashMessaging = false,videoPinner,videoEndSlateImpl;if (CNN.autoPlayVideoExist === false) {autoStartVideo = false;if (autoStartVideo === true) {if (turnOnFlashMessaging === true) {autoStartVideo = false;containerEl = jQuery(document.getElementById(configObj.markupId));CNN.VideoPlayer.showFlashSlate(containerEl);} else {CNN.autoPlayVideoExist = true;}}}configObj.autostart = CNN.Features.enableAutoplayBlock ? false : autoStartVideo;CNN.VideoPlayer.setPlayerProperties(configObj.markupId, autoStartVideo, isLivePlayer, isVideoReplayClicked, mutePlayerEnabled);CNN.VideoPlayer.setFirstVideoInCollection(currentVideoCollection, configObj.markupId);videoEndSlateImpl = new CNN.VideoEndSlate('body-text_7');function findNextVideo(currentVideoId) {var i,vidObj;if (currentVideoId && jQuery.isArray(currentVideoCollection) && currentVideoCollection.length > 0) {for (i = 0; i < currentVideoCollection.length; i++) {vidObj = currentVideoCollection[i];if (typeof vidObj !== 'undefined' && vidObj.videoId === currentVideoId) {if (i < currentVideoCollection.length - 1) {nextVideoId = currentVideoCollection[i + 1].videoId;nextVideoUrl = currentVideoCollection[i + 1].videoUrl;} else {nextVideoId = currentVideoCollection[0].videoId;nextVideoUrl = currentVideoCollection[0].videoUrl;}break;}}if (!nextVideoUrl) {nextVideoId = currentVideoCollection[0].videoId;nextVideoUrl = currentVideoCollection[0].videoUrl;}currentVideoCollectionId = (window.jsmd && window.jsmd.v && window.jsmd.v.eVar60) || nextVideoUrl.replace(/^.+\\/video\\/playlists\\/(.+)\\//, '$1');} else {nextVideoId = '';nextVideoUrl = '';}}findNextVideo('world/2016/02/19/kurdish-factions-turkey-syria-arwa-damon-orig-mss.cnn');function navigateToNextVideo(currentVideoId, containerId) {var $endSlate,nextVideoPlayTimeout = 1500;findNextVideo(currentVideoId);if (nextVideoUrl) {moveToNextTimeout = setTimeout(function () {location.href = nextVideoUrl;}, nextVideoPlayTimeout);} else {$endSlate = jQuery(document.getElementById(containerId)).parent().find('.js-video__end-slate').eq(0);if ($endSlate.length > 0) {videoEndSlateImpl.showEndSlateForContainer();if (mobilePinnedView) {mobilePinnedView.disable();}}}}callbackObj = {onPlayerReady: function (containerId) {var playerInstance,containerClassId = '#' + containerId;CNN.VideoPlayer.handleInitialExpandableVideoState(containerId);CNN.VideoPlayer.handleAdOnCVPVisibilityChange(containerId, CNN.pageVis.isDocumentVisible());if (CNN.Features.enableMobileWebFloatingPlayer &&Modernizr &&(Modernizr.phone || Modernizr.mobile || Modernizr.tablet) &&CNN.VideoPlayer.getLibraryName(containerId) === 'fave' &&jQuery(containerClassId).parents('.js-pg-rail-tall__head').length > 0 &&CNN.contentModel.pageType === 'article') {playerInstance = FAVE.player.getInstance(containerId);mobilePinnedView = new CNN.MobilePinnedView({element: jQuery(containerClassId),enabled: false,transition: CNN.MobileWebFloatingPlayer.transition,onPin: function () {playerInstance.hideUI();},onUnpin: function () {playerInstance.showUI();},onPlayerClick: function () {if (mobilePinnedView) {playerInstance.enterFullscreen();playerInstance.showUI();}},onDismiss: function() {CNN.Videx.mobile.pinnedPlayer.disable();playerInstance.pause();}});/* Storing pinned view on CNN.Videx.mobile.pinnedPlayer So that all players can see the single pinned player */CNN.Videx = CNN.Videx || {};CNN.Videx.mobile = CNN.Videx.mobile || {};CNN.Videx.mobile.pinnedPlayer = mobilePinnedView;}if (Modernizr && !Modernizr.phone && !Modernizr.mobile && !Modernizr.tablet) {if (jQuery(containerClassId).parents('.js-pg-rail-tall__head').length) {videoPinner = new CNN.VideoPinner(containerClassId);videoPinner.init();} else {CNN.VideoPlayer.hideThumbnail(containerId);}}},onContentEntryLoad: function(containerId, playerId, contentid, isQueue) {CNN.VideoPlayer.showSpinner(containerId);},onContentPause: function (containerId, playerId, videoId, paused) {if (mobilePinnedView) {CNN.VideoPlayer.handleMobilePinnedPlayerStates(containerId, paused);}},onContentMetadata: function (containerId, playerId, metadata, contentId, duration, width, height) {var endSlateLen = jQuery(document.getElementById(containerId)).parent().find('.js-video__end-slate').eq(0).length;CNN.VideoSourceUtils.updateSource(containerId, metadata);if (endSlateLen > 0) {videoEndSlateImpl.fetchAndShowRecommendedVideos(metadata);}},onAdPlay: function (containerId, cvpId, token, mode, id, duration, blockId, adType) {/* Dismissing the pinnedPlayer if another video players plays an Ad */CNN.VideoPlayer.dismissMobilePinnedPlayer(containerId);clearTimeout(moveToNextTimeout);CNN.VideoPlayer.hideSpinner(containerId);if (Modernizr && !Modernizr.phone && !Modernizr.mobile && !Modernizr.tablet) {if (typeof videoPinner !== 'undefined' && videoPinner !== null) {videoPinner.setIsPlaying(true);videoPinner.animateDown();}}},onAdPause: function (containerId, playerId, token, mode, id, duration, blockId, adType, instance, isAdPause) {if (mobilePinnedView) {CNN.VideoPlayer.handleMobilePinnedPlayerStates(containerId, isAdPause);}},onTrackingFullscreen: function (containerId, PlayerId, dataObj) {CNN.VideoPlayer.handleFullscreenChange(containerId, dataObj);if (mobilePinnedView &&typeof dataObj === 'object' &&FAVE.Utils.os === 'iOS' && !dataObj.fullscreen) {jQuery(document).scrollTop(mobilePinnedView.getScrollPosition());playerInstance.hideUI();}},onContentPlay: function (containerId, cvpId, event) {var playerInstance,prevVideoId;if (CNN.companion && typeof CNN.companion.updateCompanionLayout === 'function') {CNN.companion.updateCompanionLayout('restoreEpicAds');}clearTimeout(moveToNextTimeout);CNN.VideoPlayer.hideSpinner(containerId);if (Modernizr && !Modernizr.phone && !Modernizr.mobile && !Modernizr.tablet) {if (typeof videoPinner !== 'undefined' && videoPinner !== null) {videoPinner.setIsPlaying(true);videoPinner.animateDown();}}},onContentReplayRequest: function (containerId, cvpId, contentId) {if (Modernizr && !Modernizr.phone && !Modernizr.mobile && !Modernizr.tablet) {if (typeof videoPinner !== 'undefined' && videoPinner !== null) {videoPinner.setIsPlaying(true);var $endSlate = jQuery(document.getElementById(containerId)).parent().find('.js-video__end-slate').eq(0);if ($endSlate.length > 0) {$endSlate.removeClass('video__end-slate--active').addClass('video__end-slate--inactive');}}}},onContentBegin: function (containerId, cvpId, contentId) {if (mobilePinnedView) {mobilePinnedView.enable();}/* Dismissing the pinnedPlayer if another video players plays a video. */CNN.VideoPlayer.dismissMobilePinnedPlayer(containerId);CNN.VideoPlayer.mutePlayer(containerId);if (CNN.companion && typeof CNN.companion.updateCompanionLayout === 'function') {CNN.companion.updateCompanionLayout('removeEpicAds');}CNN.VideoPlayer.hideSpinner(containerId);clearTimeout(moveToNextTimeout);CNN.VideoSourceUtils.clearSource(containerId);jQuery(document).triggerVideoContentStarted();},onContentComplete: function (containerId, cvpId, contentId) {if (CNN.companion && typeof CNN.companion.updateCompanionLayout === 'function') {CNN.companion.updateCompanionLayout('restoreFreewheel');}navigateToNextVideo(contentId, containerId);},onContentEnd: function (containerId, cvpId, contentId) {if (Modernizr && !Modernizr.phone && !Modernizr.mobile && !Modernizr.tablet) {if (typeof videoPinner !== 'undefined' && videoPinner !== null) {videoPinner.setIsPlaying(false);}}},onCVPVisibilityChange: function (containerId, cvpId, visible) {CNN.VideoPlayer.handleAdOnCVPVisibilityChange(containerId, visible);}};if (typeof configObj.context !== 'string' || configObj.context.length <= 0) {configObj.context = 'world'.replace(/[\\(\\)\\-]/g, '');}if (typeof configObj.adsection === 'undefined' && typeof window.ssid === 'string' && window.ssid.length > 0) {configObj.adsection = window.ssid;}CNN.autoPlayVideoExist = (CNN.autoPlayVideoExist === true) ? true : false;CNN.VideoPlayer.getLibrary(configObj, callbackObj, isLivePlayer);});CNN.INJECTOR.scriptComplete('videodemanddust');JUST WATCHEDWhat are the Kurdish factions in Turkey and Syria?ReplayMore Videos ...MUST WATCH{\"@context\": \"https://schema.org\",\"@type\": \"VideoObject\",\"name\": \"What are the Kurdish factions in Turkey and Syria?\",\"description\": \"CNN&#39;s Arwa Damon breaks down the Kurdish political parties in Turkey and Syria and explains what that means for the United States&#39; relationship with Turkey.\",\"thumbnailURL\": \"https://cdn.cnn.com/cnnnext/dam/assets/160219140022-kurdish-factions-turkey-syria-arwa-damon-orig-mss-00000000-large-169.jpg\",\"image\": \"https://cdn.cnn.com/cnnnext/dam/assets/160219140022-kurdish-factions-turkey-syria-arwa-damon-orig-mss-00000000-large-169.jpg\",\"duration\": \"PT1M30S\",\"uploadDate\": \"2016-02-19T19:09:50Z\",\"contentUrl\": \"https://edition.cnn.com/videos/world/2016/02/19/kurdish-factions-turkey-syria-arwa-damon-orig-mss.cnn\",\"url\": \"https://edition.cnn.com/videos/world/2016/02/19/kurdish-factions-turkey-syria-arwa-damon-orig-mss.cnn\",\"embedUrl\": \"https://fave.api.cnn.io/v1/fav/?video=world/2016/02/19/kurdish-factions-turkey-syria-arwa-damon-orig-mss.cnn&customer=cnn&edition=international&env=prod\"}What are the Kurdish factions in Turkey and Syria? 01:29\nThe TAK said \"our comrade\" Seher Cagla Demir was the female suicide bomber behind the Ankara attack. Turkey's Interior Ministry also identified Demir as the bomber, saying she's believed to have trained with Syria-based Kurdish rebels known as the YPG.\nTurkey's NATO allies haven't labeled the YPG as a terrorist group. The U.S.-led coalition supports this Kurdish group and considers it a reliable and effective ally in the fight against ISIS in Syria, much to the chagrin of Turkish President Recep Tayyip Erdogan.\nErdogan: Attacks 'boost' Turkey's resolve\nThe PKK, or Kurdistan Worker's Party, which seeks an independent state in Turkey, has been in an armed struggle with Turkey for decades and has been designated a terrorist organization by Turkey, the United States and EU.\nWho are the Kurdish people?\nIn July, the PKK declared a 2013 ceasefire agreement with Turkey to be over. \nTurkey's military has responded with airstrikes and ground troops pushing into northern Iraq to go after PKK targets.\nThere have also been crackdowns in restive Kurdish areas in southeastern Turkey, with some towns put under curfew. Some accuse the Turkish government of unfair collective punishment for the crimes of a few, saying security forces have acted with impunity and killed civilians.\nOpinion: A new era of Kurdish politics for Turkey?\nThe carnage has spread to Turkey's most populated cities.\nIn January, 10 German tourists died in a suicide bombing in Istanbul's Sultanahmet Square. Authorities connected this attack to ISIS, the terror group that has taken over swaths of Syria and Iraq.\nThen came a February bombing targeting military vehicles in central Ankara, killing 28 people and wounding 61 others. \nTop PKK leader Cemil Bayik said his group didn't know who was responsible. But the Kurdish Freedom Falcons later claimed it carried out the attack as \"revenge\" for Turkish military actions and warned that tourists could be next.\nOver the weekend, a blast ripped through a major transit hub in Ankara. Citing a security source, Turkey's semiofficial Anadolu news agency reported Thursday that the 660-pound (300-kilogram) bomb of RDX, TNT and ammonium nitrate used in the attack was similar in makeup and scale to one used a month earlier, a few hundred meters away.\nThe government reacted to Sunday's attack with military action and defiant rhetoric.\n\"Terror organizations and their pawns are targeting our innocent citizens in the most immoral and heartless way as they lose the fight against our security forces,\" Erdogan said in a statement this week.\n\"Terror attacks -- which intend to target the integrity of Turkey, unity and solidarity of our people -- do not diminish our will to fight against terror, but further boost it.\"\nWhat is the TAK?\nThe TAK is not technically a part of Turkey's main bete noir of Kurdish terrorism, the PKK, but some analysts say that's partly a matter of plausible deniability.\nThey say the TAK follows the broad direction of the PKK, adhering to its ceasefires and mimicking its targeting, but does not seek approval from the PKK's hierarchy for each attack.\nThe PKK's critics say that this loose structure allows the main Kurdish group to keep acts of carnage perpetrated against victims -- like the Ankara attack, which killed almost exclusively innocent civilians -- at an acceptable distance from the larger militant group.\nThe fact that a faction linked, however loosely, to the PKK has claimed this savage attack will still massively complicate the U.S. ties with Turkey. \nThe United States arms and assists Kurds fighting in northern Syria against ISIS.\nBut Turkey insists these militants in northern Syria, the YPG, are essentially the PKK in different uniforms. \nThe U.S. disputes that and lists the PKK as a terror group. But this gray area has damaged relations between Ankara and Washington, and the civilian massacre in Ankara will further complicate that vital relationship in the war against ISIS.\nTurkey may get even more refugees\nOther governments have taken precautions as Turkey faces the threat of more terror attacks that could drive tourists away and hurt its economy.\nIn December, the U.S. diplomatic mission in Turkey cautioned Americans to avoid its consulate in Istanbul because of a security threat. And last week, the American Embassy in Ankara warned of a possible terrorist plot to strike government buildings in the capital's Bahcelievler neighborhood, a few minutes' drive from the site of Sunday's explosion.\nGermany's Foreign Ministry said Thursday that the German Embassy in Ankara, a German school in the city and the German Consulate in Istanbul remained closed \"based on a possible threat that we are still investigating.\"\nThis warning comes as German Chancellor Angela Merkel has taken a leadership role in working with Turkey on how to deal with 4.8 million refugees, as reported by the United Nations, who have fled violence and persecution in Syria.\nThe majority of those, more than 2.7 million refugees, have ended up in Turkey. Others have tried to escape deeper into Europe, sometimes putting their lives in the hands of human smugglers. \nTurkey and the EU have been discussing a proposal to expedite Turkey's entry into the union, to send refugees who left Turkey for Greece back to Turkey and to provide Ankara with financial aid to deal with this influx.\nDonald Tusk, the European Council president, spoke Wednesday of working toward \"an agreement to further strengthen our cooperation with Turkey in order to stem the flow of migrants from Turkey to Europe.\"\nMerkel, addressing her nation's legislature, also talked about \"deepened cooperation\" with Turkey and called Ankara's \"demand for more financial help completely understandable.\" \nAt the same time, she said any discussions about migrants shouldn't take place in a vacuum. The other things happening in Turkey -- including criticisms of rights violations and its crackdown on Kurds -- matter, too.\n\"It ... goes without saying that we stress to Turkey, for example, the importance of freedom of the press (and) the freedom of the Kurds,\" Merkel said Wednesday. \"As important as the necessary fight against the PKK's terror is, (Turkey must take a measured) approach ... for all Kurds.\"", "date": "March 19, 2016 ", "href": "https://edition.cnn.com/2016/03/17/world/ankara-blast/", "tags": "turkey claim rebels kurdish deadly ankara strain pkk blast grows", "title": " Kurdish rebels claim deadly Ankara blast as strain on Turkey grows"}