{"content": "Story highlightsChinese People's Daily newspaper releases cheesy propaganda video The video features foreign students lavishing praise on Xi JinpingThe students describe China's President as \"so cute\" and \"super-charismatic\"\nHong Kong (CNN)Chinese President Xi Jinping has faced a barrage of criticism from U.S. presidential hopefuls recently, but American and other foreign students living in China think he's a handsome, wise and humble leader, who's strong on foreign policy. \nAt least that's the view according to a far-fetched propaganda video produced by People's Daily, the ruling Communist Party's official newspaper, that's quickly gone viral for all the wrong reasons. \n\n\"Handsome. Yeah, he is super charismatic,\" gushes a blonde-haired, blue-eyed Californian girl, who later adds that she read him a poem at her university.\n\n\"His face is a little bit cute. Like everybody looks at him and they just like him,\" an animated male student from Austria says. \n\"Not only a businessman, he's also a family man,\" adds one student from Mexico. \nFrom one cheesy soundbite to the next, the video features fresh-faced students from all over the world, including the U.S., France, Australia, Germany and Russia. They all lavish outlandish praise on \"Xi Dada\" -- a local nickname for Xi that means \"Uncle Xi\" -- sometimes to the point of incredulity. \n\"I really like his foreign policy. He really tries to communicate with all the countries,\" one French student says. It's a statement unlikely to sit well with China's neighbors Malaysia, the Philippines,Taiwan and Vietnam, who are disputing China's territorial claims to waters and island chains in the South China Sea. \n\"If my future husband is like him, I will be happy,\" adds one straight-faced Korean girl. \nChina's Soft Power Push\nEntitled \"Who is Xi Dada?\" the video was initially released on YouTube and Twitter -- sites that are ironically blocked in China -- on the eve of Xi's first official U.S. state visit. \nIt's a small part of a much broader PR campaign by the People's Daily, that has produced pro-China video and print stories of varying quality that feature foreign students and businesses to coincide with Xi's tour, that runs from September 22 to 28. \nIt's also a reflection of a concerted and continuing soft power push by China, which has invested heavily in scholarships and facilities to attract foreign students and in turn promote diplomacy. More than 370,000 students studied in China in 2014, according to the Chinese Ministry of Education. \nAnd although the video may be both laughable and puzzling for people outside of China, the stars of \"Who is Xi Dada?\" may simply be young people trying to please their hosts. \n\"I think the students were being polite and were naive about the international reaction,\" said Paul Gillis, an American and co-director of Peking University's Guanghua School of Management in China.", "date": "September 24, 2015 ", "href": "https://edition.cnn.com/2015/09/24/china/china-foreign-students-xi-dada/index.html", "tags": "jinping cute xi adds students pr dada foreign shower video praise -xi soft", "title": "-Xi Dada, so cute!- Foreign students shower Xi Jinping with praise in PR video"}