{"content": "More than a million Londoners look set to protest at Donald Trump\u2019s visit to the UK after a new poll found 13% of the city\u2019s residents are \u2018likely\u2019 to join the demonstrations.\nA new YouGov/QueenMaryLondon poll, shared with HuffPost UK, found that more than one in 10 of the capital\u2019s 8 million residents were poised to turn out against the U.S. president next month.\nThe survey also found that one in five (20%) 18-24 year-olds expect to march on the streets during the state visit.\nOverall, Londoners of all ages oppose Trump\u2019s trip by a margin of more than two-to-one, with 54% against it and just 24% supporting it.\nTrump arrives in the UK on June 3 and his three-day visit will include a banquet at Buckingham Palace, talks with Prime Minister Theresa May in Downing Street and a trip to Portsmouth to mark 75 years since the D-Day landings of World War Two.\nThe president and first lady Melania Trump will formally be guests of the Queen, and his trip to the palace and to No.10 is expected to be accompanied by one of the biggest demonstrations ever seen in the UK.\nWhen Trump staged a \u2018working visit\u2019 last year, around 100,000 protestors turned out to greet him, with giant \u2018Trump baby\u2019 balloon launched over Parliament Square.\nBut events in the capital were kept to a minimum last time, with Trump carefully helicoptered to\u00a0 Windsor Castle, Blenheim Palace and the PM\u2019s Chequers country retreat to avoid the crowds.\nWith a state visit making London the focus for the trip, the new poll of Londoners suggests that the scale of protests will be even larger.\nWhen asked how likely or unlikely they were to take part in organised protests, 13% said they were \u2018very\u2019 or \u2018fairly\u2019 likely to protest, with 16% of Labour supporters and\u00a0 20% of Lib Dems saying they would turn out. Overall, some 77% said they were unlikely to take part in demos.\nSome 54% of all Londoners are opposed to the Trump trip in principle, with 70% of Labour voters and 77% of Lib Dem voters against it. Even 26% of Tory voters were opposed to it.\nHuffPost UK revealed last week that the government has now abandoned any attempt to allow Trump to address both Houses of Parliament during his trip.\nHe will be denied the historic honour of making a speech in Westminster Hall, following opposition from Commons Speaker John Bercow and Labour\u2019s Jeremy Corbyn to his \u2018racism and sexism\u2019.", "date": "\n05/15/2019", "href": "https://www.huffpost.com/entry/million-londoners-march-against-trump-uk_n_5cdc0a22e4b061f71b88af10", "tags": "set march trump palace visit million overall suggests state uk poll londoners", "title": "1 Million Londoners Set To March Against Trump During UK State Visit, Poll Suggests"}