{"content": "\"I will never let my daughter suffer the way I do when I have my period. My family treats me like an untouchable. \n\"I'm not allowed into the kitchen, I can't enter the temple, I can't sit with others.\"\nThere's a sense of determination in 32-year-old Manju Baluni's voice. I met her in a remote village in Uttarakhand, a hilly state in the north of India. \nIn India, there is generally a silence around the issue of women's health - especially around menstruation.  A deep-rooted taboo feeds into the risible myth-making around menstruation:  women are impure, filthy, sick and even cursed during their period. \nPeople believe that menstruating women should not take baths and are anaemic. \nA recent study by a sanitary towel manufacturer found that 75% of women living in cities still buy their pads wrapped in a brown bag or newspaper because of the shame associated with menstruation. \nThey also almost never ask a male family member to buy sanitary towels or tampons.\nI grew up in a house full of women, but we still never discussed openly one of nature's most normal rites of passage.  \nMy mother used to cut up old bed sheets and hide them in a box, ready to be used by her four young daughters. \nThe biggest challenge was to dry those pieces of cloth. I have vivid memories of feeling tense and worried about the whole process.  \nI was taught the trick by my elder sisters - how to slip these stained clothes under other clothes without any men noticing them. We could not risk putting them out in the open under the sun to dry completely.\nThe result was that they never got properly dry, leaving a horrible stench. The unhygienic cloth got used over and over again.\nLack of water made the cleaning process even more cumbersome and unhygienic. The story has not changed much since then for many Indian women.  \nMany recent studies show that these practices constitute a serious threat to health. It's reported that at least one in five girls in India drop out of school due to menstruation.\nFifteen-year-old Margdarshi lives in a remote village in Uttarakashi.\nShe loves going to school though it means a long difficult trek through very hilly terrain. She never misses her classes, except for last year when she almost gave up her studies after she got her period for the first time.\n\"The biggest problem was managing it. It still is. I feel embarrassed, angry and very dirty. I stopped going to school initially.\"\nShe wants to be a doctor and wonders why boys in her biology class laugh so much when the teacher explains the process of menstruation.\n\"I hate it. I wish we could be more relaxed and feel comfortable talking about it. This happens to every woman so what is there to laugh about?\"\nAnshu Gupta, founder of a non-governmental organisation, Goonj, feels that the problem lies in the fact that this has been made into a women's issue. \n\"It's not a women issue.  It's a human issue but we have just isolated it. Some of us need to come out of this culture of shame and silence. We need to break it.\"\nTrying to ending the silence around the issue, Goonj is one of several groups that are running campaigns to educate people about menstruation and the myths around it.  \nIt works in 21 out of 30 states in India.\nThe organisation is also making cheap sanitary towels from recycled cloths to help those 70% of Indian women who don't have access to safe and hygienic pads. \nOther thriving initiatives are also trying to break the taboos around menstruation.\nMenstrupedia, a website run by four Indians, aims at \"shattering myths and understandings surrounding menstruation\" and features comic books and succinct guides on puberty, menstruation and hygiene management. It receives more than 100,000 visitors a month.\nA school dropout from the southern Indian state of Tamil Nadu was among the first to start making cheap sanitary pads using simple machines. \nA Muruganatham says the sanitary towel has to be \"brought out of the closet\". \nIt is tough being a woman of modest means in India, and it's not going to change any time soon.  \nBut gradually women have started to take charge of their lives. Many of them are not stuck at home during their period - they can choose to go out, work, or continue with their studies.  \nMost importantly, they are beginning to talk about it. Without feeling embarrassed. \nThe BBC's 100 Women season runs online, on BBC World News TV and on BBC World Service radio from 27-29 October. Join the conversation on Facebook and Twitter, using the hashtag #100Women.", "date": "27 October 2014", "href": "https://www.bbc.com/news/world-asia-29727875", "tags": "dry menstruation menstruating india pads sanitary taboo silence women", "title": "100 Women 2014: The taboo of menstruating in India"}