{"content": " (CNN)Solemn ceremonies took place around the world Sunday to mark 100 years to the day since the Armistice that saw the end of World War I. \nMembers of the public, military veterans, world leaders and royals took part in memorials around the globe to remember the 8.5 million people who gave their lives between 1914 and 1918.\nFrench President Emmanuel Macron led the international Armistice Day commemorations Sunday morning by the Tomb of the Unknown Soldier, which lies at the foot of the Arc de Triomphe monument in Paris.\n\nMoroccan King Mohammed VI, US first lady Melania Trump, US President Donald Trump, German Chancellor Angela Merkel, French President Emmanuel Macron and his wife Brigitte attend a ceremony at the Arc de Triomphe in Paris.{\"@context\": \"http://schema.org\",\"@type\": \"ImageObject\",\"name\": \"Moroccan King Mohammed VI, US first lady Melania Trump, US President Donald Trump, German Chancellor Angela Merkel, French President Emmanuel Macron and his wife Brigitte attend a ceremony at the Arc de Triomphe in Paris.\",\"description\": \"Moroccan King Mohammed VI, US first lady Melania Trump, US President Donald Trump, German Chancellor Angela Merkel, French President Emmanuel Macron and his wife Brigitte attend a ceremony at the Arc de Triomphe in Paris.\",\"url\": \"//cdn.cnn.com/cnnnext/dam/assets/181111055556-world-leaders-at-armistice-ceremony-large-169.jpg\",}\nDuring his address, Macron -- who has emerged as Europe's most vocal sentry against a global tide of nationalism -- repeated his warnings.\n\"Patriotism is the exact opposite of nationalism,\" he said through a translator. \"Nationalism is a betrayal of patriotism. By saying our interests first, who cares about the others, we erase what a nation holds dearest, what gives it life, what makes it great and what is essential: its moral values.\n\"I know there are old demons which are coming back to the surface. They are ready to wreak chaos and death,\" he said. \"History sometimes threatens to take its sinister course once again.\"\nUS President Donald Trump and first lady Melania Trump were among those in Paris for the commemorations, which coincide with Veterans Day in the United States. Some 117,000 American military personnel died in World War I. \nTrump's arrival wasn't as smooth as expected, being disrupted by a topless protester who ran towards the US President's motorcade as it was approaching the Arc de Triomphe. The woman, who had the words \"fake\" and \"peace\" scrawled across her bare chest was eventually apprehended by security officials.\nThe US President also faced criticism after the White House canceled a planned trip to the Aisne-Marne American Cemetery, 50 miles outside Paris, on Saturday due to \"scheduling and logistical difficulties caused by the weather.\" \nAlso in attendance at the memorial in Paris was German Chancellor Angela Merkel, Canadian Prime Minister Justin Trudeau, Russian President Vladimir Putin and Turkish President Recep Tayyip Erdo\u011fan.\nFollowing Sunday's ceremony at the Arc de Triomphe, Trump attended a lunch for all the world leaders. He later visited another American cemetery, this one closer to Paris, to lay a wreath and deliver his own speech. \nSpeaking at Suresnes American Cemetery, Trump called out to six US veterans from World War II who were in the crowd, and a 13-year-old American boy who had saved up to attend the event.\nHe also paid his respects to the thousands of American soldiers who died in WWI: \"It is our duty to preserve the civilization they defended and secure the peace they so nobly gave their lives for one century ago.\"\nTrump is due back in Washington by Sunday evening.\nMeanwhile, across the English Channel, royals and senior politicians gathered with veterans and members of the public at the Cenotaph in central London for Sunday's remembrance service. \nAt 11 a.m. the United Kingdom fell silent for two minutes to mark 100 years since the end of WWI, and to remember the approximately 900,000 Britons who gave their lives.\nPrince Charles laid a wreath at the memorial on behalf of Queen Elizabeth II -- who watched on from the balcony of the Foreign and Commonwealth Office.\nCatherine, the Duchess of Cambridge, Camilla, the Duchess of Cornwall and Meghan, the Duchess of Sussex joined the Queen on the balcony.\nEarlier, Australia and New Zealand were the first to mark Armistice, where crowds gathered to pay tribute to the 60,000 Australians and 18,000 New Zealanders who died while serving for the British empire.\nFor Australia, WWI remains the \"costliest conflict in terms of deaths and causalities.\"\nIn Russia, while President Putin joined world leaders in Paris, commemoration services were being held across the country.\nThe Russian Empire, which had a population of around 150 million people, suffered 1.7 million deaths during the war.\n \nMeanwhile, in Germany, when it comes to remembering World War I, there are far fewer memorials -- with the day being marked with muted self-reflection. There will be a commemorative concert to mark the end of the war this evening, however there is no scheduled nationwide event. \nLater on in Washington in the US, the main Veterans Day memorial will take place at Arlington National Cemetery. There will be a wreath-laying ceremony at 11 a.m. local time at the Tomb of the Unknown Soldier, which will then be followed by an observance program in the cemetery's amphitheater. ", "date": "November 11, 2018 ", "href": "https://edition.cnn.com/2018/11/11/europe/world-war-i-armistice-centenary-intl/index.html", "tags": "triomphe wwi end around solemn emmanuel since cemetery marked years arc world veterans ceremonies", "title": "100 years since end of WWI marked with solemn ceremonies around the world"}