{"content": "Fourteen students died on Feb. 14, 2018, in Parkland, Fla., inspiring marches, new laws and widespread calls to stop the onslaught of gun deaths. But in the year since one of the worst school shootings in the United States, nearly 1,200 more children have lost their lives to guns in this country.\n [Read more on how America responded to  Parkland]\nThe number alone might stop most people in their tracks. But editors at The Trace, a nonprofit news organization that reports on gun violence, wanted to remember the dead not as statistics, but as human beings with rich histories. This week they launched \u201cSince Parkland,\u201d a website compiling profiles of every one of the victims. To tell their stories, The Trace turned to those who could relate most closely to the victims: other young people.\nThat\u2019s how Mary Claire Molloy, 18, found herself trying to sum up the life of a 9-month-old boy, Jason Garcia Perez, who \u2014 along with two of his siblings \u2014 was shot and killed in August in Clearlake, Calif., by his father, who then shot and killed himself.\nMs. Molloy, a high school senior in Indianapolis, turned to developmental milestones to try to recreate Jason\u2019s life of crawling and learning to talk. She was one of 200 teenagers to write the profiles.\n\u201cThis is the most haunting and the most powerful thing I\u2019ve ever done,\u201d she said. \u201cI\u2019m a vessel for these kids\u2019 stories that they can never tell. How can I be their voice?\u201d\nMs. Molloy wrote 48 profiles; the youngest victim she wrote about was Jason, and the oldest was Alaina Maria Housley, who died when a gunman opened fire in a bar in Thousand Oaks, Calif.\nThe Trace worked on \u201cSince Parkland\u201d with the Gun Violence Archive, The Miami Herald and the McClatchy newspaper group, whose member newsrooms will be publishing some of the profiles this week and over the weekend.\nWhile the young reporters were assigned most of their stories, some felt a special affinity for certain victims and asked to write about them. A few shared birthdays with the dead. Another asked to write about someone killed in a drive-by shooting because a cousin had died in the same way, said Akoto Ofori-Atta, who led the project and is the managing editor of The Trace.\n[Read how the Parkland massacre has changed the lives of the survivors in their own words.]\n\u201cWe had thought about writing obituaries for kids, and that teen journalists should do this because it\u2019s their story to tell,\u201d she said of the 100-word vignettes. \u201cThey\u2019re short and poetic. You don\u2019t learn about the name until the end.\u201d\nThe circumstances of their deaths were also saved for the end. \u201cDoing this work doesn\u2019t mean only reporting the death,\u201d Ms. Ofori-Atta said.\nThe reporters\u2019 youth was an advantage, said Melat Eskender, 17, a high school senior in Columbus, Ohio. \u201cIt was less intimidating for them to talk to a young person about their child,\u201d she said of victims\u2019 parents.\nMs. Eskender, who wrote or contributed to about 20 profiles, said that she had been most moved by the story of the youngest victim she was assigned, David Lee Anderson, 11, of East Chicago, Ind. He had been caught in crossfire while playing basketball.\n\u201cHe played everyday, and ended up taking a shot to the head on Mother\u2019s Day, in the morning,\u201d said Ms. Eskender, who interviewed David\u2019s devastated mother. \u201cIt was supposed to be a day of celebration of her relationship with her son.\u201d\nBoth students and editors said that the victims were mostly African-American or Latino, and that many of their deaths had not been publicized.\n\u201cWhat struck me is that I didn\u2019t even know this happened,\u201d said Ms. Molloy, who was assigned a victim who lived near her in Indianapolis, a 1-year-old girl.\nNew profiles were being added this week, and the work is not done. They are counting every death until midnight on Wednesday.\n\u201cUnfortunately, we know that there will be a young person who is alive right now and who won\u2019t be alive at the end of the day,\u201d Ms. Ofori-Atta said.", "date": "Feb. 13, 2019", "href": "https://www.nytimes.com/2019/02/13/us/parkland-obituaries-students.html", "tags": "molloy trace parkland since profiles guns assigned nearly shooting children died", "title": "14 Children Died in the Parkland Shooting. Nearly 1,200 Have Died From Guns Since."}