{"content": " (CNN)Here's a look at the 1998 bombings of US embassies in Kenya and Tanzania which killed 224 people. Terrorist group al Qaeda claimed responsibility for the bombings. \nFacts:The bombings took place eight years to the day after US troops were ordered to Saudi Arabia in the aftermath of Iraq's invasion of Kuwait. Al Qaeda leader Osama bin Laden considered the presence of US troops in Saudi Arabia, home to the holy cities of Mecca and Medina, a grave offense. \nMore than 20 people have been indicted in the United States for the bombings. Eight are currently serving prison terms. \n\nTimeline:August 7, 1998 - Almost simultaneously, bombs explode at US embassies in Nairobi, Kenya and Dar es Salaam, Tanzania, killing 224 people. More than 5,000 are wounded. Twelve of those killed in Kenya are US citizens. \nAugust 20, 1998 - The United States launches cruise missiles at suspected terrorist targets in Afghanistan and Sudan, in retaliation for the embassy bombings. \nAugust 27, 1998 - US officials charge Yemeni citizen Mohamed Rashed Daoud Al-'Owhali with 12 counts of murder, one count of conspiracy to commit murder, and one count of conspiracy to use weapons of mass destruction in connection with the embassy bombing in Kenya. \nAugust 28, 1998 - US officials charge Mohammed Saddiq Odeh with 12 counts of murder one count of conspiracy to commit murder, and one count of conspiracy to use weapons of mass destruction. Odeh claims that the bombings were orchestrated by al Qaeda, led by Osama bin Laden. \nSeptember 1998 - Suspect Wadih el Hage is arrested in Arlington, Texas. El Hage has previously worked for Osama bin Laden in Sudan as a personal secretary. El Hage is initially charged with perjury and later with conspiracy to kill US citizens. \nSeptember 16, 1998 - Mamdouh Mahmud Salim, reportedly a founding member of al Qaeda, is arrested in Munich, Germany. He is later extradited to the United States and charged in the embassy bombings. As of 2018, he is still awaiting trial. \nNovember 4, 1998 - US officials indict Osama bin Laden and al Qaeda military chief Muhammad Atef on 224 counts of murder for the embassy bombings. The State Department offers a $5 million reward for information leading to bin Laden's arrest or conviction. \nJuly 11, 1999 - Suspects Ibrahim Hussein Abdel Hadi Eidarous and Adel Abdul Bary are arrested in London. \nOctober 1999 - Suspect Khalfan Khamis Mohamed is arrested in South Africa and extradited to the United States. \nOctober 20, 2000 - Former US Army Sergeant Ali Mohamed pleads guilty to terrorism conspiracy charges in connection to the embassy bombings.  He had admitted in court to visiting the Nairobi embassy in the 1990s to assess its potential as a target for a terrorist attack. \nNovember 1, 2000 - Mamdouh Mahmud Salim stabs a prison guard in the eye with a sharpened comb, causing serious brain damage. \nMay 29, 2001 - A jury in New York finds Mohamed Rashed Daoud al-'Owhali and Khalfan Khamis Mohamed guilty of murder in the embassy bombings. Two other defendants, Mohamed Saddiq Odeh and Wadih el Hage are convicted of conspiracy. \nSeptember 11, 2001 - The deadliest terrorist attack in US history takes place when 19 men hijack four US commercial airliners. The plot is orchestrated by al Qaeda leader Osama bin Laden. A total of 2,977 people are killed at the World Trade Center in New York; at the Pentagon in Washington, DC; and in Shanksville, Pennsylvania. \nOctober 18, 2001 - US District Judge Leonard Sand formally sentences Mohamed al-'Owhali, Khalfan Khamis Mohamed, Mohamed Odeh and Wadih el Hage to life in prison without parole. \nMarch 3, 2003 - The United States opens a new, fortified embassy on the outskirts of Nairobi. \nMay 3, 2004 - Mamdouh Mahmud Salim is sentenced to 32 years in prison for the 2000 attack on prison guard Louis Pepe. \nJuly 2008 - Suspect Ibrahim Hussein Abdel Hadi Eidarous dies under house arrest in Great Britain, while fighting extradition to the United States. \nNovember 24, 2008 - The 2nd US Circuit Court of Appeals upholds the convictions of al-'Owhali, el Hage and Odeh. The court also rules that el Hage is eligible for resentencing. \nAugust 31, 2010 - Mamdouh Mahmud Salim is resentenced to life in prison. \nJanuary 25, 2011 - Ahmed Khalfan Ghailani, the first Guantanamo Bay detainee to be tried in US civilian court, is sentenced to life in prison without parole for his role in the embassy bombings. \nMay 2, 2011 - Al Qaeda leader Osama bin Laden is killed by US Special Forces in a raid in Abbottabad, Pakistan. \nOctober 5, 2012 - Suspects Khaled al-Fawwaz and Adel Abdul Bary are extradited to the United States from Great Britain. \nApril 23, 2013 - Wadih el Hage is resentenced to life in prison. \nOctober 5, 2013 - Suspect Abu Anas al Libi is captured in Tripoli, Libya. \nSeptember 19, 2014 - Adel Abdul Bary pleads guilty to conspiracy to kill US citizens and charges relating to making threats. \nJanuary 2, 2015 - Abu Anas al Libi dies in custody, before his trial begins. \nJanuary 22, 2015 - The trial of Khaled al-Fawwaz begins in New York. He is accused of setting up an al Qaeda media office in London in the 1990s and facilitating conversations among members which led to the 1998 bombings. \nFebruary 6, 2015 - Adel Abdul Bary is sentenced to 25 years in prison after pleading guilty to three counts, including conspiracy to murder US citizens abroad. \nFebruary 26, 2015 - Khaled al-Fawwaz is convicted on conspiracy charges.  \nMay 15, 2015 - Khaled al-Fawwaz is sentenced to life in prison.", "date": "July 31, 2018 ", "href": "https://edition.cnn.com/2013/10/06/world/africa/africa-embassy-bombings-fast-facts/index.html", "tags": "embassies hage laden africa us osama bombings fast odeh facts mohamed", "title": "1998 US Embassies in Africa Bombings Fast Facts"}