{"content": "Story highlightsU.S. pulled support of Iran's nuclear program during Islamic Revolution Since the revolution, the West has worried Iran may produce atomic weapons France, U.S., UK, Russia, China, Germany -- and Iran -- have been negotiating dealThe deal slows Iran's program in exchange for lighter sanctions \nWhen it comes to Iran and the West, the relationship has been convoluted for decades. And this deal is no different. After days of negotiations, six world powers and Tehran reached an agreement that calls on Iran to limit its nuclear activities in return for lighter sanctions. It's complicated politics coupled with complicated science. \nHere's a quick primer to get you up to speed. \nHow did Iran's nuclear program start? \nThe United States launched a nuclear program with Iran in 1957. Back then, the Shah ruled Iran and the two countries were still friends. With backing from the United States, Iran started developing its nuclear power program in the 1970s. But the U.S. pulled its support when the Shah was overthrown during the Islamic Revolution in 1979.\nWho are these 'six world powers'? \nThe talks involved the P5+1 group comprising diplomats from the five permanent members of the U.N. Security Council: U.S., UK, France, Russia and China, plus Germany -- and of course Iran. The group has been meeting in Geneva for days in hopes of reaching a diplomatic solution.\n'use strict';CNN.Videx = CNN.Videx || {};CNN.Videx.mobile = {};CNN.INJECTOR.executeFeature('video').then(function () {CNN.VideoPlayer.handleUnmutePlayer = function handleUnmutePlayer(containerId, dataObj) {'use strict';var playerInstance,playerPropertyObj,rememberTime,unmuteCTA,unmuteIdSelector = 'unmute_' + containerId,isPlayerMute;dataObj = dataObj || {};if (CNN.VideoPlayer.getLibraryName(containerId) === 'fave') {playerInstance = FAVE.player.getInstance(containerId) || null;} else {playerInstance = containerId && window.cnnVideoManager.getPlayerByContainer(containerId).videoInstance.cvp || null;}isPlayerMute = (typeof dataObj.muted === 'boolean') ? dataObj.muted : false;if (CNN.VideoPlayer.playerProperties && CNN.VideoPlayer.playerProperties[containerId]) {playerPropertyObj = CNN.VideoPlayer.playerProperties[containerId];}if (playerPropertyObj.mute && playerPropertyObj.contentPlayed) {if (isPlayerMute === false) {unmuteCTA = jQuery(document.getElementById(unmuteIdSelector));playerInstance.unmute();if (unmuteCTA.length > 0) {unmuteCTA.removeClass('video__unmute--active').addClass('video__unmute--inactive');unmuteCTA.off('click');rememberTime = 0;if (rememberTime < 0) {rememberTime = 360 / 60;}CNN.Utils.storeLocalValue('unmute_middleeast', 'X', rememberTime);}} else {playerInstance.mute();}}};CNN.VideoPlayer.showFlashSlate = function showFlashSlate(container) {'use strict';var $vidEndSlate;$vidEndSlate = container.parent().find('.js-video__end-slate').eq(0);if ($vidEndSlate.length > 0) {$vidEndSlate.find('.l-container').html('<a href=\"https://get.adobe.com/flashplayer/\" target=\"_blank\"><div class=\"flash-slate\"></div></a>');$vidEndSlate.removeClass('video__end-slate--inactive').addClass('video__end-slate--active');}};CNN.autoPlayVideoExist = (CNN.autoPlayVideoExist === true) ? true : false;var configObj = {thumb: 'none',video: 'world/2013/11/24/lok-chance-iran-compromise.cnn',width: '100%',height: '100%',section: 'international',profile: 'expansion',network: 'cnn',markupId: 'body-text_9',theoplayer: {allowNativeFullscreen: true},adsection: 'const-article-inpage',frameWidth: '100%',frameHeight: '100%',posterImageOverride: {\"mini\":{\"height\":144,\"width\":256,\"type\":\"jpg\",\"uri\":\"//cdn.cnn.com/cnnnext/dam/assets/131124034633-lok-chance-iran-compromise-00001004-hp-video.jpg\"},\"xsmall\":{\"height\":169,\"width\":300,\"type\":\"jpg\",\"uri\":\"//cdn.cnn.com/cnnnext/dam/assets/131124034633-lok-chance-iran-compromise-00001004-story-body.jpg\"},\"small\":{\"height\":360,\"width\":640,\"type\":\"jpg\",\"uri\":\"//cdn.cnn.com/cnnnext/dam/assets/131124034633-lok-chance-iran-compromise-00001004-story-top.jpg\"},\"medium\":{\"height\":552,\"width\":980,\"type\":\"jpg\",\"uri\":\"//cdn.cnn.com/cnnnext/dam/assets/131124034633-lok-chance-iran-compromise-00001004-horizontal-large-gallery.jpg\"},\"large\":{\"height\":552,\"width\":980,\"type\":\"jpg\",\"uri\":\"//cdn.cnn.com/cnnnext/dam/assets/131124034633-lok-chance-iran-compromise-00001004-horizontal-large-gallery.jpg\"},\"full16x9\":{\"height\":552,\"width\":980,\"type\":\"jpg\",\"uri\":\"//cdn.cnn.com/cnnnext/dam/assets/131124034633-lok-chance-iran-compromise-00001004-horizontal-large-gallery.jpg\"},\"mini1x1\":{\"height\":60,\"width\":60,\"type\":\"jpg\",\"uri\":\"//cdn.cnn.com/cnnnext/dam/assets/131124034633-lok-chance-iran-compromise-00001004-topics.jpg\"}}},autoStartVideo = false,isVideoReplayClicked = false,callbackObj,containerEl,currentVideoCollection = [],currentVideoCollectionId = '',isLivePlayer = false,mediaMetadataCallbacks,mobilePinnedView = null,moveToNextTimeout,mutePlayerEnabled = false,nextVideoId = '',nextVideoUrl = '',turnOnFlashMessaging = false,videoPinner,videoEndSlateImpl;if (CNN.autoPlayVideoExist === false) {autoStartVideo = false;if (autoStartVideo === true) {if (turnOnFlashMessaging === true) {autoStartVideo = false;containerEl = jQuery(document.getElementById(configObj.markupId));CNN.VideoPlayer.showFlashSlate(containerEl);} else {CNN.autoPlayVideoExist = true;}}}configObj.autostart = CNN.Features.enableAutoplayBlock ? false : autoStartVideo;CNN.VideoPlayer.setPlayerProperties(configObj.markupId, autoStartVideo, isLivePlayer, isVideoReplayClicked, mutePlayerEnabled);CNN.VideoPlayer.setFirstVideoInCollection(currentVideoCollection, configObj.markupId);videoEndSlateImpl = new CNN.VideoEndSlate('body-text_9');function findNextVideo(currentVideoId) {var i,vidObj;if (currentVideoId && jQuery.isArray(currentVideoCollection) && currentVideoCollection.length > 0) {for (i = 0; i < currentVideoCollection.length; i++) {vidObj = currentVideoCollection[i];if (typeof vidObj !== 'undefined' && vidObj.videoId === currentVideoId) {if (i < currentVideoCollection.length - 1) {nextVideoId = currentVideoCollection[i + 1].videoId;nextVideoUrl = currentVideoCollection[i + 1].videoUrl;} else {nextVideoId = currentVideoCollection[0].videoId;nextVideoUrl = currentVideoCollection[0].videoUrl;}break;}}if (!nextVideoUrl) {nextVideoId = currentVideoCollection[0].videoId;nextVideoUrl = currentVideoCollection[0].videoUrl;}currentVideoCollectionId = (window.jsmd && window.jsmd.v && window.jsmd.v.eVar60) || nextVideoUrl.replace(/^.+\\/video\\/playlists\\/(.+)\\//, '$1');} else {nextVideoId = '';nextVideoUrl = '';}}findNextVideo('world/2013/11/24/lok-chance-iran-compromise.cnn');function navigateToNextVideo(currentVideoId, containerId) {var $endSlate,nextVideoPlayTimeout = 1500;findNextVideo(currentVideoId);if (nextVideoUrl) {moveToNextTimeout = setTimeout(function () {location.href = nextVideoUrl;}, nextVideoPlayTimeout);} else {$endSlate = jQuery(document.getElementById(containerId)).parent().find('.js-video__end-slate').eq(0);if ($endSlate.length > 0) {videoEndSlateImpl.showEndSlateForContainer();if (mobilePinnedView) {mobilePinnedView.disable();}}}}callbackObj = {onPlayerReady: function (containerId) {var playerInstance,containerClassId = '#' + containerId;CNN.VideoPlayer.handleInitialExpandableVideoState(containerId);CNN.VideoPlayer.handleAdOnCVPVisibilityChange(containerId, CNN.pageVis.isDocumentVisible());if (CNN.Features.enableMobileWebFloatingPlayer &&Modernizr &&(Modernizr.phone || Modernizr.mobile || Modernizr.tablet) &&CNN.VideoPlayer.getLibraryName(containerId) === 'fave' &&jQuery(containerClassId).parents('.js-pg-rail-tall__head').length > 0 &&CNN.contentModel.pageType === 'article') {playerInstance = FAVE.player.getInstance(containerId);mobilePinnedView = new CNN.MobilePinnedView({element: jQuery(containerClassId),enabled: false,transition: CNN.MobileWebFloatingPlayer.transition,onPin: function () {playerInstance.hideUI();},onUnpin: function () {playerInstance.showUI();},onPlayerClick: function () {if (mobilePinnedView) {playerInstance.enterFullscreen();playerInstance.showUI();}},onDismiss: function() {CNN.Videx.mobile.pinnedPlayer.disable();playerInstance.pause();}});/* Storing pinned view on CNN.Videx.mobile.pinnedPlayer So that all players can see the single pinned player */CNN.Videx = CNN.Videx || {};CNN.Videx.mobile = CNN.Videx.mobile || {};CNN.Videx.mobile.pinnedPlayer = mobilePinnedView;}if (Modernizr && !Modernizr.phone && !Modernizr.mobile && !Modernizr.tablet) {if (jQuery(containerClassId).parents('.js-pg-rail-tall__head').length) {videoPinner = new CNN.VideoPinner(containerClassId);videoPinner.init();} else {CNN.VideoPlayer.hideThumbnail(containerId);}}},onContentEntryLoad: function(containerId, playerId, contentid, isQueue) {CNN.VideoPlayer.showSpinner(containerId);},onContentPause: function (containerId, playerId, videoId, paused) {if (mobilePinnedView) {CNN.VideoPlayer.handleMobilePinnedPlayerStates(containerId, paused);}},onContentMetadata: function (containerId, playerId, metadata, contentId, duration, width, height) {var endSlateLen = jQuery(document.getElementById(containerId)).parent().find('.js-video__end-slate').eq(0).length;CNN.VideoSourceUtils.updateSource(containerId, metadata);if (endSlateLen > 0) {videoEndSlateImpl.fetchAndShowRecommendedVideos(metadata);}},onAdPlay: function (containerId, cvpId, token, mode, id, duration, blockId, adType) {/* Dismissing the pinnedPlayer if another video players plays an Ad */CNN.VideoPlayer.dismissMobilePinnedPlayer(containerId);clearTimeout(moveToNextTimeout);CNN.VideoPlayer.hideSpinner(containerId);if (Modernizr && !Modernizr.phone && !Modernizr.mobile && !Modernizr.tablet) {if (typeof videoPinner !== 'undefined' && videoPinner !== null) {videoPinner.setIsPlaying(true);videoPinner.animateDown();}}},onAdPause: function (containerId, playerId, token, mode, id, duration, blockId, adType, instance, isAdPause) {if (mobilePinnedView) {CNN.VideoPlayer.handleMobilePinnedPlayerStates(containerId, isAdPause);}},onTrackingFullscreen: function (containerId, PlayerId, dataObj) {CNN.VideoPlayer.handleFullscreenChange(containerId, dataObj);if (mobilePinnedView &&typeof dataObj === 'object' &&FAVE.Utils.os === 'iOS' && !dataObj.fullscreen) {jQuery(document).scrollTop(mobilePinnedView.getScrollPosition());playerInstance.hideUI();}},onContentPlay: function (containerId, cvpId, event) {var playerInstance,prevVideoId;if (CNN.companion && typeof CNN.companion.updateCompanionLayout === 'function') {CNN.companion.updateCompanionLayout('restoreEpicAds');}clearTimeout(moveToNextTimeout);CNN.VideoPlayer.hideSpinner(containerId);if (Modernizr && !Modernizr.phone && !Modernizr.mobile && !Modernizr.tablet) {if (typeof videoPinner !== 'undefined' && videoPinner !== null) {videoPinner.setIsPlaying(true);videoPinner.animateDown();}}},onContentReplayRequest: function (containerId, cvpId, contentId) {if (Modernizr && !Modernizr.phone && !Modernizr.mobile && !Modernizr.tablet) {if (typeof videoPinner !== 'undefined' && videoPinner !== null) {videoPinner.setIsPlaying(true);var $endSlate = jQuery(document.getElementById(containerId)).parent().find('.js-video__end-slate').eq(0);if ($endSlate.length > 0) {$endSlate.removeClass('video__end-slate--active').addClass('video__end-slate--inactive');}}}},onContentBegin: function (containerId, cvpId, contentId) {if (mobilePinnedView) {mobilePinnedView.enable();}/* Dismissing the pinnedPlayer if another video players plays a video. */CNN.VideoPlayer.dismissMobilePinnedPlayer(containerId);CNN.VideoPlayer.mutePlayer(containerId);if (CNN.companion && typeof CNN.companion.updateCompanionLayout === 'function') {CNN.companion.updateCompanionLayout('removeEpicAds');}CNN.VideoPlayer.hideSpinner(containerId);clearTimeout(moveToNextTimeout);CNN.VideoSourceUtils.clearSource(containerId);jQuery(document).triggerVideoContentStarted();},onContentComplete: function (containerId, cvpId, contentId) {if (CNN.companion && typeof CNN.companion.updateCompanionLayout === 'function') {CNN.companion.updateCompanionLayout('restoreFreewheel');}navigateToNextVideo(contentId, containerId);},onContentEnd: function (containerId, cvpId, contentId) {if (Modernizr && !Modernizr.phone && !Modernizr.mobile && !Modernizr.tablet) {if (typeof videoPinner !== 'undefined' && videoPinner !== null) {videoPinner.setIsPlaying(false);}}},onCVPVisibilityChange: function (containerId, cvpId, visible) {CNN.VideoPlayer.handleAdOnCVPVisibilityChange(containerId, visible);}};if (typeof configObj.context !== 'string' || configObj.context.length <= 0) {configObj.context = 'middleeast'.replace(/[\\(\\)\\-]/g, '');}if (typeof configObj.adsection === 'undefined' && typeof window.ssid === 'string' && window.ssid.length > 0) {configObj.adsection = window.ssid;}CNN.autoPlayVideoExist = (CNN.autoPlayVideoExist === true) ? true : false;CNN.VideoPlayer.getLibrary(configObj, callbackObj, isLivePlayer);});CNN.INJECTOR.scriptComplete('videodemanddust');JUST WATCHEDDiplomacy leads to Iran nuclear dealReplayMore Videos ...MUST WATCH{\"@context\": \"https://schema.org\",\"@type\": \"VideoObject\",\"name\": \"Diplomacy leads to Iran nuclear deal\",\"description\": \"CNN&#39;s Matthew Chance takes a look at differing interpretations of the Iran nuclear deal.\",\"thumbnailURL\": \"https://cdn.cnn.com/cnnnext/dam/assets/131124034633-lok-chance-iran-compromise-00001004-story-top.jpg\",\"image\": \"https://cdn.cnn.com/cnnnext/dam/assets/131124034633-lok-chance-iran-compromise-00001004-story-top.jpg\",\"duration\": \"PT1M56S\",\"uploadDate\": \"2013-11-24T08:51:42Z\",\"contentUrl\": \"https://edition.cnn.com/videos/world/2013/11/24/lok-chance-iran-compromise.cnn\",\"url\": \"https://edition.cnn.com/videos/world/2013/11/24/lok-chance-iran-compromise.cnn\",\"embedUrl\": \"https://fave.api.cnn.io/v1/fav/?video=world/2013/11/24/lok-chance-iran-compromise.cnn&customer=cnn&edition=international&env=prod\"}Diplomacy leads to Iran nuclear deal 01:55\nRead the deal (.PDF)\nIs Iran the only nation with a nuclear program? \n'use strict';CNN.Videx = CNN.Videx || {};CNN.Videx.mobile = {};CNN.INJECTOR.executeFeature('video').then(function () {CNN.VideoPlayer.handleUnmutePlayer = function handleUnmutePlayer(containerId, dataObj) {'use strict';var playerInstance,playerPropertyObj,rememberTime,unmuteCTA,unmuteIdSelector = 'unmute_' + containerId,isPlayerMute;dataObj = dataObj || {};if (CNN.VideoPlayer.getLibraryName(containerId) === 'fave') {playerInstance = FAVE.player.getInstance(containerId) || null;} else {playerInstance = containerId && window.cnnVideoManager.getPlayerByContainer(containerId).videoInstance.cvp || null;}isPlayerMute = (typeof dataObj.muted === 'boolean') ? dataObj.muted : false;if (CNN.VideoPlayer.playerProperties && CNN.VideoPlayer.playerProperties[containerId]) {playerPropertyObj = CNN.VideoPlayer.playerProperties[containerId];}if (playerPropertyObj.mute && playerPropertyObj.contentPlayed) {if (isPlayerMute === false) {unmuteCTA = jQuery(document.getElementById(unmuteIdSelector));playerInstance.unmute();if (unmuteCTA.length > 0) {unmuteCTA.removeClass('video__unmute--active').addClass('video__unmute--inactive');unmuteCTA.off('click');rememberTime = 0;if (rememberTime < 0) {rememberTime = 360 / 60;}CNN.Utils.storeLocalValue('unmute_middleeast', 'X', rememberTime);}} else {playerInstance.mute();}}};CNN.VideoPlayer.showFlashSlate = function showFlashSlate(container) {'use strict';var $vidEndSlate;$vidEndSlate = container.parent().find('.js-video__end-slate').eq(0);if ($vidEndSlate.length > 0) {$vidEndSlate.find('.l-container').html('<a href=\"https://get.adobe.com/flashplayer/\" target=\"_blank\"><div class=\"flash-slate\"></div></a>');$vidEndSlate.removeClass('video__end-slate--inactive').addClass('video__end-slate--active');}};CNN.autoPlayVideoExist = (CNN.autoPlayVideoExist === true) ? true : false;var configObj = {thumb: 'none',video: 'world/2013/11/24/sayah-iran-deal-done.cnn',width: '100%',height: '100%',section: 'international',profile: 'expansion',network: 'cnn',markupId: 'body-text_12',theoplayer: {allowNativeFullscreen: true},adsection: 'const-article-inpage',frameWidth: '100%',frameHeight: '100%',posterImageOverride: {\"mini\":{\"height\":144,\"width\":256,\"type\":\"jpg\",\"uri\":\"//cdn.cnn.com/cnnnext/dam/assets/131123215128-sayah-iran-deal-done-00011626-hp-video.jpg\"},\"xsmall\":{\"height\":169,\"width\":300,\"type\":\"jpg\",\"uri\":\"//cdn.cnn.com/cnnnext/dam/assets/131123215128-sayah-iran-deal-done-00011626-story-body.jpg\"},\"small\":{\"height\":360,\"width\":640,\"type\":\"jpg\",\"uri\":\"//cdn.cnn.com/cnnnext/dam/assets/131123215128-sayah-iran-deal-done-00011626-story-top.jpg\"},\"medium\":{\"height\":552,\"width\":980,\"type\":\"jpg\",\"uri\":\"//cdn.cnn.com/cnnnext/dam/assets/131123215128-sayah-iran-deal-done-00011626-horizontal-large-gallery.jpg\"},\"large\":{\"height\":552,\"width\":980,\"type\":\"jpg\",\"uri\":\"//cdn.cnn.com/cnnnext/dam/assets/131123215128-sayah-iran-deal-done-00011626-horizontal-large-gallery.jpg\"},\"full16x9\":{\"height\":552,\"width\":980,\"type\":\"jpg\",\"uri\":\"//cdn.cnn.com/cnnnext/dam/assets/131123215128-sayah-iran-deal-done-00011626-horizontal-large-gallery.jpg\"},\"mini1x1\":{\"height\":60,\"width\":60,\"type\":\"jpg\",\"uri\":\"//cdn.cnn.com/cnnnext/dam/assets/131123215128-sayah-iran-deal-done-00011626-topics.jpg\"}}},autoStartVideo = false,isVideoReplayClicked = false,callbackObj,containerEl,currentVideoCollection = [],currentVideoCollectionId = '',isLivePlayer = false,mediaMetadataCallbacks,mobilePinnedView = null,moveToNextTimeout,mutePlayerEnabled = false,nextVideoId = '',nextVideoUrl = '',turnOnFlashMessaging = false,videoPinner,videoEndSlateImpl;if (CNN.autoPlayVideoExist === false) {autoStartVideo = false;if (autoStartVideo === true) {if (turnOnFlashMessaging === true) {autoStartVideo = false;containerEl = jQuery(document.getElementById(configObj.markupId));CNN.VideoPlayer.showFlashSlate(containerEl);} else {CNN.autoPlayVideoExist = true;}}}configObj.autostart = CNN.Features.enableAutoplayBlock ? false : autoStartVideo;CNN.VideoPlayer.setPlayerProperties(configObj.markupId, autoStartVideo, isLivePlayer, isVideoReplayClicked, mutePlayerEnabled);CNN.VideoPlayer.setFirstVideoInCollection(currentVideoCollection, configObj.markupId);videoEndSlateImpl = new CNN.VideoEndSlate('body-text_12');function findNextVideo(currentVideoId) {var i,vidObj;if (currentVideoId && jQuery.isArray(currentVideoCollection) && currentVideoCollection.length > 0) {for (i = 0; i < currentVideoCollection.length; i++) {vidObj = currentVideoCollection[i];if (typeof vidObj !== 'undefined' && vidObj.videoId === currentVideoId) {if (i < currentVideoCollection.length - 1) {nextVideoId = currentVideoCollection[i + 1].videoId;nextVideoUrl = currentVideoCollection[i + 1].videoUrl;} else {nextVideoId = currentVideoCollection[0].videoId;nextVideoUrl = currentVideoCollection[0].videoUrl;}break;}}if (!nextVideoUrl) {nextVideoId = currentVideoCollection[0].videoId;nextVideoUrl = currentVideoCollection[0].videoUrl;}currentVideoCollectionId = (window.jsmd && window.jsmd.v && window.jsmd.v.eVar60) || nextVideoUrl.replace(/^.+\\/video\\/playlists\\/(.+)\\//, '$1');} else {nextVideoId = '';nextVideoUrl = '';}}findNextVideo('world/2013/11/24/sayah-iran-deal-done.cnn');function navigateToNextVideo(currentVideoId, containerId) {var $endSlate,nextVideoPlayTimeout = 1500;findNextVideo(currentVideoId);if (nextVideoUrl) {moveToNextTimeout = setTimeout(function () {location.href = nextVideoUrl;}, nextVideoPlayTimeout);} else {$endSlate = jQuery(document.getElementById(containerId)).parent().find('.js-video__end-slate').eq(0);if ($endSlate.length > 0) {videoEndSlateImpl.showEndSlateForContainer();if (mobilePinnedView) {mobilePinnedView.disable();}}}}callbackObj = {onPlayerReady: function (containerId) {var playerInstance,containerClassId = '#' + containerId;CNN.VideoPlayer.handleInitialExpandableVideoState(containerId);CNN.VideoPlayer.handleAdOnCVPVisibilityChange(containerId, CNN.pageVis.isDocumentVisible());if (CNN.Features.enableMobileWebFloatingPlayer &&Modernizr &&(Modernizr.phone || Modernizr.mobile || Modernizr.tablet) &&CNN.VideoPlayer.getLibraryName(containerId) === 'fave' &&jQuery(containerClassId).parents('.js-pg-rail-tall__head').length > 0 &&CNN.contentModel.pageType === 'article') {playerInstance = FAVE.player.getInstance(containerId);mobilePinnedView = new CNN.MobilePinnedView({element: jQuery(containerClassId),enabled: false,transition: CNN.MobileWebFloatingPlayer.transition,onPin: function () {playerInstance.hideUI();},onUnpin: function () {playerInstance.showUI();},onPlayerClick: function () {if (mobilePinnedView) {playerInstance.enterFullscreen();playerInstance.showUI();}},onDismiss: function() {CNN.Videx.mobile.pinnedPlayer.disable();playerInstance.pause();}});/* Storing pinned view on CNN.Videx.mobile.pinnedPlayer So that all players can see the single pinned player */CNN.Videx = CNN.Videx || {};CNN.Videx.mobile = CNN.Videx.mobile || {};CNN.Videx.mobile.pinnedPlayer = mobilePinnedView;}if (Modernizr && !Modernizr.phone && !Modernizr.mobile && !Modernizr.tablet) {if (jQuery(containerClassId).parents('.js-pg-rail-tall__head').length) {videoPinner = new CNN.VideoPinner(containerClassId);videoPinner.init();} else {CNN.VideoPlayer.hideThumbnail(containerId);}}},onContentEntryLoad: function(containerId, playerId, contentid, isQueue) {CNN.VideoPlayer.showSpinner(containerId);},onContentPause: function (containerId, playerId, videoId, paused) {if (mobilePinnedView) {CNN.VideoPlayer.handleMobilePinnedPlayerStates(containerId, paused);}},onContentMetadata: function (containerId, playerId, metadata, contentId, duration, width, height) {var endSlateLen = jQuery(document.getElementById(containerId)).parent().find('.js-video__end-slate').eq(0).length;CNN.VideoSourceUtils.updateSource(containerId, metadata);if (endSlateLen > 0) {videoEndSlateImpl.fetchAndShowRecommendedVideos(metadata);}},onAdPlay: function (containerId, cvpId, token, mode, id, duration, blockId, adType) {/* Dismissing the pinnedPlayer if another video players plays an Ad */CNN.VideoPlayer.dismissMobilePinnedPlayer(containerId);clearTimeout(moveToNextTimeout);CNN.VideoPlayer.hideSpinner(containerId);if (Modernizr && !Modernizr.phone && !Modernizr.mobile && !Modernizr.tablet) {if (typeof videoPinner !== 'undefined' && videoPinner !== null) {videoPinner.setIsPlaying(true);videoPinner.animateDown();}}},onAdPause: function (containerId, playerId, token, mode, id, duration, blockId, adType, instance, isAdPause) {if (mobilePinnedView) {CNN.VideoPlayer.handleMobilePinnedPlayerStates(containerId, isAdPause);}},onTrackingFullscreen: function (containerId, PlayerId, dataObj) {CNN.VideoPlayer.handleFullscreenChange(containerId, dataObj);if (mobilePinnedView &&typeof dataObj === 'object' &&FAVE.Utils.os === 'iOS' && !dataObj.fullscreen) {jQuery(document).scrollTop(mobilePinnedView.getScrollPosition());playerInstance.hideUI();}},onContentPlay: function (containerId, cvpId, event) {var playerInstance,prevVideoId;if (CNN.companion && typeof CNN.companion.updateCompanionLayout === 'function') {CNN.companion.updateCompanionLayout('restoreEpicAds');}clearTimeout(moveToNextTimeout);CNN.VideoPlayer.hideSpinner(containerId);if (Modernizr && !Modernizr.phone && !Modernizr.mobile && !Modernizr.tablet) {if (typeof videoPinner !== 'undefined' && videoPinner !== null) {videoPinner.setIsPlaying(true);videoPinner.animateDown();}}},onContentReplayRequest: function (containerId, cvpId, contentId) {if (Modernizr && !Modernizr.phone && !Modernizr.mobile && !Modernizr.tablet) {if (typeof videoPinner !== 'undefined' && videoPinner !== null) {videoPinner.setIsPlaying(true);var $endSlate = jQuery(document.getElementById(containerId)).parent().find('.js-video__end-slate').eq(0);if ($endSlate.length > 0) {$endSlate.removeClass('video__end-slate--active').addClass('video__end-slate--inactive');}}}},onContentBegin: function (containerId, cvpId, contentId) {if (mobilePinnedView) {mobilePinnedView.enable();}/* Dismissing the pinnedPlayer if another video players plays a video. */CNN.VideoPlayer.dismissMobilePinnedPlayer(containerId);CNN.VideoPlayer.mutePlayer(containerId);if (CNN.companion && typeof CNN.companion.updateCompanionLayout === 'function') {CNN.companion.updateCompanionLayout('removeEpicAds');}CNN.VideoPlayer.hideSpinner(containerId);clearTimeout(moveToNextTimeout);CNN.VideoSourceUtils.clearSource(containerId);jQuery(document).triggerVideoContentStarted();},onContentComplete: function (containerId, cvpId, contentId) {if (CNN.companion && typeof CNN.companion.updateCompanionLayout === 'function') {CNN.companion.updateCompanionLayout('restoreFreewheel');}navigateToNextVideo(contentId, containerId);},onContentEnd: function (containerId, cvpId, contentId) {if (Modernizr && !Modernizr.phone && !Modernizr.mobile && !Modernizr.tablet) {if (typeof videoPinner !== 'undefined' && videoPinner !== null) {videoPinner.setIsPlaying(false);}}},onCVPVisibilityChange: function (containerId, cvpId, visible) {CNN.VideoPlayer.handleAdOnCVPVisibilityChange(containerId, visible);}};if (typeof configObj.context !== 'string' || configObj.context.length <= 0) {configObj.context = 'middleeast'.replace(/[\\(\\)\\-]/g, '');}if (typeof configObj.adsection === 'undefined' && typeof window.ssid === 'string' && window.ssid.length > 0) {configObj.adsection = window.ssid;}CNN.autoPlayVideoExist = (CNN.autoPlayVideoExist === true) ? true : false;CNN.VideoPlayer.getLibrary(configObj, callbackObj, isLivePlayer);});CNN.INJECTOR.scriptComplete('videodemanddust');JUST WATCHEDReaction to deal in TehranReplayMore Videos ...MUST WATCH{\"@context\": \"https://schema.org\",\"@type\": \"VideoObject\",\"name\": \"Reaction to deal in Tehran\",\"description\": \"CNN&#39;s Reza Sayah gauges the reaction from Tehran after a deal is struck over Iran&#39;s nuclear program.\",\"thumbnailURL\": \"https://cdn.cnn.com/cnnnext/dam/assets/131123215128-sayah-iran-deal-done-00011626-story-top.jpg\",\"image\": \"https://cdn.cnn.com/cnnnext/dam/assets/131123215128-sayah-iran-deal-done-00011626-story-top.jpg\",\"duration\": \"PT3M31S\",\"uploadDate\": \"2013-11-24T05:20:01Z\",\"contentUrl\": \"https://edition.cnn.com/videos/world/2013/11/24/sayah-iran-deal-done.cnn\",\"url\": \"https://edition.cnn.com/videos/world/2013/11/24/sayah-iran-deal-done.cnn\",\"embedUrl\": \"https://fave.api.cnn.io/v1/fav/?video=world/2013/11/24/sayah-iran-deal-done.cnn&customer=cnn&edition=international&env=prod\"}Reaction to deal in Tehran 03:30\nNo. \n'use strict';CNN.Videx = CNN.Videx || {};CNN.Videx.mobile = {};CNN.INJECTOR.executeFeature('video').then(function () {CNN.VideoPlayer.handleUnmutePlayer = function handleUnmutePlayer(containerId, dataObj) {'use strict';var playerInstance,playerPropertyObj,rememberTime,unmuteCTA,unmuteIdSelector = 'unmute_' + containerId,isPlayerMute;dataObj = dataObj || {};if (CNN.VideoPlayer.getLibraryName(containerId) === 'fave') {playerInstance = FAVE.player.getInstance(containerId) || null;} else {playerInstance = containerId && window.cnnVideoManager.getPlayerByContainer(containerId).videoInstance.cvp || null;}isPlayerMute = (typeof dataObj.muted === 'boolean') ? dataObj.muted : false;if (CNN.VideoPlayer.playerProperties && CNN.VideoPlayer.playerProperties[containerId]) {playerPropertyObj = CNN.VideoPlayer.playerProperties[containerId];}if (playerPropertyObj.mute && playerPropertyObj.contentPlayed) {if (isPlayerMute === false) {unmuteCTA = jQuery(document.getElementById(unmuteIdSelector));playerInstance.unmute();if (unmuteCTA.length > 0) {unmuteCTA.removeClass('video__unmute--active').addClass('video__unmute--inactive');unmuteCTA.off('click');rememberTime = 0;if (rememberTime < 0) {rememberTime = 360 / 60;}CNN.Utils.storeLocalValue('unmute_middleeast', 'X', rememberTime);}} else {playerInstance.mute();}}};CNN.VideoPlayer.showFlashSlate = function showFlashSlate(container) {'use strict';var $vidEndSlate;$vidEndSlate = container.parent().find('.js-video__end-slate').eq(0);if ($vidEndSlate.length > 0) {$vidEndSlate.find('.l-container').html('<a href=\"https://get.adobe.com/flashplayer/\" target=\"_blank\"><div class=\"flash-slate\"></div></a>');$vidEndSlate.removeClass('video__end-slate--inactive').addClass('video__end-slate--active');}};CNN.autoPlayVideoExist = (CNN.autoPlayVideoExist === true) ? true : false;var configObj = {thumb: 'none',video: 'world/2013/11/24/bpr-asgard-iran-deal.cnn',width: '100%',height: '100%',section: 'international',profile: 'expansion',network: 'cnn',markupId: 'body-text_14',theoplayer: {allowNativeFullscreen: true},adsection: 'const-article-inpage',frameWidth: '100%',frameHeight: '100%',posterImageOverride: {\"mini\":{\"height\":144,\"width\":256,\"type\":\"jpg\",\"uri\":\"//cdn.cnn.com/cnnnext/dam/assets/131123235426-bpr-asgard-iran-deal-00022610-hp-video.jpg\"},\"xsmall\":{\"height\":169,\"width\":300,\"type\":\"jpg\",\"uri\":\"//cdn.cnn.com/cnnnext/dam/assets/131123235426-bpr-asgard-iran-deal-00022610-story-body.jpg\"},\"small\":{\"height\":360,\"width\":640,\"type\":\"jpg\",\"uri\":\"//cdn.cnn.com/cnnnext/dam/assets/131123235426-bpr-asgard-iran-deal-00022610-story-top.jpg\"},\"medium\":{\"height\":552,\"width\":980,\"type\":\"jpg\",\"uri\":\"//cdn.cnn.com/cnnnext/dam/assets/131123235426-bpr-asgard-iran-deal-00022610-horizontal-large-gallery.jpg\"},\"large\":{\"height\":552,\"width\":980,\"type\":\"jpg\",\"uri\":\"//cdn.cnn.com/cnnnext/dam/assets/131123235426-bpr-asgard-iran-deal-00022610-horizontal-large-gallery.jpg\"},\"full16x9\":{\"height\":552,\"width\":980,\"type\":\"jpg\",\"uri\":\"//cdn.cnn.com/cnnnext/dam/assets/131123235426-bpr-asgard-iran-deal-00022610-horizontal-large-gallery.jpg\"},\"mini1x1\":{\"height\":60,\"width\":60,\"type\":\"jpg\",\"uri\":\"//cdn.cnn.com/cnnnext/dam/assets/131123235426-bpr-asgard-iran-deal-00022610-topics.jpg\"}}},autoStartVideo = false,isVideoReplayClicked = false,callbackObj,containerEl,currentVideoCollection = [],currentVideoCollectionId = '',isLivePlayer = false,mediaMetadataCallbacks,mobilePinnedView = null,moveToNextTimeout,mutePlayerEnabled = false,nextVideoId = '',nextVideoUrl = '',turnOnFlashMessaging = false,videoPinner,videoEndSlateImpl;if (CNN.autoPlayVideoExist === false) {autoStartVideo = false;if (autoStartVideo === true) {if (turnOnFlashMessaging === true) {autoStartVideo = false;containerEl = jQuery(document.getElementById(configObj.markupId));CNN.VideoPlayer.showFlashSlate(containerEl);} else {CNN.autoPlayVideoExist = true;}}}configObj.autostart = CNN.Features.enableAutoplayBlock ? false : autoStartVideo;CNN.VideoPlayer.setPlayerProperties(configObj.markupId, autoStartVideo, isLivePlayer, isVideoReplayClicked, mutePlayerEnabled);CNN.VideoPlayer.setFirstVideoInCollection(currentVideoCollection, configObj.markupId);videoEndSlateImpl = new CNN.VideoEndSlate('body-text_14');function findNextVideo(currentVideoId) {var i,vidObj;if (currentVideoId && jQuery.isArray(currentVideoCollection) && currentVideoCollection.length > 0) {for (i = 0; i < currentVideoCollection.length; i++) {vidObj = currentVideoCollection[i];if (typeof vidObj !== 'undefined' && vidObj.videoId === currentVideoId) {if (i < currentVideoCollection.length - 1) {nextVideoId = currentVideoCollection[i + 1].videoId;nextVideoUrl = currentVideoCollection[i + 1].videoUrl;} else {nextVideoId = currentVideoCollection[0].videoId;nextVideoUrl = currentVideoCollection[0].videoUrl;}break;}}if (!nextVideoUrl) {nextVideoId = currentVideoCollection[0].videoId;nextVideoUrl = currentVideoCollection[0].videoUrl;}currentVideoCollectionId = (window.jsmd && window.jsmd.v && window.jsmd.v.eVar60) || nextVideoUrl.replace(/^.+\\/video\\/playlists\\/(.+)\\//, '$1');} else {nextVideoId = '';nextVideoUrl = '';}}findNextVideo('world/2013/11/24/bpr-asgard-iran-deal.cnn');function navigateToNextVideo(currentVideoId, containerId) {var $endSlate,nextVideoPlayTimeout = 1500;findNextVideo(currentVideoId);if (nextVideoUrl) {moveToNextTimeout = setTimeout(function () {location.href = nextVideoUrl;}, nextVideoPlayTimeout);} else {$endSlate = jQuery(document.getElementById(containerId)).parent().find('.js-video__end-slate').eq(0);if ($endSlate.length > 0) {videoEndSlateImpl.showEndSlateForContainer();if (mobilePinnedView) {mobilePinnedView.disable();}}}}callbackObj = {onPlayerReady: function (containerId) {var playerInstance,containerClassId = '#' + containerId;CNN.VideoPlayer.handleInitialExpandableVideoState(containerId);CNN.VideoPlayer.handleAdOnCVPVisibilityChange(containerId, CNN.pageVis.isDocumentVisible());if (CNN.Features.enableMobileWebFloatingPlayer &&Modernizr &&(Modernizr.phone || Modernizr.mobile || Modernizr.tablet) &&CNN.VideoPlayer.getLibraryName(containerId) === 'fave' &&jQuery(containerClassId).parents('.js-pg-rail-tall__head').length > 0 &&CNN.contentModel.pageType === 'article') {playerInstance = FAVE.player.getInstance(containerId);mobilePinnedView = new CNN.MobilePinnedView({element: jQuery(containerClassId),enabled: false,transition: CNN.MobileWebFloatingPlayer.transition,onPin: function () {playerInstance.hideUI();},onUnpin: function () {playerInstance.showUI();},onPlayerClick: function () {if (mobilePinnedView) {playerInstance.enterFullscreen();playerInstance.showUI();}},onDismiss: function() {CNN.Videx.mobile.pinnedPlayer.disable();playerInstance.pause();}});/* Storing pinned view on CNN.Videx.mobile.pinnedPlayer So that all players can see the single pinned player */CNN.Videx = CNN.Videx || {};CNN.Videx.mobile = CNN.Videx.mobile || {};CNN.Videx.mobile.pinnedPlayer = mobilePinnedView;}if (Modernizr && !Modernizr.phone && !Modernizr.mobile && !Modernizr.tablet) {if (jQuery(containerClassId).parents('.js-pg-rail-tall__head').length) {videoPinner = new CNN.VideoPinner(containerClassId);videoPinner.init();} else {CNN.VideoPlayer.hideThumbnail(containerId);}}},onContentEntryLoad: function(containerId, playerId, contentid, isQueue) {CNN.VideoPlayer.showSpinner(containerId);},onContentPause: function (containerId, playerId, videoId, paused) {if (mobilePinnedView) {CNN.VideoPlayer.handleMobilePinnedPlayerStates(containerId, paused);}},onContentMetadata: function (containerId, playerId, metadata, contentId, duration, width, height) {var endSlateLen = jQuery(document.getElementById(containerId)).parent().find('.js-video__end-slate').eq(0).length;CNN.VideoSourceUtils.updateSource(containerId, metadata);if (endSlateLen > 0) {videoEndSlateImpl.fetchAndShowRecommendedVideos(metadata);}},onAdPlay: function (containerId, cvpId, token, mode, id, duration, blockId, adType) {/* Dismissing the pinnedPlayer if another video players plays an Ad */CNN.VideoPlayer.dismissMobilePinnedPlayer(containerId);clearTimeout(moveToNextTimeout);CNN.VideoPlayer.hideSpinner(containerId);if (Modernizr && !Modernizr.phone && !Modernizr.mobile && !Modernizr.tablet) {if (typeof videoPinner !== 'undefined' && videoPinner !== null) {videoPinner.setIsPlaying(true);videoPinner.animateDown();}}},onAdPause: function (containerId, playerId, token, mode, id, duration, blockId, adType, instance, isAdPause) {if (mobilePinnedView) {CNN.VideoPlayer.handleMobilePinnedPlayerStates(containerId, isAdPause);}},onTrackingFullscreen: function (containerId, PlayerId, dataObj) {CNN.VideoPlayer.handleFullscreenChange(containerId, dataObj);if (mobilePinnedView &&typeof dataObj === 'object' &&FAVE.Utils.os === 'iOS' && !dataObj.fullscreen) {jQuery(document).scrollTop(mobilePinnedView.getScrollPosition());playerInstance.hideUI();}},onContentPlay: function (containerId, cvpId, event) {var playerInstance,prevVideoId;if (CNN.companion && typeof CNN.companion.updateCompanionLayout === 'function') {CNN.companion.updateCompanionLayout('restoreEpicAds');}clearTimeout(moveToNextTimeout);CNN.VideoPlayer.hideSpinner(containerId);if (Modernizr && !Modernizr.phone && !Modernizr.mobile && !Modernizr.tablet) {if (typeof videoPinner !== 'undefined' && videoPinner !== null) {videoPinner.setIsPlaying(true);videoPinner.animateDown();}}},onContentReplayRequest: function (containerId, cvpId, contentId) {if (Modernizr && !Modernizr.phone && !Modernizr.mobile && !Modernizr.tablet) {if (typeof videoPinner !== 'undefined' && videoPinner !== null) {videoPinner.setIsPlaying(true);var $endSlate = jQuery(document.getElementById(containerId)).parent().find('.js-video__end-slate').eq(0);if ($endSlate.length > 0) {$endSlate.removeClass('video__end-slate--active').addClass('video__end-slate--inactive');}}}},onContentBegin: function (containerId, cvpId, contentId) {if (mobilePinnedView) {mobilePinnedView.enable();}/* Dismissing the pinnedPlayer if another video players plays a video. */CNN.VideoPlayer.dismissMobilePinnedPlayer(containerId);CNN.VideoPlayer.mutePlayer(containerId);if (CNN.companion && typeof CNN.companion.updateCompanionLayout === 'function') {CNN.companion.updateCompanionLayout('removeEpicAds');}CNN.VideoPlayer.hideSpinner(containerId);clearTimeout(moveToNextTimeout);CNN.VideoSourceUtils.clearSource(containerId);jQuery(document).triggerVideoContentStarted();},onContentComplete: function (containerId, cvpId, contentId) {if (CNN.companion && typeof CNN.companion.updateCompanionLayout === 'function') {CNN.companion.updateCompanionLayout('restoreFreewheel');}navigateToNextVideo(contentId, containerId);},onContentEnd: function (containerId, cvpId, contentId) {if (Modernizr && !Modernizr.phone && !Modernizr.mobile && !Modernizr.tablet) {if (typeof videoPinner !== 'undefined' && videoPinner !== null) {videoPinner.setIsPlaying(false);}}},onCVPVisibilityChange: function (containerId, cvpId, visible) {CNN.VideoPlayer.handleAdOnCVPVisibilityChange(containerId, visible);}};if (typeof configObj.context !== 'string' || configObj.context.length <= 0) {configObj.context = 'middleeast'.replace(/[\\(\\)\\-]/g, '');}if (typeof configObj.adsection === 'undefined' && typeof window.ssid === 'string' && window.ssid.length > 0) {configObj.adsection = window.ssid;}CNN.autoPlayVideoExist = (CNN.autoPlayVideoExist === true) ? true : false;CNN.VideoPlayer.getLibrary(configObj, callbackObj, isLivePlayer);});CNN.INJECTOR.scriptComplete('videodemanddust');JUST WATCHEDIran deal 'important step forward'ReplayMore Videos ...MUST WATCH{\"@context\": \"https://schema.org\",\"@type\": \"VideoObject\",\"name\": \"Iran deal &#39;important step forward&#39;\",\"description\": \"Analyst sees nuclear deal with Iran as a stepping stone to future progress between Iran and the international community.\",\"thumbnailURL\": \"https://cdn.cnn.com/cnnnext/dam/assets/131123235426-bpr-asgard-iran-deal-00022610-story-top.jpg\",\"image\": \"https://cdn.cnn.com/cnnnext/dam/assets/131123235426-bpr-asgard-iran-deal-00022610-story-top.jpg\",\"duration\": \"PT2M49S\",\"uploadDate\": \"2013-11-24T04:56:36Z\",\"contentUrl\": \"https://edition.cnn.com/videos/world/2013/11/24/bpr-asgard-iran-deal.cnn\",\"url\": \"https://edition.cnn.com/videos/world/2013/11/24/bpr-asgard-iran-deal.cnn\",\"embedUrl\": \"https://fave.api.cnn.io/v1/fav/?video=world/2013/11/24/bpr-asgard-iran-deal.cnn&customer=cnn&edition=international&env=prod\"}Iran deal 'important step forward' 02:48\nEight nations are known to have nuclear weapons, including all the P5 countries. Nearby Israel has always declined to confirm whether it has any, although the Federation of American Scientists estimates it has about 80 atomic weapons. But since the 1979 revolution, concerns have escalated that Iran could enrich uranium and make atomic weapons. Iran has maintained its nuclear program is only for peaceful purposes.  \nWhy have the other nations not faced as much scrutiny? \nFor nations such as India and Pakistan, no action was taken partly because they never signed the Treaty on the Non-Proliferation of Nuclear Weapons. \"There was very little that the U.S. could've done to stop Pakistan,\" says Mark Hibbs, a nuclear policy expert at the Carnegie Endowment for International Peace. Iran, on the other hand, signed the treaty.  And as a result, its program was put under the spotlight. In addition, the International Atomic Energy Agency had information suggesting Iran conducted activities it hasn't declared in the past. \nFareed Zakaria: What critics are getting wrong about the Iran deal \nWhy is Iran's nuclear program considered such a threat?\nSince its revolution, the West has worried Iran could use its nuclear program to produce atomic weapons using highly-enriched uranium. A decade ago, nuclear inspectors from the international agency announced they had found traces of highly-enriched uranium at a plant in Natanz. Iran temporarily halted enrichment, but resumed enriching again in 2006, insisting enrichment was allowed under its agreement with the IAEA.\nEnough with the background. Let's talk about the deal  that was reached.\nIt's more of an interim agreement before the deal. Described as an initial, six-month deal, the White House says it includes \"substantial limitations that will help prevent Iran from creating a nuclear weapon.\" In short, it slows the country's nuclear development program in exchange for lifting some sanctions while a more formal agreement is worked out.  \nIt's not permanent, so why is it a big deal?\nFor years, Iran and Western powers have left negotiating tables in disagreement, frustration and open animosity. But the diplomatic tone changed after Iran's election this year, which saw President Hassan Rouhani take over.  \"For the first time in nearly a decade, we have halted the progress of the Iranian nuclear program,\" U.S. President Barack Obama says. \nWhat about the stockpiles Iran already has?\n'use strict';CNN.Videx = CNN.Videx || {};CNN.Videx.mobile = {};CNN.INJECTOR.executeFeature('video').then(function () {CNN.VideoPlayer.handleUnmutePlayer = function handleUnmutePlayer(containerId, dataObj) {'use strict';var playerInstance,playerPropertyObj,rememberTime,unmuteCTA,unmuteIdSelector = 'unmute_' + containerId,isPlayerMute;dataObj = dataObj || {};if (CNN.VideoPlayer.getLibraryName(containerId) === 'fave') {playerInstance = FAVE.player.getInstance(containerId) || null;} else {playerInstance = containerId && window.cnnVideoManager.getPlayerByContainer(containerId).videoInstance.cvp || null;}isPlayerMute = (typeof dataObj.muted === 'boolean') ? dataObj.muted : false;if (CNN.VideoPlayer.playerProperties && CNN.VideoPlayer.playerProperties[containerId]) {playerPropertyObj = CNN.VideoPlayer.playerProperties[containerId];}if (playerPropertyObj.mute && playerPropertyObj.contentPlayed) {if (isPlayerMute === false) {unmuteCTA = jQuery(document.getElementById(unmuteIdSelector));playerInstance.unmute();if (unmuteCTA.length > 0) {unmuteCTA.removeClass('video__unmute--active').addClass('video__unmute--inactive');unmuteCTA.off('click');rememberTime = 0;if (rememberTime < 0) {rememberTime = 360 / 60;}CNN.Utils.storeLocalValue('unmute_middleeast', 'X', rememberTime);}} else {playerInstance.mute();}}};CNN.VideoPlayer.showFlashSlate = function showFlashSlate(container) {'use strict';var $vidEndSlate;$vidEndSlate = container.parent().find('.js-video__end-slate').eq(0);if ($vidEndSlate.length > 0) {$vidEndSlate.find('.l-container').html('<a href=\"https://get.adobe.com/flashplayer/\" target=\"_blank\"><div class=\"flash-slate\"></div></a>');$vidEndSlate.removeClass('video__end-slate--inactive').addClass('video__end-slate--active');}};CNN.autoPlayVideoExist = (CNN.autoPlayVideoExist === true) ? true : false;var configObj = {thumb: 'none',video: 'world/2013/11/24/iran-fm-zarif-statement.cnn',width: '100%',height: '100%',section: 'international',profile: 'expansion',network: 'cnn',markupId: 'body-text_30',theoplayer: {allowNativeFullscreen: true},adsection: 'const-article-inpage',frameWidth: '100%',frameHeight: '100%',posterImageOverride: {\"mini\":{\"height\":144,\"width\":256,\"type\":\"jpg\",\"uri\":\"//cdn.cnn.com/cnnnext/dam/assets/131123231628-iran-fm-zarif-statement-00002322-hp-video.jpg\"},\"xsmall\":{\"height\":169,\"width\":300,\"type\":\"jpg\",\"uri\":\"//cdn.cnn.com/cnnnext/dam/assets/131123231628-iran-fm-zarif-statement-00002322-story-body.jpg\"},\"small\":{\"height\":360,\"width\":640,\"type\":\"jpg\",\"uri\":\"//cdn.cnn.com/cnnnext/dam/assets/131123231628-iran-fm-zarif-statement-00002322-story-top.jpg\"},\"medium\":{\"height\":552,\"width\":980,\"type\":\"jpg\",\"uri\":\"//cdn.cnn.com/cnnnext/dam/assets/131123231628-iran-fm-zarif-statement-00002322-horizontal-large-gallery.jpg\"},\"large\":{\"height\":552,\"width\":980,\"type\":\"jpg\",\"uri\":\"//cdn.cnn.com/cnnnext/dam/assets/131123231628-iran-fm-zarif-statement-00002322-horizontal-large-gallery.jpg\"},\"full16x9\":{\"height\":552,\"width\":980,\"type\":\"jpg\",\"uri\":\"//cdn.cnn.com/cnnnext/dam/assets/131123231628-iran-fm-zarif-statement-00002322-horizontal-large-gallery.jpg\"},\"mini1x1\":{\"height\":60,\"width\":60,\"type\":\"jpg\",\"uri\":\"//cdn.cnn.com/cnnnext/dam/assets/131123231628-iran-fm-zarif-statement-00002322-topics.jpg\"}}},autoStartVideo = false,isVideoReplayClicked = false,callbackObj,containerEl,currentVideoCollection = [],currentVideoCollectionId = '',isLivePlayer = false,mediaMetadataCallbacks,mobilePinnedView = null,moveToNextTimeout,mutePlayerEnabled = false,nextVideoId = '',nextVideoUrl = '',turnOnFlashMessaging = false,videoPinner,videoEndSlateImpl;if (CNN.autoPlayVideoExist === false) {autoStartVideo = false;if (autoStartVideo === true) {if (turnOnFlashMessaging === true) {autoStartVideo = false;containerEl = jQuery(document.getElementById(configObj.markupId));CNN.VideoPlayer.showFlashSlate(containerEl);} else {CNN.autoPlayVideoExist = true;}}}configObj.autostart = CNN.Features.enableAutoplayBlock ? false : autoStartVideo;CNN.VideoPlayer.setPlayerProperties(configObj.markupId, autoStartVideo, isLivePlayer, isVideoReplayClicked, mutePlayerEnabled);CNN.VideoPlayer.setFirstVideoInCollection(currentVideoCollection, configObj.markupId);videoEndSlateImpl = new CNN.VideoEndSlate('body-text_30');function findNextVideo(currentVideoId) {var i,vidObj;if (currentVideoId && jQuery.isArray(currentVideoCollection) && currentVideoCollection.length > 0) {for (i = 0; i < currentVideoCollection.length; i++) {vidObj = currentVideoCollection[i];if (typeof vidObj !== 'undefined' && vidObj.videoId === currentVideoId) {if (i < currentVideoCollection.length - 1) {nextVideoId = currentVideoCollection[i + 1].videoId;nextVideoUrl = currentVideoCollection[i + 1].videoUrl;} else {nextVideoId = currentVideoCollection[0].videoId;nextVideoUrl = currentVideoCollection[0].videoUrl;}break;}}if (!nextVideoUrl) {nextVideoId = currentVideoCollection[0].videoId;nextVideoUrl = currentVideoCollection[0].videoUrl;}currentVideoCollectionId = (window.jsmd && window.jsmd.v && window.jsmd.v.eVar60) || nextVideoUrl.replace(/^.+\\/video\\/playlists\\/(.+)\\//, '$1');} else {nextVideoId = '';nextVideoUrl = '';}}findNextVideo('world/2013/11/24/iran-fm-zarif-statement.cnn');function navigateToNextVideo(currentVideoId, containerId) {var $endSlate,nextVideoPlayTimeout = 1500;findNextVideo(currentVideoId);if (nextVideoUrl) {moveToNextTimeout = setTimeout(function () {location.href = nextVideoUrl;}, nextVideoPlayTimeout);} else {$endSlate = jQuery(document.getElementById(containerId)).parent().find('.js-video__end-slate').eq(0);if ($endSlate.length > 0) {videoEndSlateImpl.showEndSlateForContainer();if (mobilePinnedView) {mobilePinnedView.disable();}}}}callbackObj = {onPlayerReady: function (containerId) {var playerInstance,containerClassId = '#' + containerId;CNN.VideoPlayer.handleInitialExpandableVideoState(containerId);CNN.VideoPlayer.handleAdOnCVPVisibilityChange(containerId, CNN.pageVis.isDocumentVisible());if (CNN.Features.enableMobileWebFloatingPlayer &&Modernizr &&(Modernizr.phone || Modernizr.mobile || Modernizr.tablet) &&CNN.VideoPlayer.getLibraryName(containerId) === 'fave' &&jQuery(containerClassId).parents('.js-pg-rail-tall__head').length > 0 &&CNN.contentModel.pageType === 'article') {playerInstance = FAVE.player.getInstance(containerId);mobilePinnedView = new CNN.MobilePinnedView({element: jQuery(containerClassId),enabled: false,transition: CNN.MobileWebFloatingPlayer.transition,onPin: function () {playerInstance.hideUI();},onUnpin: function () {playerInstance.showUI();},onPlayerClick: function () {if (mobilePinnedView) {playerInstance.enterFullscreen();playerInstance.showUI();}},onDismiss: function() {CNN.Videx.mobile.pinnedPlayer.disable();playerInstance.pause();}});/* Storing pinned view on CNN.Videx.mobile.pinnedPlayer So that all players can see the single pinned player */CNN.Videx = CNN.Videx || {};CNN.Videx.mobile = CNN.Videx.mobile || {};CNN.Videx.mobile.pinnedPlayer = mobilePinnedView;}if (Modernizr && !Modernizr.phone && !Modernizr.mobile && !Modernizr.tablet) {if (jQuery(containerClassId).parents('.js-pg-rail-tall__head').length) {videoPinner = new CNN.VideoPinner(containerClassId);videoPinner.init();} else {CNN.VideoPlayer.hideThumbnail(containerId);}}},onContentEntryLoad: function(containerId, playerId, contentid, isQueue) {CNN.VideoPlayer.showSpinner(containerId);},onContentPause: function (containerId, playerId, videoId, paused) {if (mobilePinnedView) {CNN.VideoPlayer.handleMobilePinnedPlayerStates(containerId, paused);}},onContentMetadata: function (containerId, playerId, metadata, contentId, duration, width, height) {var endSlateLen = jQuery(document.getElementById(containerId)).parent().find('.js-video__end-slate').eq(0).length;CNN.VideoSourceUtils.updateSource(containerId, metadata);if (endSlateLen > 0) {videoEndSlateImpl.fetchAndShowRecommendedVideos(metadata);}},onAdPlay: function (containerId, cvpId, token, mode, id, duration, blockId, adType) {/* Dismissing the pinnedPlayer if another video players plays an Ad */CNN.VideoPlayer.dismissMobilePinnedPlayer(containerId);clearTimeout(moveToNextTimeout);CNN.VideoPlayer.hideSpinner(containerId);if (Modernizr && !Modernizr.phone && !Modernizr.mobile && !Modernizr.tablet) {if (typeof videoPinner !== 'undefined' && videoPinner !== null) {videoPinner.setIsPlaying(true);videoPinner.animateDown();}}},onAdPause: function (containerId, playerId, token, mode, id, duration, blockId, adType, instance, isAdPause) {if (mobilePinnedView) {CNN.VideoPlayer.handleMobilePinnedPlayerStates(containerId, isAdPause);}},onTrackingFullscreen: function (containerId, PlayerId, dataObj) {CNN.VideoPlayer.handleFullscreenChange(containerId, dataObj);if (mobilePinnedView &&typeof dataObj === 'object' &&FAVE.Utils.os === 'iOS' && !dataObj.fullscreen) {jQuery(document).scrollTop(mobilePinnedView.getScrollPosition());playerInstance.hideUI();}},onContentPlay: function (containerId, cvpId, event) {var playerInstance,prevVideoId;if (CNN.companion && typeof CNN.companion.updateCompanionLayout === 'function') {CNN.companion.updateCompanionLayout('restoreEpicAds');}clearTimeout(moveToNextTimeout);CNN.VideoPlayer.hideSpinner(containerId);if (Modernizr && !Modernizr.phone && !Modernizr.mobile && !Modernizr.tablet) {if (typeof videoPinner !== 'undefined' && videoPinner !== null) {videoPinner.setIsPlaying(true);videoPinner.animateDown();}}},onContentReplayRequest: function (containerId, cvpId, contentId) {if (Modernizr && !Modernizr.phone && !Modernizr.mobile && !Modernizr.tablet) {if (typeof videoPinner !== 'undefined' && videoPinner !== null) {videoPinner.setIsPlaying(true);var $endSlate = jQuery(document.getElementById(containerId)).parent().find('.js-video__end-slate').eq(0);if ($endSlate.length > 0) {$endSlate.removeClass('video__end-slate--active').addClass('video__end-slate--inactive');}}}},onContentBegin: function (containerId, cvpId, contentId) {if (mobilePinnedView) {mobilePinnedView.enable();}/* Dismissing the pinnedPlayer if another video players plays a video. */CNN.VideoPlayer.dismissMobilePinnedPlayer(containerId);CNN.VideoPlayer.mutePlayer(containerId);if (CNN.companion && typeof CNN.companion.updateCompanionLayout === 'function') {CNN.companion.updateCompanionLayout('removeEpicAds');}CNN.VideoPlayer.hideSpinner(containerId);clearTimeout(moveToNextTimeout);CNN.VideoSourceUtils.clearSource(containerId);jQuery(document).triggerVideoContentStarted();},onContentComplete: function (containerId, cvpId, contentId) {if (CNN.companion && typeof CNN.companion.updateCompanionLayout === 'function') {CNN.companion.updateCompanionLayout('restoreFreewheel');}navigateToNextVideo(contentId, containerId);},onContentEnd: function (containerId, cvpId, contentId) {if (Modernizr && !Modernizr.phone && !Modernizr.mobile && !Modernizr.tablet) {if (typeof videoPinner !== 'undefined' && videoPinner !== null) {videoPinner.setIsPlaying(false);}}},onCVPVisibilityChange: function (containerId, cvpId, visible) {CNN.VideoPlayer.handleAdOnCVPVisibilityChange(containerId, visible);}};if (typeof configObj.context !== 'string' || configObj.context.length <= 0) {configObj.context = 'middleeast'.replace(/[\\(\\)\\-]/g, '');}if (typeof configObj.adsection === 'undefined' && typeof window.ssid === 'string' && window.ssid.length > 0) {configObj.adsection = window.ssid;}CNN.autoPlayVideoExist = (CNN.autoPlayVideoExist === true) ? true : false;CNN.VideoPlayer.getLibrary(configObj, callbackObj, isLivePlayer);});CNN.INJECTOR.scriptComplete('videodemanddust');JUST WATCHEDIran happy with 'first step'ReplayMore Videos ...MUST WATCH{\"@context\": \"https://schema.org\",\"@type\": \"VideoObject\",\"name\": \"Iran happy with &#39;first step&#39;\",\"description\": \"Iranian Foreign Minister Mohammad Javad Zarif speaks about the deal reached over Iran&#39;s nuclear program.\",\"thumbnailURL\": \"https://cdn.cnn.com/cnnnext/dam/assets/131123231628-iran-fm-zarif-statement-00002322-story-top.jpg\",\"image\": \"https://cdn.cnn.com/cnnnext/dam/assets/131123231628-iran-fm-zarif-statement-00002322-story-top.jpg\",\"duration\": \"PT2M9S\",\"uploadDate\": \"2013-11-24T04:26:24Z\",\"contentUrl\": \"https://edition.cnn.com/videos/world/2013/11/24/iran-fm-zarif-statement.cnn\",\"url\": \"https://edition.cnn.com/videos/world/2013/11/24/iran-fm-zarif-statement.cnn\",\"embedUrl\": \"https://fave.api.cnn.io/v1/fav/?video=world/2013/11/24/iran-fm-zarif-statement.cnn&customer=cnn&edition=international&env=prod\"}Iran happy with 'first step' 02:08\nAs part of the deal, Iran will be required to dilute its stockpile of uranium that had been enriched to 20%. While uranium isn't bomb-grade until it's enriched to 90% purity, \"once you're at 20%, you're about 80% of the way there,\" Hibbs says. The deal also mandates Iran halt all enrichment above 5% and dismantle the technical equipment required to do that. Before the end of the initial phase of the deal, all its stockpiles should be diluted below 5% or converted to a form not suitable for further enrichment, the deal states.\nBreaking down the deal\nWhy 5%?\nIran consistently says it's enriching uranium and building nuclear reactors only for peaceful civilian energy needs. Nuclear power plants use uranium that is enriched to 5%. It's the fuel that the plants use to generate electricity.\nWhat else will Iran have to do?\nIran would also have to cut back on constructing new centrifuges and enrichment facilities, and freeze essential work on its heavy-water reactor under development at Arak. That facility could be used as a source of plutonium -- a second pathway to a nuclear bomb. The reactor under construction southwest of Tehran had been a sticking point in earlier negotiations. \nWhat's a centrifuge?\nIt's a mechanism used to enrich uranium.\nHow will we know Iran is living up to its end of the deal?\nIran is expected to provide daily access to inspectors from the international agency, IAEA. The inspectors will be expected to visit centrifuge assembly and storage facilities, uranium mills and the Arak reactor, among others. The P5+1 and Iran will also form a joint task force on the issue. \nWhat if it doesn't fulfill its commitment?\nThe international community will add more sanctions -- and pressure.  \nOne agreement, wildly different reactions\nWhat's in it for Iran?\nBillions of dollars.\nAs part of preliminary steps, the world powers involved in the talks will provide \"limited, temporary, targeted, and reversible relief to Iran.\"\nThe deal calls for no new nuclear-related sanctions in the six-month period if Iran keeps its end of the bargain. The world powers will also suspend sanctions on various items, including gold and petrochemical exports. That suspension will provide Iran with about $1.5 billion in revenue, according to the White House. Sanctions relief will also target other areas, including government funds from restricted Iranian accounts for its students in other countries.\nBut the White House says the $7 billion in total relief is just a small fraction. \"The vast majority of Iran's approximately $100 billion in foreign exchange holdings are inaccessible or restricted by sanctions,\" it says.  \nWhat's not in the deal?\nA better deal would have included Iranians shipping out their highly enriched uranium to be converted elsewhere, says Aaron David Miller, vice president of the Woodrow Wilson International Center for Scholars. \"It would have been better ... if Iran had much more of their nuclear infrastructure put out of use. But that's the deal they got.\"\nHow did the sanctions come to be?\nSeven years ago, the U.N. Security Council passed sanctions against Iran for failing to suspend its nuclear program. Sanctions that initially targeted Iran's nuclear capability expanded to include bans on arms sales, Iranian oil and certain financial institutions, including the country's central bank. This has crippled its economy and made Iran a pariah in the international community. Oil revenues have plummeted, and the local currency had dropped 80% in value by 2012. Iranians have faced spiraling inflation and  layoffs. \nOpinion: Iran deal a risk worth taking\nWhy isn't Israel applauding the deal? \nThe two nearby countries and archrivals have been at each other's throats for years. Israel says it has the most to lose if Iran develops a nuclear bomb. It has repeatedly warned the West to tread warily when dealing with Tehran. And Israeli lawmakers are not happy that their greatest ally, the United States, has disregarded their warning and struck an interim deal with Iran. Prime Minister Benjamin Netanyahu called the agreement a \"historic mistake\" that his country isn't bound by. \nSo much tension between Iran and Israel, why? \nIt wasn't always this way. After the birth of Israel in 1948, the two nations enjoyed a \"honeymoon\" that lasted until just before the 1979 revolution, says David Menashri, professor emeritus of Tel Aviv University. Israel even supplied weapons to Iran to help it fight their common enemy, Iraq. But the Islamic revolution that overthrew the Shah marked a turning point. The Islamic republic, led by Shiite clerics in the predominantly Shiite nation, saw Israel as an illegitimate state with no right to exist, certainly not amid Muslim nations. Years later, Israel began to regard Iran and its support of global terror as a chief threat. Those concerns escalated when international inspectors found traces of highly enriched uranium at a power plant in Iran.\nKerry: Israel is safe under new deal\nWho else is unhappy?\nSaudi Arabia. It's a majority Sunni country. Iran is majority Shiite. Saudi Arabia, like Israel, is troubled by Iran's growing clout in the Middle East. \"The Saudi government has been very concerned about these negotiations with Iran and unhappy at the prospect of a deal with Iran,\" a Saudi government official who is not authorized to speak to the media told CNN. \nSo, will this interim deal work?\nThere are no perfect agreements. And the success of any interim deal will be measured \"in months and years, not in minutes,\" says Karim Sadjadpour of the Carnegie Endowment. Whether Iran is serious about mothballing its nuclear ambitions remains to be seen. There may be sizable obstacles that aren't yet apparent. There are certainly aspects where the deal stopped short. For now, Miller says, don't break open the champagne bottles just yet. \nPresident Obama's legacy moment on Iran", "date": "November 25, 2013 ", "href": "https://edition.cnn.com/2013/11/24/world/meast/iran-nuclear-deal-qa/", "tags": "says nuclear stake deal- next questions iran", "title": "20 questions about the Iran nuclear deal- What it says, what's at stake, what's next"}