{"content": "Story highlightsLewis Hamilton wins Abu Dhabi GP Nico Rosberg finishes second to clinch world titleRosberg emulates father Keke who won '82 world title\n \n (CNN)Defending champion Lewis Hamilton did all he could to deny his Mercedes teammate in Abu Dhabi in the final race of the season but it was to no avail.\nFollow @cnnsport\n!function(d,s,id){var js,fjs=d.getElementsByTagName(s)[0],p=/^http:/.test(d.location)?'http':'https';if(!d.getElementById(id)){js=d.createElement(s);js.id=id;js.src=p+'://platform.twitter.com/widgets.js';fjs.parentNode.insertBefore(js,fjs);}}(document, 'script', 'twitter-wjs');\n\nHamilton led from start to finish, but, as so often this year, his teammate wasn't far behind. \n\nIn finishing second, Rosberg did enough to clinch his first world drivers' title to beat Hamilton by a slender five-point margin in the end.   \nRead: Hamilton on top in rainy Brazil\nSebastian Vettel's third place finish guaranteed fourth place in the final drivers' standings with Max Verstappen having to settle for fifth.\nIn the constructors' race, Force India confirmed fourth place -- its highest-ever finish since joining the sport in 2008. \nDrivers:\n1. Nico Rosberg (GER/Mercedes)   385 pts\n2. Lewis Hamilton (GBR/Mercedes)  380\n3. Daniel Ricciardo (AUS/Red Bull) 256\n4. Sebastian Vettel (GER/Ferrari)  212\n5. Max Verstappen (NED/Red Bull) 204\n6.  Kimi Raikkonen (FIN/Ferrari) 186\n7. Sergio Perez (MEX/Force India) 101\n8. Valtteri Bottas (FIN/Williams)  85\n9. Nico Hulkenberg (GER/Force India) 72\n10. Fernando Alonso (ESP/McLaren) 54\nVisit CNN.com/motorsport for more F1 news\n \nConstructors:\n1. Mercedes  765 (champions)\n2. Red Bull   468\n3. Ferrari 398\n4. Force India 173\n5. Williams 138\n6. McLaren 76\n7. Toro Rosso 63\n8. Haas        29\n9. Renault 8\n10. Sauber 2\n11. Manor 1 \n ", "date": "November 27, 2016 ", "href": "https://edition.cnn.com/2015/03/15/motorsport/motorsport-f1-standings/index.html", "tags": "standings finish title clinch one dhabi nico bull formula sebastian final abu", "title": "2016 Formula One final title standings"}