{"content": "\nWASHINGTON -- Republican presidential hopefuls on Thursday denounced a Supreme Court decision that upheld subsidies provided by the Affordable Care Act. The decision neutralizes what was likely the last serious effort to cripple the law through the courts and represents a major victory for President Barack Obama.\nA decision against the health care law would have put the Republicans eyeing the presidency in a bind by forcing them to spell out what they proposed to do for millions of Americans without crucial subsidies. Now, however, they can continue to rail against the law rhetorically, promising to deal with the matter once they are in the White House. The fate of the law now depends on whether one of the following Republicans makes it there:\nSen. Marco Rubio (Fla.)\nFormer Florida Gov. Jeb Bush\nFormer Texas Gov. Rick Perry\nFormer Arkansas Gov. Mike Huckabee\nWisconsin Gov. Scott Walker\nSen. Rand Paul (Ky.)\n\nNew Jersey Gov. Chris Christie\nLouisiana Gov. Bobby Jindal\nSen. Lindsey Graham (S.C.)\nCarly Fiorina\nSen. Ted Cruz (Texas)\nThis story will be updated.", "date": "\n06/25/2015", "href": "https://www.huffpost.com/entry/gop-obamacare-reaction_n_7662928?1435245606", "tags": "updated us obamacare christie cripple hopefuls- rick repeal gop presidential", "title": "2016 GOP Presidential Hopefuls- Now It's Up To Us To Repeal Obamacare"}