{"content": "The year 2017 is \"very likely\" to be in the top three warmest years on record, according to provisional figures from the World Meteorological Organization.\nThe WMO says it will likely be the hottest year in the absence of the El Ni\u00f1o phenomenon.\nThe scientists argue that the long-term trend of warming driven by human activities continues unabated.\nThey say many of the \"extraordinary\" weather events seen this year bear the hallmarks of climate change.\nOn the opening day of this year's key UN climate talks, researchers from the WMO have presented their annual State of the Global Climate report.\nIt follows hot on the heels of their greenhouse gases study from last week which found that concentrations of CO2 in the atmosphere were the highest on record. \nWhile the new study only covers January to September, the WMO says the average global temperature was 1.1C above the pre-industrial figure. \nThis is getting dangerously close to the 1.5 degrees threshold that many island states feel temperatures must be kept under to ensure their survival.\nThe analysis suggests that 2017 is likely to come in 0.47C warmer than the 1981-2010 average. \nThis is slightly down on 2016 when the El Ni\u00f1o weather phenomenon saw temperatures that were 0.56C above the average.\nAccording to the WMO, this year vies with 2015 to be the second or third warmest mark yet recorded. \n\"The past three years have all been in the top three years in terms of temperature records. This is part of a long-term warming trend,\" said WMO Secretary-General Petteri Taalas. \n\"We have witnessed extraordinary weather, including temperatures topping 50C in Asia, record-breaking hurricanes in rapid succession in the Caribbean and Atlantic, (and) reaching as far as Ireland, devastating monsoon flooding affecting many millions of people and a relentless drought in East Africa. \n\"Many of these events - and detailed scientific studies will determine exactly how many - bear the tell-tale sign of climate change caused by increased greenhouse gas concentrations from human activities,\" he said.\nScientists will have to do attribution studies to clearly link specific events from 2017 to rising temperatures. But they believe the fingerprints of climate change are to be seen in events such as tropical cyclones, where the warmer seas can transfer more heat to the gathering storms and increased sea levels can make flooding more damaging.\nThe Accumulated Cyclone Energy Index, which measures the intensity and duration of these events, showed its highest ever monthly values in September this year. \nIt was also the first time that two Category 4 hurricanes made landfall in the same year in the US. \nHurricane Irma was a Category 5 storm for the longest period on record. Rain gauges in Nederland, Texas, recorded 1,539mm, the largest ever recorded for a single event in the mainland US. \nThere were also significant flooding events with large loss of life in Sierra Leone, in Nepal, India, Bangladesh and Peru among many others. \nIn contrast, droughts and heatwaves affected many parts of Africa and South America. In Somalia, more than half of cropland was impacted with herds reduced by 40-60%. \nMore than 11 million people are experiencing severe food insecurity in Ethiopia, Kenya and Somalia.\n\"This year saw a multitude of damaging weather extremes which is not uncommon but many of these events were made more severe by the sustained warming influence of increasing atmospheric greenhouse gas levels due to human activities,\" said Richard Allan, professor of climate science at the University of Reading, UK.\n\"An increased severity of weather extremes is expected in the decades ahead as Earth continues to heat up and it is only with the substantive cuts in greenhouse gas emissions required by the Paris climate agreement that we can avert much more potent and widespread damage to our societies and the ecosystems upon which they depend.\"\nWith UN talks on climate change now underway here in Bonn, the report is likely to reinforce a sense of urgency among many delegates. \n\"These findings underline the rising risks to people, economies and the very fabric of life on Earth if we fail to get on track with the aims and ambitions of the Paris Agreement,\" said Patricia Espinosa, executive secretary of UN Climate Change, which is hosting the Bonn conference.\nFollow Matt on Twitter and on Facebook", "date": "6 November 2017", "href": "https://www.bbc.co.uk/news/science-environment-41859288", "tags": "warmest three years record likely wmo top", "title": "2017 'very likely' in top three warmest years on record"}