{"content": "Blessed be the 2018 Emmy nominations.\u00a0\n\u201cThe Handmaid\u2019s Tale\u201d star Samira Wiley and \u201cThe Blacklist\u201d actor Ryan Eggold jointly announced the nominees for the the 70th Primetime Emmy Awards, which will take place on Sept. 17 on NBC, from the Wolf Theatre at Saban Media Center Television Academy on Thursday morning.\nThis year \u201cSaturday Night Live\u201d \u201cWeekend Update\u201d co-anchors Colin Jost and Michael Che will be taking over hosting duties from Stephen Colbert, becoming the first cast members to do so since Eddie Murphy in 1983.\nHBO\u2019s fantasy juggernaut \u201cGame Of Thrones\u201d led the pack with 22 nominations after the series was ineligible to compete in 2017 due to a delayed premiere date. \u201cSaturday Night Live\u201d and \u201cWestworld\u201d trailed not too far behind, netting 21 nods each.\u00a0\u201cThe Handmaid\u2019s Tale,\u201d which was the big winner at last year\u2019s ceremony,\u00a0was once again represented in the major categories,\u00a0including Best Drama Series,\u00a0Lead Actress, Supporting Actress and more.\u00a0\nWhile HBO was certainly not lacking for any awards attention,\u00a0Netflix, for the first year ever, bested the cable giant, scoring an impressive 112 nominations.\nNewcomers like BBC\u2019s \u201cKilling Eve,\u201d HBO\u2019s \u201cBarry\u201d and Amazon\u2019s \u201cThe Marvelous Mrs. Maisel\u201d\u00a0are all up for awards following debut seasons that have already garnered tremendous buzz.\u00a0And returning favorites like the Donald Glover-helmed \u201cAtlanta\u201d\u00a0and NBC\u2019s tearjerker \u201cThis Is Us\u201d\u00a0also got some Emmys love, picking up a respective 16 and 8 nominations.\u00a0\nCheck out the list of nominees below:\u00a0\nOutstanding Drama Series\u00a0\n\u201cThe Crown\u201d\n\u201cGame of Thrones\u201d\n\u201cThe Handmaid\u2019s Tale\u201d\n\u201cStranger Things\u201d\n\u201cThis Is Us\u201d\n\u201cWestworld\u201d\n\u00a0\nOutstanding Comedy Series\u00a0\n\u00a0Outstanding Limited Series\nDarren Criss, \u201cThe Assassination of Gianni Versace: American Crime Story\u201d\nBenedict Cumberbatch, \u201cPatrick Melrose\u201d\nJeff Daniels, \u201cThe Looming Tower\u201d\nJohn Legend, \u201cJesus Christ Super Star Live in Concert\u201d\nJesse Plemmons, \u201cUSS Callister\u201d (\u201cBlack Mirror\u201d)\n\u00a0\nOutstanding Lead Actress in a Limited Series or Movie\nJessica Biel, \u201cThe Sinner\u201d\nLaura Dern, \u201cThe Tale\u201d\nMichelle Dockery, \u201cGodless\u201d\nEdie Falco,\u00a0\u201cThe Menendez Murders\u201d\nRegina King,\u00a0\u201cSeven Seconds\u201d\nSarah Paulson,\u00a0\u201cAmerican Horror Story: Cult\u201d\u00a0\nOutstanding Supporting Actor in a Limited Series or Movie\nJeff Daniels, \u201cGodless\u201d\nBrandon Victor Dixon, \u201cJesus Christ Superstar Live in Concert\u201d\nEdgar Ram\u00edrez,\u00a0\u201cThe Assassination of Gianni Versace: American Crime Story\u201d\nRicky Martin,\u00a0\u201cThe Assassination of Gianni Versace: American Crime Story\u201d\nFinn Wittrock,\u00a0\u201cThe Assassination of Gianni Versace: American Crime Story\u201d\nMichael Stuhlbarg, \u201cThe Looming Tower\u201d\nJohn Leguizamo, \u201cWaco\u201d\n\u00a0\nOutstanding Supporting Actress in a Limited Series or Movie\nAdina Porter, \u201cAmerican Horror Story: Cult\u201d\nLetitia Wright, \u201cBlack Museum\u201d (\u201cBlack Mirror\u201d)\nMerritt Wever,\u00a0\u201cGodless\u201d\nSara Bareilles,\u00a0\u201cJesus Christ Superstar Live in Concert\u201d\nPen\u00e9lope Cruz,\u00a0\u201cThe Assassination of Gianni Versace: American Crime Story\u201d\nJudith Light,\u00a0\u201cThe Assassination of Gianni Versace: American Crime Story\u201d\n\u00a0\nScott Frank, \u201cGodless\u201d\nDavid Leveaux and Alex Rudzinski,\u00a0\u201cJesus Christ Superstar Live in Concert\u201d\nBarry Levinson, \u201cPaterno\u201d\nEdward Berger, \u201cPatrick Melrose\u201d\nRyan Murphy,\u00a0\u201cThe Assassination of Gianni Versace: American Crime Story\u201d\nCraig Zisk, \u201cThe Looming Tower\u201d\nDavid Lynch, \u201cTwin Peaks\u201d\nOutstanding Writing for a Limited Series, Movie or Dramatic Special\n\u00a0\nOutstanding Reality Show Competition\n\u201cThe Amazing Race\u201d\n\u201cAmerican Ninja Warrior\u201d\n\u201cProject Runway\u201d\n\u201cRuPaul\u2019s Drag Race\u201d\n\u201cTop Chef\u201d\n\u201cThe Voice\u201d\u00a0\nOutstanding Host for a Reality Series or Reality-Competition", "date": "\n07/12/2018", "href": "https://www.huffpost.com/entry/here-are-the-2018-emmy-nominations_n_5b474046e4b0e7c958f86fd8", "tags": "limited concert thrones outstanding godless assassination versace jesus tale nominations- nods gianni leads nominations emmy christ", "title": "2018 Emmy Nominations- 'Game of Thrones' Leads With 22 Nods"}