{"content": "Elections for the European Parliament will be held on 23 May 2019. Voters will choose 73 MEPs in 12 multi-member regional constituencies. Each region has a different number of MEPs based on its population. \n10 MEPs will be elected to represent the South East. MEPs are elected by proportional representation, in order as listed by their party. The number of MEPs each party gets is calculated using a formula called d'Hondt, except in Northern Ireland, where the Single Transferable Vote (STV) system is used.\nBack to introduction\nCandidates shown in party list order\nRichard Ashworth \nVictoria Groulef \nWarren Morgan \nEleanor Fuller \nRobin Bextor \nNicholas Mazzei \nSuzana Carp \nPhil Murphy \nHeather Allen \nDiane Yeo \nDaniel Hannan \nNirj Deva \nRichard Robinson \nMike Whiting \nJuliette Ash \nAnna Firth \nAdrian Pepper \nClarence Mitchell \nNeva Sadikoglu-Novaky \nCaroline Newton \nAlexandra Phillips \nElise Benjamin \nVix Lowthion \nLeslie Groves Williams \nPhelim Mac Cafferty \nJan Doerfel \nLarry Sanders \nIsabella Moir \nOliver Sykes \nJonathan Essex \nJohn Howarth \nCathy Shutt \nArran Neathey \nEmma Turnbull \nRohit Dasgupta \nAmy Fowler \nDuncan Enright \nLubna Arshad \nSimon Burgess \nRachael Ward \nCatherine Bearder \nAntony Hook \nJudith Bunting \nMartin Tod \nLiz Leffman \nChris Bowers \nGiles Goodall \nRuvi Ziegler \nNick Perry \nJohn Vincent \nNigel Farage \nAlex Phillips \nRobert Rowland \nBelinda De Camborne Lucy \nJames Bartholomew \nChristopher Ellis \nJohn Kennedy \nMatthew Taylor \nGeorge Farmer \nPeter Wiltshire \nMandy Bruce\nRaymond Carr\nDavid Chesham\nRobert Cox \nMichael Foster \nStephen Harper \nNeil Kirk\nAnton Pruden\nAndrew Thomas-Emans \nDarren Williams \nPacelli Ndikumana\nClinton Powell \nPiers Wauchope \nLiz Philips \nDaryll Pitcher \nMartin Brothers \nTony Gould \nClive Egan \nTroy De Leon \nAlan Stone \nJudy Moore \nPatricia Mountain \nJason McMahon\nDavid Round \nMichael Turberville", "date": "28 April 2019", "href": "https://www.bbc.co.uk/news/uk-politics-48081569", "tags": "east richard yeo newton list elections phillips candidates south european liz whiting", "title": "2019 European elections: List of candidates for the South East"}