{"content": "Elections for the European Parliament will be held on 23 May 2019. Voters will choose 73 MEPs in 12 multi-member regional constituencies. Each region has a different number of MEPs based on its population. \n8 MEPs will be elected to represent London. MEPs are elected by proportional representation, in order as listed by their party. The number of MEPs each party gets is calculated using a formula called d'Hondt, except in Northern Ireland, where the Single Transferable Vote (STV) system is used.\nBack to introduction\nCandidates shown in party list order\nVanessa Hudson \nJane Smith \nSam Morland \nRanjan Joshi \nMina Da Rui \nJon Homan \nSimon Gouldman \nGavin Esler \nJan Vincent-Rostowski \nCarole Tongue \nAnnabel Mullin \nKaren Newman \nNora Mulready \nJessica Simor \nHasseeb Ur-Rehman \nSyed Kamall \nCharles Tannock \nJoy Morrissey \nTim Barnes \nScott Pattenden \nAttic Rahman \nKirsty Finlayson \nLuke Parker \nScott Ainslie \nGulnar Hasnain \nShahrar Ali \nRachel Collinson \nEleanor Margolies \nRemco van der Stoep \nKirsten De Keyser \nPeter Underwood \nClaude Moraes \nSeb Dance \nKaty Clark \nLaura Parker \nMurad Qureshi \nTaranjit Chana \nJames Beckles \nSanchia Alasia \nIrina Von Wiese \nDinesh Dhamija \nLuisa Porritt \nJonathan Fryer \nHussain Khan \nHelen Cross \nGraham Colley \nRabina Khan \nBen Habib \nLance Forman \nGraham Shore \nAlka Sehgal Cuthbert \nJimi Ogunnusi \nSimon Marcus \nMehrtash A'zami \nAileen Quinton \nPierre Kirk \nRichard Stevens \nSaleyha Ahsan \nAnna Novikova \nAngela Antetomaso \nRichard Boardman \nGerard Batten \nRichard Braine \nPete Muswell \nFreddy Vachha \nRobert Stephenson \nPeter McIlvenna \nJohn Poynton \nRonie Johnson \nCatherine Mayer \nBea Gare \nNanci Hogan \nAliyah Dunbar-Hussain \nHannah Barham-Brown \nAlison Marshall \nOlivia Patton-Vincenti \nLeyla Mohan \nDaze Aghaji\nRoger Hallam \nAlan Kirkby \nKofi Klu \nZoe Lafferty\nClaudia Mcdowell \nAndrew Medhurst\nHenry Muss\nMike Shad\nIan Sowden\nAndrea Venzon", "date": "28 April 2019", "href": "https://www.bbc.co.uk/news/uk-politics-48081347", "tags": "parker richard morrissey list dinesh gavin elections candidates london peter european", "title": "2019 European elections: List of candidates for London"}