{"content": "Elections for the European Parliament will be held on 23 May 2019. Voters will choose 73 MEPs in 12 multi-member regional constituencies. \nEach region has a different number of MEPs based on its population.  Click the links to see lists of candidates for your area.\nEast Midlands\nEast of England\nLondon\nNorth East\nNorth West\nNorthern Ireland\nScotland\nSouth East\nSouth West\nWales\nWest Midlands\nYorkshire and the Humber\nMEPs are elected by proportional representation, in order as listed by their party. \nThe number of MEPs each party gets is calculated using a formula called d'Hondt, except in Northern Ireland, where the Single Transferable Vote (STV) system  is used.\nResults are expected from 2100 GMT on Sunday 26 May.", "date": "28 April 2019", "href": "https://www.bbc.co.uk/news/uk-politics-48081172", "tags": "multi-member links list elections candidates midlands european", "title": "2019 European elections: List of candidates"}