{"content": "Elections for the European Parliament will be held on 23 May 2019. Voters will choose 73 MEPs in 12 multi-member regional constituencies. Each region has a different number of MEPs based on its population. \n3 MEPs will be elected to represent Northern Ireland. MEPs in Northern Ireland are elected by the Single Transferable Vote (STV) system.\nBack to introduction\nNaomi Long\nAmandeep Bhogal\nDiane Dodds\nClare Bailey\nMartina Anderson\nColum Eastwood\nJim Allister\nDanny Kennedy\nRobert Hill\nNeil McCann\nJane Morrice", "date": "28 April 2019", "href": "https://www.bbc.co.uk/news/uk-northern-ireland-politics-48081449", "tags": "multi-member neil colum northern clare list diane elections allister candidates martina ireland jane naomi european dodds", "title": "2019 European elections: List of candidates for Northern Ireland"}