{"content": "Elections for the European Parliament will be held on 23 May 2019. Voters will choose 73 MEPs in 12 multi-member regional constituencies. Each region has a different number of MEPs based on its population. \n5 MEPs will be elected to represent the East Midlands. MEPs are elected by proportional representation, in order as listed by their party. The number of MEPs each party gets is calculated using a formula called d'Hondt, except in Northern Ireland, where the Single Transferable Vote (STV) system is used.\nBack to introduction\nCandidates shown in party list order\nKate Godfrey\nJoan Pons Laplana\nNarinder Sharma\nPankajkumar Gulab\nEmma Manley\nEmma McClarkin\nRupert Matthews \nTony Harper\nBrendan Clarke-Smith\nThomas Randall\nKat Boettge\nGerhard Lohmann-Bond\nLiam McClelland\nDaniel Wimberley\nSimon Tooke\nNick Byatt\nMarianne Overton \nDaniel Simpson \nPearl Clarke \nNikki Dillon\nRory Palmer\nLeonie Mathers\nTony Tinley\nNicolle Ndiweni\nGary Godden\nBill Newton Dunn \nMichael Mullaney \nLucy Care \nSuzanna Austin \nCaroline Kenyon\nAnnunziata Rees-Mogg\nJonathan Bullock\nMatthew Patten\nTracy Knowles\nAnna Bailey\nAlan Graves\nMarietta King\nAnil Bhatti\nFran Loi\nJohn Evans\nSimon Rood", "date": "28 April 2019", "href": "https://www.bbc.co.uk/news/uk-politics-48081187", "tags": "east emma narinder newton list elections matthew daniel candidates tony liam midlands european", "title": "2019 European elections: List of candidates for the East Midlands"}