{"content": "Elections for the European Parliament will be held on 23 May 2019. Voters will choose 73 MEPs in 12 multi-member regional constituencies. Each region has a different number of MEPs based on its population. \n6 MEPs will be elected to represent Scotland. MEPs are elected by proportional representation, in order as listed by their party. The number of MEPs each party gets is calculated using a formula called d'Hondt, except in Northern Ireland, where the Single Transferable Vote (STV) system is used.\nBack to introduction\nCandidates shown in party list order\nDavid MacDonald \nPeter Griffiths \nKate Forman \nHeather Astbury \nColin McFadyen \nCathy Edgeworth \nBaroness Nosheena Mobarik \nIain McGill \nShona Haslam \nIain Whyte \nAndrea Gee \nMichael Kusznir \nMaggie Chapman \nLorna Slater \nGillian Mackay \nChas Booth \nMags Hall \nAllan Faulds \nDavid Martin \nJayne Baxter \nCraig Miller \nAmy Lee Fraioli \nCallum O'Dwyer \nAngela Bretherton \nSheila Ritchie \nFred Mackintosh \nCatriona Bhatia \nVita Zaporozcenko \nJohn Edward \nClive Sneddon \nAlyn Smith \nChristian Allard \nAileen McLeod \nMargaret Ferrier \nHeather Anderson\nAlex Kerr \nLouis Stedman-Bruce \nKarina Walker \nJames Ferguson-Hannah \nStuart Waiton \nPaul Aitken \nCalum Walker \nDonald MacKay \nJanice MacKay \nOtto Inglis \nMark Meechan \nRoy Hill \nNeil Wilson \nGordon Edgar\nKen Parke", "date": "28 April 2019", "href": "https://www.bbc.co.uk/news/uk-scotland-scotland-politics-48081564", "tags": "lorna heather ferguson-hannah scotland list elections mobarik candidates ritchie walker mackay vita european iain", "title": "2019 European elections: List of candidates for Scotland"}