{"content": " (CNN)At least 29 people were killed and 70 others wounded in an attack on a military parade in Iran's southwestern city of Ahvaz on Saturday, Iran's semi-official Fars News Agency reported, citing the deputy governor-general of Khouzestan province, Hossein Hosseinzadeh.\nThe dead and wounded were both military personnel and civilians including a journalist who were watching the parade, the state-run Islamic Republic News Agency (IRNA) added.\n\"Terrorists began shooting from a long distance while inside the park, at the armed forces as well as civilians watching the parade,\"  Brig. Gen. Abolfazl Shekarch, a spokesman for the Iranian armed forces told Mehr, a semi-official Iranian news agency. \n\nThree of the attackers were gunned down during clashes with the security forces and one other was arrested, news agencies reported.\nWounded soldiers lie on the ground after the attack on the military parade.{\"@context\": \"http://schema.org\",\"@type\": \"ImageObject\",\"name\": \"Wounded soldiers lie on the ground after the attack on the military parade.\",\"description\": \"Wounded soldiers lie on the ground after the attack on the military parade.\",\"url\": \"//cdn.cnn.com/cnnnext/dam/assets/180922044651-iran-parade-attack-09-22-18-large-169.jpg\",}\nAcross the board, from Iran's Supreme Leader on, Iran's government described the attack as a terrorist attack.\n\"The terrorists disguised as Islamic Revolution Guards Corps (IRGC) and Basiji (volunteer) forces opened fire to the authority and people from behind the stand during the parade,\" the governor of Khuzestan, Gholam-Reza Shariati, said, according to IRNA.\nU.S. State Department spokeswoman Heather Nauert also referred to the attack as terrorism.   Nauert said on Saturday, \"We stand with the Iranian people against the scourge of radical Islamic terrorism and express our sympathy to them at this terrible time\".\nAs for who carried out the attack, there was confusion over the names of groups that either claimed responsibility or were blamed for the attacks\nAccording to IRNA, the separatist group Patriotic Arab Democratic Movement in Ahwaz claimed responsibility for the attack. The group is supported by \"foreign antagonists,\" including Saudi Arabia, the agency said.\nPatriotic Arab Democratic Movement in Ahwaz later rejected IRNA's report that it had claimed responsibility for the attack.\n\"On behalf of #PADMAZ organization we reject all accusations and we insist that PADMAZ organization is a civil political movement and has nothing to do with what happen today in #IranMilitaryParade attack,\" the group, using its acronym, said on unconfirmed Twitter and Facebook accounts.\nIRGC spokesman Ramezan Sharif said the attackers were affiliated with a terrorist group supported by Saudi Arabia, Iran's state-run Press TV said.\n\"The individuals who fired at the people and the armed forces during the parade are connected to the al-Ahvaziya group which is fed by Saudi Arabia,\" Sharif said. Saudi Arabia has yet to respond to the allegations.\n ISIS also claimed responsibility for the attack but offered no evidence.\nThe parade was part of nationwide celebrations in Iran to mark the 30th anniversary of the end of the eight-year war with Iraq that started in September 1980 and ended in August 1988.\nThe attack happened in a province bordering Iraq that has a large ethnic Arab community, many of them Sunni. It was a major battleground during the war that killed half a million soldiers. \nIranian Foreign Minister Mohammad Javad Zarif also blamed \"a foreign regime\" backed by the United States for Saturday's attack that killed at least eight troops and several civilians.\n\"Terrorists recruited, trained, armed & paid by a foreign regime have attacked Ahvaz,\" Zarif said in a tweet, adding: \"Iran holds regional terror sponsors and their US masters accountable for such attacks.\"\nEarlier, Iranian President Hassan Rouhani used the occasion of the military parades to compare US President Donald Trump to the former Iraqi dictator Saddam Hussein, Press TV reported. \nSpeaking at a military rally in Tehran, he said Trump will fail in the \"economic and psychological war\" he's launched against Iran, just as Hussein failed in his eight-year war against the Islamic Republic.\n\"Iran will neither abandon its defensive weapons nor will reduce its defense capabilities,\" Rouhani said.  \n\"Rather it will increase its defense power day by day. The fact that they are angry at our missiles shows that these are the most influential weapons Iran has.\" \nSyrian President Bashar al-Assad and Hezbollah, two of Iran's closest allies, issued statements condemning the attack, with Assad referencing outside involvement and Hezbollah echoing allegations of US blame. \n\"We are with you with all the power we have\" to stand against these terrorist acts, Assad said in a cable to Rouhani extending condolences, the state-run Syrian Arab News Agency reported. \"We hope that the backers, financers and proponents of terrorism will understand that this danger threatens mankind as a whole.\"\nHezbollah in a statement said \"satanic and malignant hands are behind this terrorist action,\" and accused the United States and its allies of conducting the attack \"directly or by proxy.\" The attack is intended to undermine Iran's security and stability and as \"punishment for ... its rejection of American dependency politics,\" the statement claimed.\nIran's Foreign Ministry summoned the ambassadors of the Netherlands and Denmark, along with a senior British diplomat on Saturday to issue a strong protest the attack, Iran's state-run media reports.\nBahram Ghasemi, Iran's Foreign Ministry spokesman, said Iran \"re-emphasized\" to the diplomats a previous warning about the presence in their respective countries of members of a group that Iran classifies as a terrorist group and wants arrested and prosecuted.\nAccording to IRNA, Ghasemi said \"it is unacceptable\" that members of a terrorist group be allowed in those countries and not be included on the European Union's terror list only because they have not committed crimes on European soil.\nThe Iraqi border crossing authority said Saturday that the Iranian side was temporarily closing al-Sheeb and al-Shalamcha border crossings between the two countries after the attack.", "date": "October 4, 2018 ", "href": "https://edition.cnn.com/2018/09/22/middleeast/iran-attack-parade-intl/index.html", "tags": "parade iranian attack military wounded irna killed", "title": "29 killed in attack on Iranian military parade"}