{"content": "Story highlightsIsrael does not recognize the deal and reserves the right to act on its own, Netanyahu saysThe deal includes limitations to prevent the creation of nuclear weapons, Obama saysIran retains the right to enrich uranium but not above nuclear fuel level\nThe diplomatic gridlock between Iran and the West seemed immovable for decades. But on Sunday, diplomats made history when Iran and six world powers came together on an agreement over Iran's nuclear program.\nThe deal dials back Iran's ability to work toward a nuclear weapon and at the same time loosens the choke hold of international sanctions on Iran's economy.\nThe two sides now have six months to find out how historic the breakthrough really is. That's the duration of the preliminary agreement hammered out in Geneva, Switzerland, by Iran and the P5+1 -- the five permanent members of the U.N. Security Council plus Germany.  \n\"There are lots of things, regrettably, that we still have to work on. Our hope is that Iranian President Hassan Rouhani and Foreign Minister Javad Zarif want to build this different relationship, want to show in clear ways as we go forward that the program is peaceful,\" U.S. Secretary of State John Kerry told CNN's State of the Union. \n20 questions about the deal\nIran has stumbled from one economic crisis to the next under the sanctions, and unemployment currently runs over 24%.\nThe breathing room is intended to buy Iran and the negotiating powers time to arrive at a more comprehensive agreement. But it represents an opportunity, not a guarantee.\n\"It's a little too early to break open champagne bottles and put on the party hats on this one,\" said Middle East diplomatic expert Aaron David Miller.  \"Its success hinges on whether or not it leads to a bigger agreement to \"put Iran's nuclear weapons program to rest.\"\nThat the diplomats came to any accord at all represents a momentous budge in a nearly 35-year deadlock marked by distrust, suspicion and open animosity between the United States and Iran, which broke off diplomatic relations after Iran's revolution in 1979.\nIt was the first such agreement in 10 years of attempts to negotiate over Iran's nuclear program.\n'use strict';CNN.Videx = CNN.Videx || {};CNN.Videx.mobile = {};CNN.INJECTOR.executeFeature('video').then(function () {CNN.VideoPlayer.handleUnmutePlayer = function handleUnmutePlayer(containerId, dataObj) {'use strict';var playerInstance,playerPropertyObj,rememberTime,unmuteCTA,unmuteIdSelector = 'unmute_' + containerId,isPlayerMute;dataObj = dataObj || {};if (CNN.VideoPlayer.getLibraryName(containerId) === 'fave') {playerInstance = FAVE.player.getInstance(containerId) || null;} else {playerInstance = containerId && window.cnnVideoManager.getPlayerByContainer(containerId).videoInstance.cvp || null;}isPlayerMute = (typeof dataObj.muted === 'boolean') ? dataObj.muted : false;if (CNN.VideoPlayer.playerProperties && CNN.VideoPlayer.playerProperties[containerId]) {playerPropertyObj = CNN.VideoPlayer.playerProperties[containerId];}if (playerPropertyObj.mute && playerPropertyObj.contentPlayed) {if (isPlayerMute === false) {unmuteCTA = jQuery(document.getElementById(unmuteIdSelector));playerInstance.unmute();if (unmuteCTA.length > 0) {unmuteCTA.removeClass('video__unmute--active').addClass('video__unmute--inactive');unmuteCTA.off('click');rememberTime = 0;if (rememberTime < 0) {rememberTime = 360 / 60;}CNN.Utils.storeLocalValue('unmute_middleeast', 'X', rememberTime);}} else {playerInstance.mute();}}};CNN.VideoPlayer.showFlashSlate = function showFlashSlate(container) {'use strict';var $vidEndSlate;$vidEndSlate = container.parent().find('.js-video__end-slate').eq(0);if ($vidEndSlate.length > 0) {$vidEndSlate.find('.l-container').html('<a href=\"https://get.adobe.com/flashplayer/\" target=\"_blank\"><div class=\"flash-slate\"></div></a>');$vidEndSlate.removeClass('video__end-slate--inactive').addClass('video__end-slate--active');}};CNN.autoPlayVideoExist = (CNN.autoPlayVideoExist === true) ? true : false;var configObj = {thumb: 'none',video: 'world/2013/11/24/iran-fm-zarif-statement.cnn',width: '100%',height: '100%',section: 'international',profile: 'expansion',network: 'cnn',markupId: 'body-text_11',theoplayer: {allowNativeFullscreen: true},adsection: 'const-article-inpage',frameWidth: '100%',frameHeight: '100%',posterImageOverride: {\"mini\":{\"height\":144,\"width\":256,\"type\":\"jpg\",\"uri\":\"//cdn.cnn.com/cnnnext/dam/assets/131123231628-iran-fm-zarif-statement-00002322-hp-video.jpg\"},\"xsmall\":{\"height\":169,\"width\":300,\"type\":\"jpg\",\"uri\":\"//cdn.cnn.com/cnnnext/dam/assets/131123231628-iran-fm-zarif-statement-00002322-story-body.jpg\"},\"small\":{\"height\":360,\"width\":640,\"type\":\"jpg\",\"uri\":\"//cdn.cnn.com/cnnnext/dam/assets/131123231628-iran-fm-zarif-statement-00002322-story-top.jpg\"},\"medium\":{\"height\":552,\"width\":980,\"type\":\"jpg\",\"uri\":\"//cdn.cnn.com/cnnnext/dam/assets/131123231628-iran-fm-zarif-statement-00002322-horizontal-large-gallery.jpg\"},\"large\":{\"height\":552,\"width\":980,\"type\":\"jpg\",\"uri\":\"//cdn.cnn.com/cnnnext/dam/assets/131123231628-iran-fm-zarif-statement-00002322-horizontal-large-gallery.jpg\"},\"full16x9\":{\"height\":552,\"width\":980,\"type\":\"jpg\",\"uri\":\"//cdn.cnn.com/cnnnext/dam/assets/131123231628-iran-fm-zarif-statement-00002322-horizontal-large-gallery.jpg\"},\"mini1x1\":{\"height\":60,\"width\":60,\"type\":\"jpg\",\"uri\":\"//cdn.cnn.com/cnnnext/dam/assets/131123231628-iran-fm-zarif-statement-00002322-topics.jpg\"}}},autoStartVideo = false,isVideoReplayClicked = false,callbackObj,containerEl,currentVideoCollection = [],currentVideoCollectionId = '',isLivePlayer = false,mediaMetadataCallbacks,mobilePinnedView = null,moveToNextTimeout,mutePlayerEnabled = false,nextVideoId = '',nextVideoUrl = '',turnOnFlashMessaging = false,videoPinner,videoEndSlateImpl;if (CNN.autoPlayVideoExist === false) {autoStartVideo = false;if (autoStartVideo === true) {if (turnOnFlashMessaging === true) {autoStartVideo = false;containerEl = jQuery(document.getElementById(configObj.markupId));CNN.VideoPlayer.showFlashSlate(containerEl);} else {CNN.autoPlayVideoExist = true;}}}configObj.autostart = CNN.Features.enableAutoplayBlock ? false : autoStartVideo;CNN.VideoPlayer.setPlayerProperties(configObj.markupId, autoStartVideo, isLivePlayer, isVideoReplayClicked, mutePlayerEnabled);CNN.VideoPlayer.setFirstVideoInCollection(currentVideoCollection, configObj.markupId);videoEndSlateImpl = new CNN.VideoEndSlate('body-text_11');function findNextVideo(currentVideoId) {var i,vidObj;if (currentVideoId && jQuery.isArray(currentVideoCollection) && currentVideoCollection.length > 0) {for (i = 0; i < currentVideoCollection.length; i++) {vidObj = currentVideoCollection[i];if (typeof vidObj !== 'undefined' && vidObj.videoId === currentVideoId) {if (i < currentVideoCollection.length - 1) {nextVideoId = currentVideoCollection[i + 1].videoId;nextVideoUrl = currentVideoCollection[i + 1].videoUrl;} else {nextVideoId = currentVideoCollection[0].videoId;nextVideoUrl = currentVideoCollection[0].videoUrl;}break;}}if (!nextVideoUrl) {nextVideoId = currentVideoCollection[0].videoId;nextVideoUrl = currentVideoCollection[0].videoUrl;}currentVideoCollectionId = (window.jsmd && window.jsmd.v && window.jsmd.v.eVar60) || nextVideoUrl.replace(/^.+\\/video\\/playlists\\/(.+)\\//, '$1');} else {nextVideoId = '';nextVideoUrl = '';}}findNextVideo('world/2013/11/24/iran-fm-zarif-statement.cnn');function navigateToNextVideo(currentVideoId, containerId) {var $endSlate,nextVideoPlayTimeout = 1500;findNextVideo(currentVideoId);if (nextVideoUrl) {moveToNextTimeout = setTimeout(function () {location.href = nextVideoUrl;}, nextVideoPlayTimeout);} else {$endSlate = jQuery(document.getElementById(containerId)).parent().find('.js-video__end-slate').eq(0);if ($endSlate.length > 0) {videoEndSlateImpl.showEndSlateForContainer();if (mobilePinnedView) {mobilePinnedView.disable();}}}}callbackObj = {onPlayerReady: function (containerId) {var playerInstance,containerClassId = '#' + containerId;CNN.VideoPlayer.handleInitialExpandableVideoState(containerId);CNN.VideoPlayer.handleAdOnCVPVisibilityChange(containerId, CNN.pageVis.isDocumentVisible());if (CNN.Features.enableMobileWebFloatingPlayer &&Modernizr &&(Modernizr.phone || Modernizr.mobile || Modernizr.tablet) &&CNN.VideoPlayer.getLibraryName(containerId) === 'fave' &&jQuery(containerClassId).parents('.js-pg-rail-tall__head').length > 0 &&CNN.contentModel.pageType === 'article') {playerInstance = FAVE.player.getInstance(containerId);mobilePinnedView = new CNN.MobilePinnedView({element: jQuery(containerClassId),enabled: false,transition: CNN.MobileWebFloatingPlayer.transition,onPin: function () {playerInstance.hideUI();},onUnpin: function () {playerInstance.showUI();},onPlayerClick: function () {if (mobilePinnedView) {playerInstance.enterFullscreen();playerInstance.showUI();}},onDismiss: function() {CNN.Videx.mobile.pinnedPlayer.disable();playerInstance.pause();}});/* Storing pinned view on CNN.Videx.mobile.pinnedPlayer So that all players can see the single pinned player */CNN.Videx = CNN.Videx || {};CNN.Videx.mobile = CNN.Videx.mobile || {};CNN.Videx.mobile.pinnedPlayer = mobilePinnedView;}if (Modernizr && !Modernizr.phone && !Modernizr.mobile && !Modernizr.tablet) {if (jQuery(containerClassId).parents('.js-pg-rail-tall__head').length) {videoPinner = new CNN.VideoPinner(containerClassId);videoPinner.init();} else {CNN.VideoPlayer.hideThumbnail(containerId);}}},onContentEntryLoad: function(containerId, playerId, contentid, isQueue) {CNN.VideoPlayer.showSpinner(containerId);},onContentPause: function (containerId, playerId, videoId, paused) {if (mobilePinnedView) {CNN.VideoPlayer.handleMobilePinnedPlayerStates(containerId, paused);}},onContentMetadata: function (containerId, playerId, metadata, contentId, duration, width, height) {var endSlateLen = jQuery(document.getElementById(containerId)).parent().find('.js-video__end-slate').eq(0).length;CNN.VideoSourceUtils.updateSource(containerId, metadata);if (endSlateLen > 0) {videoEndSlateImpl.fetchAndShowRecommendedVideos(metadata);}},onAdPlay: function (containerId, cvpId, token, mode, id, duration, blockId, adType) {/* Dismissing the pinnedPlayer if another video players plays an Ad */CNN.VideoPlayer.dismissMobilePinnedPlayer(containerId);clearTimeout(moveToNextTimeout);CNN.VideoPlayer.hideSpinner(containerId);if (Modernizr && !Modernizr.phone && !Modernizr.mobile && !Modernizr.tablet) {if (typeof videoPinner !== 'undefined' && videoPinner !== null) {videoPinner.setIsPlaying(true);videoPinner.animateDown();}}},onAdPause: function (containerId, playerId, token, mode, id, duration, blockId, adType, instance, isAdPause) {if (mobilePinnedView) {CNN.VideoPlayer.handleMobilePinnedPlayerStates(containerId, isAdPause);}},onTrackingFullscreen: function (containerId, PlayerId, dataObj) {CNN.VideoPlayer.handleFullscreenChange(containerId, dataObj);if (mobilePinnedView &&typeof dataObj === 'object' &&FAVE.Utils.os === 'iOS' && !dataObj.fullscreen) {jQuery(document).scrollTop(mobilePinnedView.getScrollPosition());playerInstance.hideUI();}},onContentPlay: function (containerId, cvpId, event) {var playerInstance,prevVideoId;if (CNN.companion && typeof CNN.companion.updateCompanionLayout === 'function') {CNN.companion.updateCompanionLayout('restoreEpicAds');}clearTimeout(moveToNextTimeout);CNN.VideoPlayer.hideSpinner(containerId);if (Modernizr && !Modernizr.phone && !Modernizr.mobile && !Modernizr.tablet) {if (typeof videoPinner !== 'undefined' && videoPinner !== null) {videoPinner.setIsPlaying(true);videoPinner.animateDown();}}},onContentReplayRequest: function (containerId, cvpId, contentId) {if (Modernizr && !Modernizr.phone && !Modernizr.mobile && !Modernizr.tablet) {if (typeof videoPinner !== 'undefined' && videoPinner !== null) {videoPinner.setIsPlaying(true);var $endSlate = jQuery(document.getElementById(containerId)).parent().find('.js-video__end-slate').eq(0);if ($endSlate.length > 0) {$endSlate.removeClass('video__end-slate--active').addClass('video__end-slate--inactive');}}}},onContentBegin: function (containerId, cvpId, contentId) {if (mobilePinnedView) {mobilePinnedView.enable();}/* Dismissing the pinnedPlayer if another video players plays a video. */CNN.VideoPlayer.dismissMobilePinnedPlayer(containerId);CNN.VideoPlayer.mutePlayer(containerId);if (CNN.companion && typeof CNN.companion.updateCompanionLayout === 'function') {CNN.companion.updateCompanionLayout('removeEpicAds');}CNN.VideoPlayer.hideSpinner(containerId);clearTimeout(moveToNextTimeout);CNN.VideoSourceUtils.clearSource(containerId);jQuery(document).triggerVideoContentStarted();},onContentComplete: function (containerId, cvpId, contentId) {if (CNN.companion && typeof CNN.companion.updateCompanionLayout === 'function') {CNN.companion.updateCompanionLayout('restoreFreewheel');}navigateToNextVideo(contentId, containerId);},onContentEnd: function (containerId, cvpId, contentId) {if (Modernizr && !Modernizr.phone && !Modernizr.mobile && !Modernizr.tablet) {if (typeof videoPinner !== 'undefined' && videoPinner !== null) {videoPinner.setIsPlaying(false);}}},onCVPVisibilityChange: function (containerId, cvpId, visible) {CNN.VideoPlayer.handleAdOnCVPVisibilityChange(containerId, visible);}};if (typeof configObj.context !== 'string' || configObj.context.length <= 0) {configObj.context = 'middleeast'.replace(/[\\(\\)\\-]/g, '');}if (typeof configObj.adsection === 'undefined' && typeof window.ssid === 'string' && window.ssid.length > 0) {configObj.adsection = window.ssid;}CNN.autoPlayVideoExist = (CNN.autoPlayVideoExist === true) ? true : false;CNN.VideoPlayer.getLibrary(configObj, callbackObj, isLivePlayer);});CNN.INJECTOR.scriptComplete('videodemanddust');JUST WATCHEDIran happy with 'first step'ReplayMore Videos ...MUST WATCH{\"@context\": \"https://schema.org\",\"@type\": \"VideoObject\",\"name\": \"Iran happy with &#39;first step&#39;\",\"description\": \"Iranian Foreign Minister Mohammad Javad Zarif speaks about the deal reached over Iran&#39;s nuclear program.\",\"thumbnailURL\": \"https://cdn.cnn.com/cnnnext/dam/assets/131123231628-iran-fm-zarif-statement-00002322-story-top.jpg\",\"image\": \"https://cdn.cnn.com/cnnnext/dam/assets/131123231628-iran-fm-zarif-statement-00002322-story-top.jpg\",\"duration\": \"PT2M9S\",\"uploadDate\": \"2013-11-24T04:26:24Z\",\"contentUrl\": \"https://edition.cnn.com/videos/world/2013/11/24/iran-fm-zarif-statement.cnn\",\"url\": \"https://edition.cnn.com/videos/world/2013/11/24/iran-fm-zarif-statement.cnn\",\"embedUrl\": \"https://fave.api.cnn.io/v1/fav/?video=world/2013/11/24/iran-fm-zarif-statement.cnn&customer=cnn&edition=international&env=prod\"}Iran happy with 'first step' 02:08\n Photos: Photos: Iran nuclear deal reached Photos: Photos: Iran nuclear deal reachedIran nuclear deal reached \u2013 Chief negotiator Catherine Ashton and Iran's foreign minister announce agreement on Iran's nuclear program early on Sunday, November 24 in Geneva. Hide Caption 1 of 5 Photos: Photos: Iran nuclear deal reachedIran nuclear deal reached \u2013 Iranian Foreign Minister Mohammad Javad Zarif, left, and French Foreign Minister Laurent Fabius react after the announcement. Hide Caption 2 of 5 Photos: Photos: Iran nuclear deal reachedIran nuclear deal reached \u2013 EU foreign policy chief Catherine Ashton and U.S. Secretary of State John Kerry embrace after the statement.Hide Caption 3 of 5 Photos: Photos: Iran nuclear deal reachedIran nuclear deal reached \u2013 Iranian Foreign Minister Mohammad Javad Zarif talks with EU foreign policy chief Catherine Ashton as U.S. Secretary of State John Kerry embraces French Foreign Minister Laurent Fabius.Hide Caption 4 of 5 Photos: Photos: Iran nuclear deal reachedIran nuclear deal reached \u2013 EU foreign policy chief Catherine Ashton and French Foreign Minister Laurent Fabius share a hug while German Foreign Minister Guido Westerwelle, Iranian Foreign Minister Mohammad Javad Zarif and Russian Foreign Minister Sergei Lavrov talk. Hide Caption 5 of 5/* global CNN */'use strict';jQuery(document).ready(function () {var galleryAdSlide = new CNN.AdSlide('el__gallery', false, CNN.contentModel.singletonFile);});\n'use strict';CNN.Videx = CNN.Videx || {};CNN.Videx.mobile = {};CNN.INJECTOR.executeFeature('video').then(function () {CNN.VideoPlayer.handleUnmutePlayer = function handleUnmutePlayer(containerId, dataObj) {'use strict';var playerInstance,playerPropertyObj,rememberTime,unmuteCTA,unmuteIdSelector = 'unmute_' + containerId,isPlayerMute;dataObj = dataObj || {};if (CNN.VideoPlayer.getLibraryName(containerId) === 'fave') {playerInstance = FAVE.player.getInstance(containerId) || null;} else {playerInstance = containerId && window.cnnVideoManager.getPlayerByContainer(containerId).videoInstance.cvp || null;}isPlayerMute = (typeof dataObj.muted === 'boolean') ? dataObj.muted : false;if (CNN.VideoPlayer.playerProperties && CNN.VideoPlayer.playerProperties[containerId]) {playerPropertyObj = CNN.VideoPlayer.playerProperties[containerId];}if (playerPropertyObj.mute && playerPropertyObj.contentPlayed) {if (isPlayerMute === false) {unmuteCTA = jQuery(document.getElementById(unmuteIdSelector));playerInstance.unmute();if (unmuteCTA.length > 0) {unmuteCTA.removeClass('video__unmute--active').addClass('video__unmute--inactive');unmuteCTA.off('click');rememberTime = 0;if (rememberTime < 0) {rememberTime = 360 / 60;}CNN.Utils.storeLocalValue('unmute_middleeast', 'X', rememberTime);}} else {playerInstance.mute();}}};CNN.VideoPlayer.showFlashSlate = function showFlashSlate(container) {'use strict';var $vidEndSlate;$vidEndSlate = container.parent().find('.js-video__end-slate').eq(0);if ($vidEndSlate.length > 0) {$vidEndSlate.find('.l-container').html('<a href=\"https://get.adobe.com/flashplayer/\" target=\"_blank\"><div class=\"flash-slate\"></div></a>');$vidEndSlate.removeClass('video__end-slate--inactive').addClass('video__end-slate--active');}};CNN.autoPlayVideoExist = (CNN.autoPlayVideoExist === true) ? true : false;var configObj = {thumb: 'none',video: 'politics/2013/11/24/obama-iran-deal-statement.cnn',width: '100%',height: '100%',section: 'international',profile: 'expansion',network: 'cnn',markupId: 'body-text_13',theoplayer: {allowNativeFullscreen: true},adsection: 'const-article-inpage',frameWidth: '100%',frameHeight: '100%',posterImageOverride: {\"mini\":{\"height\":144,\"width\":256,\"type\":\"jpg\",\"uri\":\"//cdn.cnn.com/cnnnext/dam/assets/131123225509-obama-iran-deal-statement-00004819-hp-video.jpg\"},\"xsmall\":{\"height\":169,\"width\":300,\"type\":\"jpg\",\"uri\":\"//cdn.cnn.com/cnnnext/dam/assets/131123225509-obama-iran-deal-statement-00004819-story-body.jpg\"},\"small\":{\"height\":360,\"width\":640,\"type\":\"jpg\",\"uri\":\"//cdn.cnn.com/cnnnext/dam/assets/131123225509-obama-iran-deal-statement-00004819-story-top.jpg\"},\"medium\":{\"height\":552,\"width\":980,\"type\":\"jpg\",\"uri\":\"//cdn.cnn.com/cnnnext/dam/assets/131123225509-obama-iran-deal-statement-00004819-horizontal-large-gallery.jpg\"},\"large\":{\"height\":552,\"width\":980,\"type\":\"jpg\",\"uri\":\"//cdn.cnn.com/cnnnext/dam/assets/131123225509-obama-iran-deal-statement-00004819-horizontal-large-gallery.jpg\"},\"full16x9\":{\"height\":552,\"width\":980,\"type\":\"jpg\",\"uri\":\"//cdn.cnn.com/cnnnext/dam/assets/131123225509-obama-iran-deal-statement-00004819-horizontal-large-gallery.jpg\"},\"mini1x1\":{\"height\":60,\"width\":60,\"type\":\"jpg\",\"uri\":\"//cdn.cnn.com/cnnnext/dam/assets/131123225509-obama-iran-deal-statement-00004819-topics.jpg\"}}},autoStartVideo = false,isVideoReplayClicked = false,callbackObj,containerEl,currentVideoCollection = [],currentVideoCollectionId = '',isLivePlayer = false,mediaMetadataCallbacks,mobilePinnedView = null,moveToNextTimeout,mutePlayerEnabled = false,nextVideoId = '',nextVideoUrl = '',turnOnFlashMessaging = false,videoPinner,videoEndSlateImpl;if (CNN.autoPlayVideoExist === false) {autoStartVideo = false;if (autoStartVideo === true) {if (turnOnFlashMessaging === true) {autoStartVideo = false;containerEl = jQuery(document.getElementById(configObj.markupId));CNN.VideoPlayer.showFlashSlate(containerEl);} else {CNN.autoPlayVideoExist = true;}}}configObj.autostart = CNN.Features.enableAutoplayBlock ? false : autoStartVideo;CNN.VideoPlayer.setPlayerProperties(configObj.markupId, autoStartVideo, isLivePlayer, isVideoReplayClicked, mutePlayerEnabled);CNN.VideoPlayer.setFirstVideoInCollection(currentVideoCollection, configObj.markupId);videoEndSlateImpl = new CNN.VideoEndSlate('body-text_13');function findNextVideo(currentVideoId) {var i,vidObj;if (currentVideoId && jQuery.isArray(currentVideoCollection) && currentVideoCollection.length > 0) {for (i = 0; i < currentVideoCollection.length; i++) {vidObj = currentVideoCollection[i];if (typeof vidObj !== 'undefined' && vidObj.videoId === currentVideoId) {if (i < currentVideoCollection.length - 1) {nextVideoId = currentVideoCollection[i + 1].videoId;nextVideoUrl = currentVideoCollection[i + 1].videoUrl;} else {nextVideoId = currentVideoCollection[0].videoId;nextVideoUrl = currentVideoCollection[0].videoUrl;}break;}}if (!nextVideoUrl) {nextVideoId = currentVideoCollection[0].videoId;nextVideoUrl = currentVideoCollection[0].videoUrl;}currentVideoCollectionId = (window.jsmd && window.jsmd.v && window.jsmd.v.eVar60) || nextVideoUrl.replace(/^.+\\/video\\/playlists\\/(.+)\\//, '$1');} else {nextVideoId = '';nextVideoUrl = '';}}findNextVideo('politics/2013/11/24/obama-iran-deal-statement.cnn');function navigateToNextVideo(currentVideoId, containerId) {var $endSlate,nextVideoPlayTimeout = 1500;findNextVideo(currentVideoId);if (nextVideoUrl) {moveToNextTimeout = setTimeout(function () {location.href = nextVideoUrl;}, nextVideoPlayTimeout);} else {$endSlate = jQuery(document.getElementById(containerId)).parent().find('.js-video__end-slate').eq(0);if ($endSlate.length > 0) {videoEndSlateImpl.showEndSlateForContainer();if (mobilePinnedView) {mobilePinnedView.disable();}}}}callbackObj = {onPlayerReady: function (containerId) {var playerInstance,containerClassId = '#' + containerId;CNN.VideoPlayer.handleInitialExpandableVideoState(containerId);CNN.VideoPlayer.handleAdOnCVPVisibilityChange(containerId, CNN.pageVis.isDocumentVisible());if (CNN.Features.enableMobileWebFloatingPlayer &&Modernizr &&(Modernizr.phone || Modernizr.mobile || Modernizr.tablet) &&CNN.VideoPlayer.getLibraryName(containerId) === 'fave' &&jQuery(containerClassId).parents('.js-pg-rail-tall__head').length > 0 &&CNN.contentModel.pageType === 'article') {playerInstance = FAVE.player.getInstance(containerId);mobilePinnedView = new CNN.MobilePinnedView({element: jQuery(containerClassId),enabled: false,transition: CNN.MobileWebFloatingPlayer.transition,onPin: function () {playerInstance.hideUI();},onUnpin: function () {playerInstance.showUI();},onPlayerClick: function () {if (mobilePinnedView) {playerInstance.enterFullscreen();playerInstance.showUI();}},onDismiss: function() {CNN.Videx.mobile.pinnedPlayer.disable();playerInstance.pause();}});/* Storing pinned view on CNN.Videx.mobile.pinnedPlayer So that all players can see the single pinned player */CNN.Videx = CNN.Videx || {};CNN.Videx.mobile = CNN.Videx.mobile || {};CNN.Videx.mobile.pinnedPlayer = mobilePinnedView;}if (Modernizr && !Modernizr.phone && !Modernizr.mobile && !Modernizr.tablet) {if (jQuery(containerClassId).parents('.js-pg-rail-tall__head').length) {videoPinner = new CNN.VideoPinner(containerClassId);videoPinner.init();} else {CNN.VideoPlayer.hideThumbnail(containerId);}}},onContentEntryLoad: function(containerId, playerId, contentid, isQueue) {CNN.VideoPlayer.showSpinner(containerId);},onContentPause: function (containerId, playerId, videoId, paused) {if (mobilePinnedView) {CNN.VideoPlayer.handleMobilePinnedPlayerStates(containerId, paused);}},onContentMetadata: function (containerId, playerId, metadata, contentId, duration, width, height) {var endSlateLen = jQuery(document.getElementById(containerId)).parent().find('.js-video__end-slate').eq(0).length;CNN.VideoSourceUtils.updateSource(containerId, metadata);if (endSlateLen > 0) {videoEndSlateImpl.fetchAndShowRecommendedVideos(metadata);}},onAdPlay: function (containerId, cvpId, token, mode, id, duration, blockId, adType) {/* Dismissing the pinnedPlayer if another video players plays an Ad */CNN.VideoPlayer.dismissMobilePinnedPlayer(containerId);clearTimeout(moveToNextTimeout);CNN.VideoPlayer.hideSpinner(containerId);if (Modernizr && !Modernizr.phone && !Modernizr.mobile && !Modernizr.tablet) {if (typeof videoPinner !== 'undefined' && videoPinner !== null) {videoPinner.setIsPlaying(true);videoPinner.animateDown();}}},onAdPause: function (containerId, playerId, token, mode, id, duration, blockId, adType, instance, isAdPause) {if (mobilePinnedView) {CNN.VideoPlayer.handleMobilePinnedPlayerStates(containerId, isAdPause);}},onTrackingFullscreen: function (containerId, PlayerId, dataObj) {CNN.VideoPlayer.handleFullscreenChange(containerId, dataObj);if (mobilePinnedView &&typeof dataObj === 'object' &&FAVE.Utils.os === 'iOS' && !dataObj.fullscreen) {jQuery(document).scrollTop(mobilePinnedView.getScrollPosition());playerInstance.hideUI();}},onContentPlay: function (containerId, cvpId, event) {var playerInstance,prevVideoId;if (CNN.companion && typeof CNN.companion.updateCompanionLayout === 'function') {CNN.companion.updateCompanionLayout('restoreEpicAds');}clearTimeout(moveToNextTimeout);CNN.VideoPlayer.hideSpinner(containerId);if (Modernizr && !Modernizr.phone && !Modernizr.mobile && !Modernizr.tablet) {if (typeof videoPinner !== 'undefined' && videoPinner !== null) {videoPinner.setIsPlaying(true);videoPinner.animateDown();}}},onContentReplayRequest: function (containerId, cvpId, contentId) {if (Modernizr && !Modernizr.phone && !Modernizr.mobile && !Modernizr.tablet) {if (typeof videoPinner !== 'undefined' && videoPinner !== null) {videoPinner.setIsPlaying(true);var $endSlate = jQuery(document.getElementById(containerId)).parent().find('.js-video__end-slate').eq(0);if ($endSlate.length > 0) {$endSlate.removeClass('video__end-slate--active').addClass('video__end-slate--inactive');}}}},onContentBegin: function (containerId, cvpId, contentId) {if (mobilePinnedView) {mobilePinnedView.enable();}/* Dismissing the pinnedPlayer if another video players plays a video. */CNN.VideoPlayer.dismissMobilePinnedPlayer(containerId);CNN.VideoPlayer.mutePlayer(containerId);if (CNN.companion && typeof CNN.companion.updateCompanionLayout === 'function') {CNN.companion.updateCompanionLayout('removeEpicAds');}CNN.VideoPlayer.hideSpinner(containerId);clearTimeout(moveToNextTimeout);CNN.VideoSourceUtils.clearSource(containerId);jQuery(document).triggerVideoContentStarted();},onContentComplete: function (containerId, cvpId, contentId) {if (CNN.companion && typeof CNN.companion.updateCompanionLayout === 'function') {CNN.companion.updateCompanionLayout('restoreFreewheel');}navigateToNextVideo(contentId, containerId);},onContentEnd: function (containerId, cvpId, contentId) {if (Modernizr && !Modernizr.phone && !Modernizr.mobile && !Modernizr.tablet) {if (typeof videoPinner !== 'undefined' && videoPinner !== null) {videoPinner.setIsPlaying(false);}}},onCVPVisibilityChange: function (containerId, cvpId, visible) {CNN.VideoPlayer.handleAdOnCVPVisibilityChange(containerId, visible);}};if (typeof configObj.context !== 'string' || configObj.context.length <= 0) {configObj.context = 'middleeast'.replace(/[\\(\\)\\-]/g, '');}if (typeof configObj.adsection === 'undefined' && typeof window.ssid === 'string' && window.ssid.length > 0) {configObj.adsection = window.ssid;}CNN.autoPlayVideoExist = (CNN.autoPlayVideoExist === true) ? true : false;CNN.VideoPlayer.getLibrary(configObj, callbackObj, isLivePlayer);});CNN.INJECTOR.scriptComplete('videodemanddust');JUST WATCHEDObama reacts to Iran nuclear dealReplayMore Videos ...MUST WATCH{\"@context\": \"https://schema.org\",\"@type\": \"VideoObject\",\"name\": \"Obama reacts to Iran nuclear deal\",\"description\": \"President Barack Obama makes a statement in the wake of a deal that will limit Iran&#39;s nuclear program.\",\"thumbnailURL\": \"https://cdn.cnn.com/cnnnext/dam/assets/131123225509-obama-iran-deal-statement-00004819-story-top.jpg\",\"image\": \"https://cdn.cnn.com/cnnnext/dam/assets/131123225509-obama-iran-deal-statement-00004819-story-top.jpg\",\"duration\": \"PT6M48S\",\"uploadDate\": \"2013-11-24T04:19:55Z\",\"contentUrl\": \"https://edition.cnn.com/videos/politics/2013/11/24/obama-iran-deal-statement.cnn\",\"url\": \"https://edition.cnn.com/videos/politics/2013/11/24/obama-iran-deal-statement.cnn\",\"embedUrl\": \"https://fave.api.cnn.io/v1/fav/?video=politics/2013/11/24/obama-iran-deal-statement.cnn&customer=cnn&edition=international&env=prod\"}Obama reacts to Iran nuclear deal 06:47\n'use strict';CNN.Videx = CNN.Videx || {};CNN.Videx.mobile = {};CNN.INJECTOR.executeFeature('video').then(function () {CNN.VideoPlayer.handleUnmutePlayer = function handleUnmutePlayer(containerId, dataObj) {'use strict';var playerInstance,playerPropertyObj,rememberTime,unmuteCTA,unmuteIdSelector = 'unmute_' + containerId,isPlayerMute;dataObj = dataObj || {};if (CNN.VideoPlayer.getLibraryName(containerId) === 'fave') {playerInstance = FAVE.player.getInstance(containerId) || null;} else {playerInstance = containerId && window.cnnVideoManager.getPlayerByContainer(containerId).videoInstance.cvp || null;}isPlayerMute = (typeof dataObj.muted === 'boolean') ? dataObj.muted : false;if (CNN.VideoPlayer.playerProperties && CNN.VideoPlayer.playerProperties[containerId]) {playerPropertyObj = CNN.VideoPlayer.playerProperties[containerId];}if (playerPropertyObj.mute && playerPropertyObj.contentPlayed) {if (isPlayerMute === false) {unmuteCTA = jQuery(document.getElementById(unmuteIdSelector));playerInstance.unmute();if (unmuteCTA.length > 0) {unmuteCTA.removeClass('video__unmute--active').addClass('video__unmute--inactive');unmuteCTA.off('click');rememberTime = 0;if (rememberTime < 0) {rememberTime = 360 / 60;}CNN.Utils.storeLocalValue('unmute_middleeast', 'X', rememberTime);}} else {playerInstance.mute();}}};CNN.VideoPlayer.showFlashSlate = function showFlashSlate(container) {'use strict';var $vidEndSlate;$vidEndSlate = container.parent().find('.js-video__end-slate').eq(0);if ($vidEndSlate.length > 0) {$vidEndSlate.find('.l-container').html('<a href=\"https://get.adobe.com/flashplayer/\" target=\"_blank\"><div class=\"flash-slate\"></div></a>');$vidEndSlate.removeClass('video__end-slate--inactive').addClass('video__end-slate--active');}};CNN.autoPlayVideoExist = (CNN.autoPlayVideoExist === true) ? true : false;var configObj = {thumb: 'none',video: 'world/2013/11/24/bpr-asgard-iran-deal.cnn',width: '100%',height: '100%',section: 'international',profile: 'expansion',network: 'cnn',markupId: 'body-text_14',theoplayer: {allowNativeFullscreen: true},adsection: 'const-article-inpage',frameWidth: '100%',frameHeight: '100%',posterImageOverride: {\"mini\":{\"height\":144,\"width\":256,\"type\":\"jpg\",\"uri\":\"//cdn.cnn.com/cnnnext/dam/assets/131123235426-bpr-asgard-iran-deal-00022610-hp-video.jpg\"},\"xsmall\":{\"height\":169,\"width\":300,\"type\":\"jpg\",\"uri\":\"//cdn.cnn.com/cnnnext/dam/assets/131123235426-bpr-asgard-iran-deal-00022610-story-body.jpg\"},\"small\":{\"height\":360,\"width\":640,\"type\":\"jpg\",\"uri\":\"//cdn.cnn.com/cnnnext/dam/assets/131123235426-bpr-asgard-iran-deal-00022610-story-top.jpg\"},\"medium\":{\"height\":552,\"width\":980,\"type\":\"jpg\",\"uri\":\"//cdn.cnn.com/cnnnext/dam/assets/131123235426-bpr-asgard-iran-deal-00022610-horizontal-large-gallery.jpg\"},\"large\":{\"height\":552,\"width\":980,\"type\":\"jpg\",\"uri\":\"//cdn.cnn.com/cnnnext/dam/assets/131123235426-bpr-asgard-iran-deal-00022610-horizontal-large-gallery.jpg\"},\"full16x9\":{\"height\":552,\"width\":980,\"type\":\"jpg\",\"uri\":\"//cdn.cnn.com/cnnnext/dam/assets/131123235426-bpr-asgard-iran-deal-00022610-horizontal-large-gallery.jpg\"},\"mini1x1\":{\"height\":60,\"width\":60,\"type\":\"jpg\",\"uri\":\"//cdn.cnn.com/cnnnext/dam/assets/131123235426-bpr-asgard-iran-deal-00022610-topics.jpg\"}}},autoStartVideo = false,isVideoReplayClicked = false,callbackObj,containerEl,currentVideoCollection = [],currentVideoCollectionId = '',isLivePlayer = false,mediaMetadataCallbacks,mobilePinnedView = null,moveToNextTimeout,mutePlayerEnabled = false,nextVideoId = '',nextVideoUrl = '',turnOnFlashMessaging = false,videoPinner,videoEndSlateImpl;if (CNN.autoPlayVideoExist === false) {autoStartVideo = false;if (autoStartVideo === true) {if (turnOnFlashMessaging === true) {autoStartVideo = false;containerEl = jQuery(document.getElementById(configObj.markupId));CNN.VideoPlayer.showFlashSlate(containerEl);} else {CNN.autoPlayVideoExist = true;}}}configObj.autostart = CNN.Features.enableAutoplayBlock ? false : autoStartVideo;CNN.VideoPlayer.setPlayerProperties(configObj.markupId, autoStartVideo, isLivePlayer, isVideoReplayClicked, mutePlayerEnabled);CNN.VideoPlayer.setFirstVideoInCollection(currentVideoCollection, configObj.markupId);videoEndSlateImpl = new CNN.VideoEndSlate('body-text_14');function findNextVideo(currentVideoId) {var i,vidObj;if (currentVideoId && jQuery.isArray(currentVideoCollection) && currentVideoCollection.length > 0) {for (i = 0; i < currentVideoCollection.length; i++) {vidObj = currentVideoCollection[i];if (typeof vidObj !== 'undefined' && vidObj.videoId === currentVideoId) {if (i < currentVideoCollection.length - 1) {nextVideoId = currentVideoCollection[i + 1].videoId;nextVideoUrl = currentVideoCollection[i + 1].videoUrl;} else {nextVideoId = currentVideoCollection[0].videoId;nextVideoUrl = currentVideoCollection[0].videoUrl;}break;}}if (!nextVideoUrl) {nextVideoId = currentVideoCollection[0].videoId;nextVideoUrl = currentVideoCollection[0].videoUrl;}currentVideoCollectionId = (window.jsmd && window.jsmd.v && window.jsmd.v.eVar60) || nextVideoUrl.replace(/^.+\\/video\\/playlists\\/(.+)\\//, '$1');} else {nextVideoId = '';nextVideoUrl = '';}}findNextVideo('world/2013/11/24/bpr-asgard-iran-deal.cnn');function navigateToNextVideo(currentVideoId, containerId) {var $endSlate,nextVideoPlayTimeout = 1500;findNextVideo(currentVideoId);if (nextVideoUrl) {moveToNextTimeout = setTimeout(function () {location.href = nextVideoUrl;}, nextVideoPlayTimeout);} else {$endSlate = jQuery(document.getElementById(containerId)).parent().find('.js-video__end-slate').eq(0);if ($endSlate.length > 0) {videoEndSlateImpl.showEndSlateForContainer();if (mobilePinnedView) {mobilePinnedView.disable();}}}}callbackObj = {onPlayerReady: function (containerId) {var playerInstance,containerClassId = '#' + containerId;CNN.VideoPlayer.handleInitialExpandableVideoState(containerId);CNN.VideoPlayer.handleAdOnCVPVisibilityChange(containerId, CNN.pageVis.isDocumentVisible());if (CNN.Features.enableMobileWebFloatingPlayer &&Modernizr &&(Modernizr.phone || Modernizr.mobile || Modernizr.tablet) &&CNN.VideoPlayer.getLibraryName(containerId) === 'fave' &&jQuery(containerClassId).parents('.js-pg-rail-tall__head').length > 0 &&CNN.contentModel.pageType === 'article') {playerInstance = FAVE.player.getInstance(containerId);mobilePinnedView = new CNN.MobilePinnedView({element: jQuery(containerClassId),enabled: false,transition: CNN.MobileWebFloatingPlayer.transition,onPin: function () {playerInstance.hideUI();},onUnpin: function () {playerInstance.showUI();},onPlayerClick: function () {if (mobilePinnedView) {playerInstance.enterFullscreen();playerInstance.showUI();}},onDismiss: function() {CNN.Videx.mobile.pinnedPlayer.disable();playerInstance.pause();}});/* Storing pinned view on CNN.Videx.mobile.pinnedPlayer So that all players can see the single pinned player */CNN.Videx = CNN.Videx || {};CNN.Videx.mobile = CNN.Videx.mobile || {};CNN.Videx.mobile.pinnedPlayer = mobilePinnedView;}if (Modernizr && !Modernizr.phone && !Modernizr.mobile && !Modernizr.tablet) {if (jQuery(containerClassId).parents('.js-pg-rail-tall__head').length) {videoPinner = new CNN.VideoPinner(containerClassId);videoPinner.init();} else {CNN.VideoPlayer.hideThumbnail(containerId);}}},onContentEntryLoad: function(containerId, playerId, contentid, isQueue) {CNN.VideoPlayer.showSpinner(containerId);},onContentPause: function (containerId, playerId, videoId, paused) {if (mobilePinnedView) {CNN.VideoPlayer.handleMobilePinnedPlayerStates(containerId, paused);}},onContentMetadata: function (containerId, playerId, metadata, contentId, duration, width, height) {var endSlateLen = jQuery(document.getElementById(containerId)).parent().find('.js-video__end-slate').eq(0).length;CNN.VideoSourceUtils.updateSource(containerId, metadata);if (endSlateLen > 0) {videoEndSlateImpl.fetchAndShowRecommendedVideos(metadata);}},onAdPlay: function (containerId, cvpId, token, mode, id, duration, blockId, adType) {/* Dismissing the pinnedPlayer if another video players plays an Ad */CNN.VideoPlayer.dismissMobilePinnedPlayer(containerId);clearTimeout(moveToNextTimeout);CNN.VideoPlayer.hideSpinner(containerId);if (Modernizr && !Modernizr.phone && !Modernizr.mobile && !Modernizr.tablet) {if (typeof videoPinner !== 'undefined' && videoPinner !== null) {videoPinner.setIsPlaying(true);videoPinner.animateDown();}}},onAdPause: function (containerId, playerId, token, mode, id, duration, blockId, adType, instance, isAdPause) {if (mobilePinnedView) {CNN.VideoPlayer.handleMobilePinnedPlayerStates(containerId, isAdPause);}},onTrackingFullscreen: function (containerId, PlayerId, dataObj) {CNN.VideoPlayer.handleFullscreenChange(containerId, dataObj);if (mobilePinnedView &&typeof dataObj === 'object' &&FAVE.Utils.os === 'iOS' && !dataObj.fullscreen) {jQuery(document).scrollTop(mobilePinnedView.getScrollPosition());playerInstance.hideUI();}},onContentPlay: function (containerId, cvpId, event) {var playerInstance,prevVideoId;if (CNN.companion && typeof CNN.companion.updateCompanionLayout === 'function') {CNN.companion.updateCompanionLayout('restoreEpicAds');}clearTimeout(moveToNextTimeout);CNN.VideoPlayer.hideSpinner(containerId);if (Modernizr && !Modernizr.phone && !Modernizr.mobile && !Modernizr.tablet) {if (typeof videoPinner !== 'undefined' && videoPinner !== null) {videoPinner.setIsPlaying(true);videoPinner.animateDown();}}},onContentReplayRequest: function (containerId, cvpId, contentId) {if (Modernizr && !Modernizr.phone && !Modernizr.mobile && !Modernizr.tablet) {if (typeof videoPinner !== 'undefined' && videoPinner !== null) {videoPinner.setIsPlaying(true);var $endSlate = jQuery(document.getElementById(containerId)).parent().find('.js-video__end-slate').eq(0);if ($endSlate.length > 0) {$endSlate.removeClass('video__end-slate--active').addClass('video__end-slate--inactive');}}}},onContentBegin: function (containerId, cvpId, contentId) {if (mobilePinnedView) {mobilePinnedView.enable();}/* Dismissing the pinnedPlayer if another video players plays a video. */CNN.VideoPlayer.dismissMobilePinnedPlayer(containerId);CNN.VideoPlayer.mutePlayer(containerId);if (CNN.companion && typeof CNN.companion.updateCompanionLayout === 'function') {CNN.companion.updateCompanionLayout('removeEpicAds');}CNN.VideoPlayer.hideSpinner(containerId);clearTimeout(moveToNextTimeout);CNN.VideoSourceUtils.clearSource(containerId);jQuery(document).triggerVideoContentStarted();},onContentComplete: function (containerId, cvpId, contentId) {if (CNN.companion && typeof CNN.companion.updateCompanionLayout === 'function') {CNN.companion.updateCompanionLayout('restoreFreewheel');}navigateToNextVideo(contentId, containerId);},onContentEnd: function (containerId, cvpId, contentId) {if (Modernizr && !Modernizr.phone && !Modernizr.mobile && !Modernizr.tablet) {if (typeof videoPinner !== 'undefined' && videoPinner !== null) {videoPinner.setIsPlaying(false);}}},onCVPVisibilityChange: function (containerId, cvpId, visible) {CNN.VideoPlayer.handleAdOnCVPVisibilityChange(containerId, visible);}};if (typeof configObj.context !== 'string' || configObj.context.length <= 0) {configObj.context = 'middleeast'.replace(/[\\(\\)\\-]/g, '');}if (typeof configObj.adsection === 'undefined' && typeof window.ssid === 'string' && window.ssid.length > 0) {configObj.adsection = window.ssid;}CNN.autoPlayVideoExist = (CNN.autoPlayVideoExist === true) ? true : false;CNN.VideoPlayer.getLibrary(configObj, callbackObj, isLivePlayer);});CNN.INJECTOR.scriptComplete('videodemanddust');JUST WATCHEDIran deal 'important step forward'ReplayMore Videos ...MUST WATCH{\"@context\": \"https://schema.org\",\"@type\": \"VideoObject\",\"name\": \"Iran deal &#39;important step forward&#39;\",\"description\": \"Analyst sees nuclear deal with Iran as a stepping stone to future progress between Iran and the international community.\",\"thumbnailURL\": \"https://cdn.cnn.com/cnnnext/dam/assets/131123235426-bpr-asgard-iran-deal-00022610-story-top.jpg\",\"image\": \"https://cdn.cnn.com/cnnnext/dam/assets/131123235426-bpr-asgard-iran-deal-00022610-story-top.jpg\",\"duration\": \"PT2M49S\",\"uploadDate\": \"2013-11-24T04:56:36Z\",\"contentUrl\": \"https://edition.cnn.com/videos/world/2013/11/24/bpr-asgard-iran-deal.cnn\",\"url\": \"https://edition.cnn.com/videos/world/2013/11/24/bpr-asgard-iran-deal.cnn\",\"embedUrl\": \"https://fave.api.cnn.io/v1/fav/?video=world/2013/11/24/bpr-asgard-iran-deal.cnn&customer=cnn&edition=international&env=prod\"}Iran deal 'important step forward' 02:48\n\"What happened over the last several weeks is by any standard extraordinary,\" Miller said.\nKerry told CNN that it will be vital to verify Iran's compliance with the deal.\n\"None of this is based on trust. It's not a question of trust,\" he said. \"It's a question of having the verification and the intrusive inspections and the insights into the program and the commitments that can be held accountable, so that you are in fact creating a fail-safe mechanism by which you are making your judgments.\"\nRead the deal (.PDF)\nSuccess or setback?\nReactions to the breakthrough ran the gamut from joy in Iran to dismay in Israel. \nIn a televised speech, Rouhani sold it as a win for his negotiators.\n\"We are pleased after 10 years that an agreement on this level has been reached,\" he said.  \nHe played up the fact that the deal allows Iran to enrich uranium to a level making it usable as nuclear fuel. During the six months of the agreement, major facilities in Iran will continue doing so, he said. That level, 5% enrichment, is well below the level needed to make weapons.\nThe deal also marks the beginning of the end of sanctions, Rouhani said.\nFareed Zakaria: What critics are getting wrong about the Iran deal \nThe announcement was extremely popular with Iranian citizens. They believe this is a golden opportunity to improve relations with the West. \n\"Everyone in Iran is very happy,\" Ali, a factory manager, told CNN. \"Iranian people want to cooperate with all countries so we can make a best life. ... Iranian people are not dangerous.\"\nHe said life with sanctions has been difficult for young people like him.\nIn the end, Iran's insistence that it has never sought nuclear weapons will be vindicated, Rouhani said, and that notion will go down as a \"historical joke.\"\nIran's Supreme Leader Ayatollah Ali Khamenei, traditionally very distrustful of Western powers, seemed pleased. This could be the basis of intelligent actions of the future, he said.\nU.S. President Barack Obama took to live television to announce the deal as a success that includes \"substantial limitations that will help prevent Iran from creating a nuclear weapon.\"\nHe and Israeli Prime Minister Benjamin Netanyahu spoke about the deal Sunday, according to White House Deputy Press Secretary Josh Earnest.\nSpeaking to reporters on Air Force One as Obama traveled to Seattle, Earnest said the two leaders had a \"useful discussion\" for about a half hour.\nThe two countries are committed to the same goal -- making sure Iran never obtains a nuclear weapon -- the spokesman said.\nBut decades of mistrust run deep.\nObama's Republican opponents in Washington scorned the deal, and key ally Israel frowned upon it.  \nBoth say it will have the opposite effect, advancing Iran's alleged quest for a bomb.\n\"This agreement shows other rogue states that wish to go nuclear that you can obfuscate, cheat, and lie for a decade, and eventually the United States will tire and drop key demands,\" said freshman Sen. Marco Rubio of Florida. \nBreaking down the deal\nNetanyahu: obligation to defend\nNetanyahu adamantly distrusts Iran and decried the agreement as a \"historic mistake\" on Sunday.  \nFor decades, he has listened to Iranian leaders threaten the Jewish state, one even saying Israel should be wiped off the map.\nDuring the negotiations in Geneva, Khamenei responded to passionate Israeli skepticism by saying Israeli officials \"cannot be even called humans\" and referred to Netanyahu as \"the rabid dog of the region.\"\nNow that sanctions are working, Netanyahu wants to see the thumbscrews tightened, not loosened, until Iran shuts down much of its nuclear capability, which Tehran claims it will use only for peaceful purposes.\nThe agreement does not apply to Israel, he said Sunday. If need be, Israel will take matters into its own hands, he said.\n\"The regime in Iran is dedicated to destroying Israel, and Israel has the right and obligation to defend itself with its own forces against every threat. I want to make clear as the prime minister of Israel, Israel will not let Iran develop a nuclear military capability.\"\nIsraeli President Shimon Peres backed up Netanyahu's show of strength but also extended an olive branch. \n\"I would like to say to the Iranian people: You are not our enemies and we are not yours. There is a possibility to solve this issue diplomatically,\" Peres said. \nHe called on Iran to drop ambitions of acquiring a nuclear weapon and end support to terrorists threatening Israel.\nKerry: Israel safer \nKerry thinks Israel became safer from an Iranian threat on Sunday than it was on Saturday, he told CNN's Candy Crowley.\n\"Israel is threatened by what has been going on in Iran,\" he conceded. But it is better to have a chance to put Tehran's program in reverse than to let it secretly roll forward toward creating a nuclear bomb.\nIt's not about getting cozier with Iran, Kerry said.\n\"We are open not to being duped and not to being tricked and not to being led down the primrose path, but open to setting up a verifiable, clear process,\" Kerry said.\nBritish Prime Minister David Cameron said Iran will still feel the pressure of sanctions.\n\"We will continue to enforce sanctions robustly in order to secure a comprehensive and final settlement that fully addresses the real and substantive concerns of the international community,\" he said.\nWashington skeptics\nIn the weeks before the start of the negotiations, U.S. legislators appeared to be obliging Netanyahu, as they considered loading new sanctions onto the Islamic Republic.\nIf that happens, Obama may have to veto them, Kerry said. New sanctions would torpedo the deal. \nBut Kerry said he will assure Congress the deal supports its goal of preventing Iran from developing a nuclear weapon.\nObama has said that the agreement only involves some of the sanctions, leaving the toughest ones in place. The agreement is not about trusting Iran, it is about being able to verify the country's compliance, a White House official said.\nThe U.N.'s nuclear watchdog, the International Atomic Energy Agency, said it is ready to inspect and monitor Iran's nuclear activities. It called the new deal a \"another important step forward.\"\nIf things go sour, all options are still on the table, Obama has said, including military strikes on Iran's nuclear facilities.\nObama may need to talk with Saudi Arabia, which has lasting tensions with Tehran and has been at odds with Obama over much of his Middle East policy.\nThe government expressed displeasure Sunday with the preliminary deal. \n\"The Saudi government has been very concerned about these negotiations with Iran and unhappy at the prospect of a deal with Iran,\" a Saudi government official who is not authorized to speak to the media told CNN.\nOne agreement, wildly different reactions\nAll about enrichment\nThe White House and Zarif both insist that the agreement meets their expectations on the issue of uranium enrichment.\nIran has consistently said it is enriching uranium and building nuclear reactors only for peaceful civilian energy needs. Nuclear power plants use uranium that is enriched to 5%. It's the fuel that the plants use to generate electricity.\nThe White House has said Iran's enrichment may not go above that. \nIran must also dilute, to at or below 5%, half of its stockpile of near-20% enriched uranium and convert the rest to a form not suitable for further enrichment before the end of the initial phase of the deal.\nIt may not turn on certain centrifuges, the devices used to enrich uranium, that have not yet been brought on line.\nThis is in line with the terms of the Treaty on the Non-Proliferation of Nuclear Weapons, which Iran has signed. It requires Tehran not to create nuclear weapons or enable other countries to obtain them. \nIran has also agreed to what Kerry described as \"unprecedented international monitoring\" of its nuclear program. \nOpinion: Iran deal a risk worth taking\nThe Rouhani difference\nThis final round of negotiations in Geneva stretched for four days, but began months ago in secrecy, shortly after Rouhani replaced Mahmoud Ahmadinejad as Iran's president earlier this year.\nAhmadinejad's foreign policy rhetoric was marked by caustic jabs at the United States and bellicose threats toward Israel. He railed against economic sanctions and drove the advancement of nuclear technology.\nRouhani has struck a more conciliatory tone and made the lifting of sanctions against his country a priority.\nU.S. and Iranian officials for months have been holding private, previously secret discussions to generate ideas for the wider nuclear negotiations, a senior Obama administration official confirmed Saturday.\nThe Americans briefed their P5+1 colleagues. It led to formal negotiations in Geneva.\nCatherine Ashton, the European Union's foreign policy chief, led the working negotiations to their near conclusion. \nThen, to pound out difficult details, she called in the heavy lifters on Saturday: Kerry, his British counterpart William Hague, France's foreign minister Laurent Fabius, Chinese Foreign Minister Wang Yi and Russia's foreign policy chief, Sergey Lavrov.\nShortly after 3 a.m. local time Sunday, a tweet from a European diplomat let on that there was a deal. An hour later, an Iranian colleague followed suit. \nMinutes later, Ashton made the official announcement. \nA diplomatic mountain had been moved. \nPresident Obama's legacy moment on Iran", "date": "November 24, 2013 ", "href": "https://edition.cnn.com/2013/11/24/world/meast/iran-nuclear-deal/index.html", "tags": "iran deal geneva nuclear broken- gridlock", "title": "3-decade gridlock broken- The nuclear deal with Iran in Geneva"}