{"content": "WHAT WAS SAID \nTHE FACTS \nTechnically, Mr. Trump did not repeal the defense sequester, which refers to limits placed on military spending enacted in 2011. Congress effectively erased mandated caps in February, but that doesn\u2019t mean that the military received \u201cno money\u201d at all before then. \nIn 2011, in response to a debt ceiling crisis, lawmakers reached a bipartisan agreement to reduce deficits by at least $2.1 trillion over the next decade. In addition to limits on domestic spending, limits were placed on the Pentagon\u2019s base budget, but not its wartime spending. \nCongress increased spending caps by $32 billion in 2013 and $40 billion in 2015,  referred to by budget watchers as \u201cpartial sequester relief.\u201d In February, the cap was blown off entirely, when Mr. Trump signed a budget deal that raised it by $165 billion over two years. Effectively, that ended the sequester without repealing the original law. \nFrom 2012 to 2017, the Pentagon\u2019s annual budget had decreased as a percent of the economy. But it still hovered around $600 billion \u2014 a far cry from \u201cno money\u201d at all. \nThe United States\u2019 military spending has consistently outstripped the rest of the world\u2019s. In fact, it has been higher than the next seven to 11 countries combined since 2012, according to data from the Stockholm International Peace Research Institute. \nWHAT WAS SAID \nTHE FACTS \nIn 2016, the United States Navy had 275 active ships in its fleet. Mr. Trump\u2019s plans to increase that number to 355 would amount to just 80 more. \nHis claim that the Navy would have a larger fleet \u201cvery soon\u201d is also inaccurate. In a February news conference, Rear Adm. Brian Luther estimated that the Navy expected to reach 326 ships by the 2023 fiscal year and 355 by the 2050s \u2014  decades after Mr. Trump\u2019s potential second term in office. \nWHAT WAS SAID \nTHE FACTS\nTroops have received a pay raise every year for the last 10 years, and nearly every year since 1945. In the past decade, the increases have ranged from 1 percent in 2014 and 2015 to 3.9 percent in 2009. \nThe last time the military did not receive a pay raise was in 1983. And that was because the  raise became effective at the start of the 1984 calendar year, rather than the fiscal year, which started in October 1983, according to the Congressional Research Service. \nMilitary pay increases are, by law, tied to the employment cost index, which measures private-sector wages \u2014 although the president or Congress can ask for more or less.\nCongress enacted a pay increase of 2.4 percent in 2018, and 2.1 percent in 2017 \u2014 though Mr. Trump\u2019s budgets requested lower figures. The White House requested a 2.9 pay raise for 2019. That legislation passed the House, and the Senate is working on its version. \nSources: Congressional Research Service, the Navy, the Pentagon, Stockholm International Peace Research Institute", "date": "May 25, 2018", "href": "https://www.nytimes.com/2018/05/25/us/politics/fact-check-trump-naval-academy-speech.html", "tags": "false trump limits academy speech claims naval", "title": "3 False Claims From Trump\u2019s Naval Academy Speech "}