{"content": "Story highlightsThe NSC will be the largest movable object built on land, says the European Bank for Reconstruction and DevelopmentIt will be pushed over the Chernobyl nuclear reactor that was damaged in 1986\n (CNN)Next to a crumbling nuclear reactor destroyed in an explosion 30 years ago, an unprecedented project in the history of modern engineering is being built.\nWhen it's completed, the New Safe Confinement, or NSC, will be the largest movable object built on land, according to the European Bank for Reconstruction and Development, or EBRD. \n\nWhen an explosion tore through Chernobyl's No. 4 reactor on April 26, 1986, near Pripyat, Ukraine, more than 30 people died and countless others have died from radiation symptoms since, according to the International Atomic Energy Agency and the World Health Organization. The Ukraine government evacuated some 135,000 people  from the area and the 19-mile exclusion zone around the plant will remain uninhabitable for decades. \nIn the months after the accident, a sarcophagus was built to cover Reactor 4 and contain the radioactive material. However, it has since deteriorated, resulting in radiation leaks.  \n'use strict';CNN.Videx = CNN.Videx || {};CNN.Videx.mobile = {};CNN.INJECTOR.executeFeature('video').then(function () {CNN.VideoPlayer.handleUnmutePlayer = function handleUnmutePlayer(containerId, dataObj) {'use strict';var playerInstance,playerPropertyObj,rememberTime,unmuteCTA,unmuteIdSelector = 'unmute_' + containerId,isPlayerMute;dataObj = dataObj || {};if (CNN.VideoPlayer.getLibraryName(containerId) === 'fave') {playerInstance = FAVE.player.getInstance(containerId) || null;} else {playerInstance = containerId && window.cnnVideoManager.getPlayerByContainer(containerId).videoInstance.cvp || null;}isPlayerMute = (typeof dataObj.muted === 'boolean') ? dataObj.muted : false;if (CNN.VideoPlayer.playerProperties && CNN.VideoPlayer.playerProperties[containerId]) {playerPropertyObj = CNN.VideoPlayer.playerProperties[containerId];}if (playerPropertyObj.mute && playerPropertyObj.contentPlayed) {if (isPlayerMute === false) {unmuteCTA = jQuery(document.getElementById(unmuteIdSelector));playerInstance.unmute();if (unmuteCTA.length > 0) {unmuteCTA.removeClass('video__unmute--active').addClass('video__unmute--inactive');unmuteCTA.off('click');rememberTime = 0;if (rememberTime < 0) {rememberTime = 360 / 60;}CNN.Utils.storeLocalValue('unmute_world', 'X', rememberTime);}} else {playerInstance.mute();}}};CNN.VideoPlayer.showFlashSlate = function showFlashSlate(container) {'use strict';var $vidEndSlate;$vidEndSlate = container.parent().find('.js-video__end-slate').eq(0);if ($vidEndSlate.length > 0) {$vidEndSlate.find('.l-container').html('<a href=\"https://get.adobe.com/flashplayer/\" target=\"_blank\"><div class=\"flash-slate\"></div></a>');$vidEndSlate.removeClass('video__end-slate--inactive').addClass('video__end-slate--active');}};CNN.autoPlayVideoExist = (CNN.autoPlayVideoExist === true) ? true : false;var configObj = {thumb: 'none',video: 'tv/2016/04/12/cnn-vault-1986-chernobyl.cnn',width: '100%',height: '100%',section: 'international',profile: 'expansion',network: 'cnn',markupId: 'body-text_7',theoplayer: {allowNativeFullscreen: true},adsection: 'const-article-inpage',frameWidth: '100%',frameHeight: '100%',posterImageOverride: {\"mini\":{\"height\":124,\"width\":220,\"type\":\"jpg\",\"uri\":\"//cdn.cnn.com/cnnnext/dam/assets/160412135353-cnn-vault-1986-chernobyl-00001825-small-169.jpg\"},\"xsmall\":{\"height\":173,\"width\":307,\"type\":\"jpg\",\"uri\":\"//cdn.cnn.com/cnnnext/dam/assets/160412135353-cnn-vault-1986-chernobyl-00001825-medium-plus-169.jpg\"},\"small\":{\"height\":259,\"width\":460,\"type\":\"jpg\",\"uri\":\"//cdn.cnn.com/cnnnext/dam/assets/160412135353-cnn-vault-1986-chernobyl-00001825-large-169.jpg\"},\"medium\":{\"height\":438,\"width\":780,\"type\":\"jpg\",\"uri\":\"//cdn.cnn.com/cnnnext/dam/assets/160412135353-cnn-vault-1986-chernobyl-00001825-exlarge-169.jpg\"},\"large\":{\"height\":619,\"width\":1100,\"type\":\"jpg\",\"uri\":\"//cdn.cnn.com/cnnnext/dam/assets/160412135353-cnn-vault-1986-chernobyl-00001825-super-169.jpg\"},\"full16x9\":{\"height\":900,\"width\":1600,\"type\":\"jpg\",\"uri\":\"//cdn.cnn.com/cnnnext/dam/assets/160412135353-cnn-vault-1986-chernobyl-00001825-full-169.jpg\"},\"mini1x1\":{\"height\":120,\"width\":120,\"type\":\"jpg\",\"uri\":\"//cdn.cnn.com/cnnnext/dam/assets/160412135353-cnn-vault-1986-chernobyl-00001825-small-11.jpg\"}}},autoStartVideo = false,isVideoReplayClicked = false,callbackObj,containerEl,currentVideoCollection = [],currentVideoCollectionId = '',isLivePlayer = false,mediaMetadataCallbacks,mobilePinnedView = null,moveToNextTimeout,mutePlayerEnabled = false,nextVideoId = '',nextVideoUrl = '',turnOnFlashMessaging = false,videoPinner,videoEndSlateImpl;if (CNN.autoPlayVideoExist === false) {autoStartVideo = false;if (autoStartVideo === true) {if (turnOnFlashMessaging === true) {autoStartVideo = false;containerEl = jQuery(document.getElementById(configObj.markupId));CNN.VideoPlayer.showFlashSlate(containerEl);} else {CNN.autoPlayVideoExist = true;}}}configObj.autostart = CNN.Features.enableAutoplayBlock ? false : autoStartVideo;CNN.VideoPlayer.setPlayerProperties(configObj.markupId, autoStartVideo, isLivePlayer, isVideoReplayClicked, mutePlayerEnabled);CNN.VideoPlayer.setFirstVideoInCollection(currentVideoCollection, configObj.markupId);videoEndSlateImpl = new CNN.VideoEndSlate('body-text_7');function findNextVideo(currentVideoId) {var i,vidObj;if (currentVideoId && jQuery.isArray(currentVideoCollection) && currentVideoCollection.length > 0) {for (i = 0; i < currentVideoCollection.length; i++) {vidObj = currentVideoCollection[i];if (typeof vidObj !== 'undefined' && vidObj.videoId === currentVideoId) {if (i < currentVideoCollection.length - 1) {nextVideoId = currentVideoCollection[i + 1].videoId;nextVideoUrl = currentVideoCollection[i + 1].videoUrl;} else {nextVideoId = currentVideoCollection[0].videoId;nextVideoUrl = currentVideoCollection[0].videoUrl;}break;}}if (!nextVideoUrl) {nextVideoId = currentVideoCollection[0].videoId;nextVideoUrl = currentVideoCollection[0].videoUrl;}currentVideoCollectionId = (window.jsmd && window.jsmd.v && window.jsmd.v.eVar60) || nextVideoUrl.replace(/^.+\\/video\\/playlists\\/(.+)\\//, '$1');} else {nextVideoId = '';nextVideoUrl = '';}}findNextVideo('tv/2016/04/12/cnn-vault-1986-chernobyl.cnn');function navigateToNextVideo(currentVideoId, containerId) {var $endSlate,nextVideoPlayTimeout = 1500;findNextVideo(currentVideoId);if (nextVideoUrl) {moveToNextTimeout = setTimeout(function () {location.href = nextVideoUrl;}, nextVideoPlayTimeout);} else {$endSlate = jQuery(document.getElementById(containerId)).parent().find('.js-video__end-slate').eq(0);if ($endSlate.length > 0) {videoEndSlateImpl.showEndSlateForContainer();if (mobilePinnedView) {mobilePinnedView.disable();}}}}callbackObj = {onPlayerReady: function (containerId) {var playerInstance,containerClassId = '#' + containerId;CNN.VideoPlayer.handleInitialExpandableVideoState(containerId);CNN.VideoPlayer.handleAdOnCVPVisibilityChange(containerId, CNN.pageVis.isDocumentVisible());if (CNN.Features.enableMobileWebFloatingPlayer &&Modernizr &&(Modernizr.phone || Modernizr.mobile || Modernizr.tablet) &&CNN.VideoPlayer.getLibraryName(containerId) === 'fave' &&jQuery(containerClassId).parents('.js-pg-rail-tall__head').length > 0 &&CNN.contentModel.pageType === 'article') {playerInstance = FAVE.player.getInstance(containerId);mobilePinnedView = new CNN.MobilePinnedView({element: jQuery(containerClassId),enabled: false,transition: CNN.MobileWebFloatingPlayer.transition,onPin: function () {playerInstance.hideUI();},onUnpin: function () {playerInstance.showUI();},onPlayerClick: function () {if (mobilePinnedView) {playerInstance.enterFullscreen();playerInstance.showUI();}},onDismiss: function() {CNN.Videx.mobile.pinnedPlayer.disable();playerInstance.pause();}});/* Storing pinned view on CNN.Videx.mobile.pinnedPlayer So that all players can see the single pinned player */CNN.Videx = CNN.Videx || {};CNN.Videx.mobile = CNN.Videx.mobile || {};CNN.Videx.mobile.pinnedPlayer = mobilePinnedView;}if (Modernizr && !Modernizr.phone && !Modernizr.mobile && !Modernizr.tablet) {if (jQuery(containerClassId).parents('.js-pg-rail-tall__head').length) {videoPinner = new CNN.VideoPinner(containerClassId);videoPinner.init();} else {CNN.VideoPlayer.hideThumbnail(containerId);}}},onContentEntryLoad: function(containerId, playerId, contentid, isQueue) {CNN.VideoPlayer.showSpinner(containerId);},onContentPause: function (containerId, playerId, videoId, paused) {if (mobilePinnedView) {CNN.VideoPlayer.handleMobilePinnedPlayerStates(containerId, paused);}},onContentMetadata: function (containerId, playerId, metadata, contentId, duration, width, height) {var endSlateLen = jQuery(document.getElementById(containerId)).parent().find('.js-video__end-slate').eq(0).length;CNN.VideoSourceUtils.updateSource(containerId, metadata);if (endSlateLen > 0) {videoEndSlateImpl.fetchAndShowRecommendedVideos(metadata);}},onAdPlay: function (containerId, cvpId, token, mode, id, duration, blockId, adType) {/* Dismissing the pinnedPlayer if another video players plays an Ad */CNN.VideoPlayer.dismissMobilePinnedPlayer(containerId);clearTimeout(moveToNextTimeout);CNN.VideoPlayer.hideSpinner(containerId);if (Modernizr && !Modernizr.phone && !Modernizr.mobile && !Modernizr.tablet) {if (typeof videoPinner !== 'undefined' && videoPinner !== null) {videoPinner.setIsPlaying(true);videoPinner.animateDown();}}},onAdPause: function (containerId, playerId, token, mode, id, duration, blockId, adType, instance, isAdPause) {if (mobilePinnedView) {CNN.VideoPlayer.handleMobilePinnedPlayerStates(containerId, isAdPause);}},onTrackingFullscreen: function (containerId, PlayerId, dataObj) {CNN.VideoPlayer.handleFullscreenChange(containerId, dataObj);if (mobilePinnedView &&typeof dataObj === 'object' &&FAVE.Utils.os === 'iOS' && !dataObj.fullscreen) {jQuery(document).scrollTop(mobilePinnedView.getScrollPosition());playerInstance.hideUI();}},onContentPlay: function (containerId, cvpId, event) {var playerInstance,prevVideoId;if (CNN.companion && typeof CNN.companion.updateCompanionLayout === 'function') {CNN.companion.updateCompanionLayout('restoreEpicAds');}clearTimeout(moveToNextTimeout);CNN.VideoPlayer.hideSpinner(containerId);if (Modernizr && !Modernizr.phone && !Modernizr.mobile && !Modernizr.tablet) {if (typeof videoPinner !== 'undefined' && videoPinner !== null) {videoPinner.setIsPlaying(true);videoPinner.animateDown();}}},onContentReplayRequest: function (containerId, cvpId, contentId) {if (Modernizr && !Modernizr.phone && !Modernizr.mobile && !Modernizr.tablet) {if (typeof videoPinner !== 'undefined' && videoPinner !== null) {videoPinner.setIsPlaying(true);var $endSlate = jQuery(document.getElementById(containerId)).parent().find('.js-video__end-slate').eq(0);if ($endSlate.length > 0) {$endSlate.removeClass('video__end-slate--active').addClass('video__end-slate--inactive');}}}},onContentBegin: function (containerId, cvpId, contentId) {if (mobilePinnedView) {mobilePinnedView.enable();}/* Dismissing the pinnedPlayer if another video players plays a video. */CNN.VideoPlayer.dismissMobilePinnedPlayer(containerId);CNN.VideoPlayer.mutePlayer(containerId);if (CNN.companion && typeof CNN.companion.updateCompanionLayout === 'function') {CNN.companion.updateCompanionLayout('removeEpicAds');}CNN.VideoPlayer.hideSpinner(containerId);clearTimeout(moveToNextTimeout);CNN.VideoSourceUtils.clearSource(containerId);jQuery(document).triggerVideoContentStarted();},onContentComplete: function (containerId, cvpId, contentId) {if (CNN.companion && typeof CNN.companion.updateCompanionLayout === 'function') {CNN.companion.updateCompanionLayout('restoreFreewheel');}navigateToNextVideo(contentId, containerId);},onContentEnd: function (containerId, cvpId, contentId) {if (Modernizr && !Modernizr.phone && !Modernizr.mobile && !Modernizr.tablet) {if (typeof videoPinner !== 'undefined' && videoPinner !== null) {videoPinner.setIsPlaying(false);}}},onCVPVisibilityChange: function (containerId, cvpId, visible) {CNN.VideoPlayer.handleAdOnCVPVisibilityChange(containerId, visible);}};if (typeof configObj.context !== 'string' || configObj.context.length <= 0) {configObj.context = 'world'.replace(/[\\(\\)\\-]/g, '');}if (typeof configObj.adsection === 'undefined' && typeof window.ssid === 'string' && window.ssid.length > 0) {configObj.adsection = window.ssid;}CNN.autoPlayVideoExist = (CNN.autoPlayVideoExist === true) ? true : false;CNN.VideoPlayer.getLibrary(configObj, callbackObj, isLivePlayer);});CNN.INJECTOR.scriptComplete('videodemanddust');JUST WATCHED1987: Chernobyl ghost townReplayMore Videos ...MUST WATCH{\"@context\": \"https://schema.org\",\"@type\": \"VideoObject\",\"name\": \"1987: Chernobyl ghost town\",\"description\": \"This 1987 CNN report  goes inside a village still abandoned a year after the Chernobyl nuclear disaster:\",\"thumbnailURL\": \"https://cdn.cnn.com/cnnnext/dam/assets/160412135353-cnn-vault-1986-chernobyl-00001825-large-169.jpg\",\"image\": \"https://cdn.cnn.com/cnnnext/dam/assets/160412135353-cnn-vault-1986-chernobyl-00001825-large-169.jpg\",\"duration\": \"PT2M32S\",\"uploadDate\": \"2016-05-04T17:42:28Z\",\"contentUrl\": \"https://edition.cnn.com/videos/tv/2016/04/12/cnn-vault-1986-chernobyl.cnn\",\"url\": \"https://edition.cnn.com/videos/tv/2016/04/12/cnn-vault-1986-chernobyl.cnn\",\"embedUrl\": \"https://fave.api.cnn.io/v1/fav/?video=tv/2016/04/12/cnn-vault-1986-chernobyl.cnn&customer=cnn&edition=international&env=prod\"}1987: Chernobyl ghost town 02:31\nChernobyl now a tourist zone\nConstruction of the NSC, in the shadow of Reactor 4, started in late 2010 and is expected to be finished in late 2017. When completed, the NSC will rise 360 feet into the air and will be tall enough to house the Statue of Liberty. It will be over 540 feet long, have a span of 850 feet and a lifetime of at least 100 years. The entire structure will weigh more than 30,000 tons, according to the EBRD. \nWhen the NSC is completed, it will be pushed over the damaged reactor. The arch-like structure is designed to prevent the release of contaminated material from the present sarcophagus and also protect the structure from external impacts, such as tornadoes or extreme thunderstorms.  \nVince Novak, the director of nuclear safety for EBRD, called the Chernobyl disaster \"the worst accident that ever happened in nuclear history.\"  \n\"It's more than just a shed,\" Novak continued. \"It is also a workshop. It has to provide an environment in which people will be able to carry out the waste management activities for a period of probably 100 years.\"  \nA project of this magnitude required a lot of financial help and cooperation from around the world. The Chernobyl Shelter Fund was set up at the EBRD in 1997 and over 40 countries and organizations have donated a collective $1.7 billion. \nThe contract for this unprecedented project was awarded to the Novarka consortium led by the French construction companies Bouygues and Vinci in 2007. \nThe consortium is working with local subcontractors and other entities from across the world to provide the materials to complete the project. For instance, the arch is made of elements prefabricated in Italy and transported to the site in Ukraine. The cranes were manufactured in the United States and shipped over, according to the EBRD. \nThe arch is being fitted with cranes and other equipment for dismantling the damaged reactor and waste management tasks ahead of them, before it is eventually slid over Reactor 4.\n Moving things into place\n \nThe target date for sliding of the arch into its final position is November 2016, and the sealing operations will be complete a year later. This is a unique task in which a total of more than 35,000 tons will be pushed nearly 1,000 feet on a rail system by 116 remote-controlled synchronized jacks. The sliding operation, at a speed of 10 mph, is expected to take two days. \nThe move will require 33 hours of uninterrupted operations. Just like a space launch, the skidding process must take place within a selected 72 hour meteorological window. The additional time ensures a sufficient margin for contingencies.\n \nSafety for workers is a priority\n \nBuilding an arch in proximity to a nuclear leak has its fair share of challenges.  \nBefore construction of the NSC began, workers helped decontaminate the area by removing the top layer of soil along with any potential radioactive material that might have been left behind. After that they poured a layer of concrete over a large area and erected a wall closest to the sarcophagus. \nDuring peak construction times, there are around 1,200 employees at the site from over 27 nations. To ensure they are safe from radiation exposure, the millisievert (mSv), or the average accumulated background radiation exposure dose, is closely monitored. The average dental X-ray exposes someone to about 0.014 mSv. A worker in the New Safe Confinement arch is exposed to 0.0075 mSv's per hour.  \nA new, state-of-the-art changing facility with a capacity for 1,430 workers was built onsite and offers medical and radiation protection facilities. There also is an ambulance on duty, in case of emergencies. In addition, the Chernobyl Shelter Fund provides training facilities, radiation monitoring and medical equipment as well as a medical screening program for the workers, according to the EBRD. \n All work on site is carried out under the strictest health and safety regulations by a specially trained workforce, according to Bouygues and Vinci. \nSo far there has not been a single case of exposure beyond permissible limits, according to the EBRD.", "date": "April 25, 2016 ", "href": "https://edition.cnn.com/2016/04/25/world/containing-chernobyl-dome-anniversary-radiation/", "tags": "trying later years contain still chernobyl", "title": "30 years later, we're still trying to contain Chernobyl"}