{"content": "Thirty-two million fewer people would have health coverage, health insurance premiums would double and the insurance market would destabilize over the next 10 years under legislation the Senate may take up next week, according to a report the Congressional Budget Office published Wednesday.\nThis isn\u2019t the\u00a0Better Care Reconciliation Act, the measure to repeal and \u201creplace\u201d the Affordable Care Act that Senate Majority Leader Mitch McConnell (R-Ky.) shelved Monday because it lacked enough support to pass \u2015 and that President Donald Trump and some Republican senators are trying to revive.\nInstead, McConnell said he plans to bring up legislation bluntly entitled the Obamacare Repeal Reconciliation Act, which is based on a bill Congress passed in 2015 and that President Barack Obama vetoed last year.\nBoth the House-passed American Health Care Act and the Better Care Reconciliation Act\u00a0sought to erect new health insurance systems and new, less generous forms of financial assistance as well as eliminate many of the Affordable Care Act\u2019s regulations and consumer protections.\nThe Obamacare Repeal Reconciliation Act, by contrast, would merely eliminate the Affordable Care Act\u2019s tax credits for private insurance, funding for its Medicaid expansion, the individual mandate that most Americans obtain health coverage or face tax penalties, the mandate that large employers offer health benefits to workers, and the taxes on wealthy people and health care corporations.\nThe result of those policies, the Congressional Budget Office projected in its report Wednesday, would be vastly more uninsured people and an unsustainable health insurance market.\nTaking away financial assistance for private insurance and funding for states that expanded Medicaid under the Affordable Care Act would cause millions to lose coverage, including 17 million next year alone.\nBut the damage to the health care system would go deeper. Absent the individual mandate \u2015 which encourages low-cost healthy people to enroll in coverage \u2015 and the tax credits for insurance policies sold on the exchanges, insurers would be forced to increase premiums to cover the expense of treating those customers who are sick enough that they are motivated to buy coverage.\nThat\u2019s largely because the bill would leave in place guarantees of coverage for people with pre-existing conditions as well as regulations that make coverage more generous. And that mix of policies would create a nightmarish scenario for insurers, according to the Congressional Budget Office.\nThe outcome,\u00a0the Congressional Budget Office expects, is health insurance companies would exit the segment of the market for people who buy their insurance directly or through an exchange. About three-quarters of the country\u2019s population would live in geographic areas with no health insurance providers by 2026, the report says. \nThese consequences would be even more severe than those the Congressional Budget Office projected for the House-passed bill and McConnell\u2019s legislation. Under the American Health Care Act, 23 million fewer people would have health coverage by 2026, and under the Better Care Reconciliation Act, 22 million fewer would be covered.\nAt times, Trump and GOP congressional leaders have called for a two-step legislative process \u2015 dubbed \u201crepeal and delay\u201d \u2015 that would entail first passing legislation like the Obamacare Repeal Reconciliation Act that undoes major parts of the Affordable Care Act, and then subsequently enacting a \u201creplacement\u201d bill.\nThat process in and of itself could cause chaos in the health insurance market as insurers and consumers would be left in limbo until the second phase of legislating is concluded. And that\u2019s even assuming the Republicans can come together on a set of health care reforms, which they have been incapable of doing in the seven-plus years since the Affordable Care Act became law.\n Politics hurt too much? Sign up for HuffPost Hill, a humorous evening roundup featuring scoops from HuffPost\u2019s reporting team and juicy miscellanea from around the web.", "date": "\n07/19/2017", "href": "https://www.huffpost.com/entry/health-care-cbo-score_n_596fcd2ee4b0aa14ea76e487", "tags": "reconciliation bill would senate million health uninsured care latest", "title": "32 Million More Would Be Uninsured Under The Latest Senate Health Care Bill"}