{"content": "Story highlightsIf you're only practicing some healthy habits, you could be missing out on the full benefitsThe four behaviors together seem to produce a compound benefitA study looks at 5,100 middle-aged people to track their health and behaviors\nEveryone knows by now that eating right, exercising, and shunning smoking and other bad habits increases our chances of having a long and healthy life.\nIf you're hitting some -- but only some -- of these goals, it's better than nothing. But according to a new study, you're likely missing out on the full benefits that come with living a healthy lifestyle across the board.\nIn the study, which included 5,100 middle-aged British civil servants, those who engaged in four key behaviors -- not smoking, moderate drinking, exercising regularly, and eating fruits and vegetables daily -- had triple the odds of avoiding disability, chronic disease, or mental health problems over a 16-year period, when compared with people who practiced none of these behaviors. \nEach of the four behaviors, practiced on their own, increased the odds of what the researchers termed \"successful aging\" by 30% to 50%. When practiced together, however, the behaviors seemed to produce a compound benefit greater than the sum of its parts.\nHealth.com: Superfood secrets for a long and healthy life \n\"Individual healthy behaviors are moderately associated with successful aging, but their combined impact is quite substantial,\" says lead author S\u00e9verine Sabia, an epidemiology and public health researcher at University College London in the United Kingdom. \"Multiple healthy behaviors appear to increase the chance of reaching old age disease-free and fully functional.\"  \nThe findings suggest that following a healthy lifestyle is a lot like collecting compound interest on a loan or investment, says Richard Birkel, senior vice president of health at the National Council on Aging in Washington.\n\"By treating our bodies with care and avoiding harmful substances over a long period of time, the health effects are compounded,\" Birkel says. \n\"Over time, because we are free of disability and illness and have more energy, we are able to live more fully and take on more challenges. ... There seems to be a virtuous chain reaction in which small positives lead to a critical mass of health and well-being.\"\nHealth.com: Quiz: How long will you live? \nThe idea that healthy behaviors can amplify each other might seem like common sense. (If you exercise daily but eat only fast food, for instance, you're probably not getting maximal results.) But the new research is noteworthy for its scope and its attempt to quantify the benefits of a healthy lifestyle.\nThe study is among the first of its kind to examine the outcomes associated with combinations of behaviors in midlife, rather than specific health measures (such as body mass index) that reflect those behaviors, says S. Jay Olshansky,a professor of public health at the Center on Aging at the University of Illinois at Chicago. \nWhat's more, the outcomes used in the study were unusually comprehensive. Sabia and her colleagues defined successful aging using five separate dimensions of health: cognitive, mental, physical, respiratory, and cardiovascular. This is a \"real strength,\" Birkel says.\nHealth.com: Defy your age inside and out  \nA holistic measure like successful aging \"defines a state of being, rather than a set of isolated health outcomes,\" Birkel adds. \"This is, of course, the status we all aspire to as we age -- not just absence of disease or chronic conditions, but having good mental health and being independent and active.\"\nThe study, which was published Monday in the Canadian Medical Association Journal, did have some important limitations. For one, it was an observational study, meaning it shows an association and does not establish a cause-and-effect relationship between the various health behaviors and outcomes. \nAnd given that some of the participants were only 60 years old at the conclusion of the study, it's hard to know whether the findings -- especially those regarding mental functioning -- will remain steady with time, says Dr. Clinton Wright, a neurologist at the University of Miami Miller School of Medicine. \nHealth.com: The best anti-aging secrets  \nStill, says Birkel, the findings are \"very good and reassuring news,\" and make a strong argument for adopting healthy lifestyle behaviors no matter how old you are.", "date": "October 22, 2012 ", "href": "https://edition.cnn.com/2012/10/22/health/healthy-aging/index.html", "tags": "behaviors aging lifestyle aging- successful study health.com outcomes keys compound healthy birkel", "title": "4 keys to healthy aging- Study"}