{"content": "The number of abortions carried out in Northern Ireland has increased with 51 terminations performed in local hospitals last year.\nAccording to figures published by the Department of Health, that was an increase of 16 over the previous year. \nThe South Eastern Health Trust carried out the highest number of terminations. A majority of the women were aged over 30. \nHowever, 14 women were aged 24 and under. \nAccording to the department the abortions were performed within legally acceptable and medically approved conditions.\nUnlike the rest of the UK abortion is only allowed in very restricted circumstances in Northern Ireland. \nAbortions can be carried out in NI only to preserve the life of the mother or if continuing the pregnancy would have other serious, permanent physical or mental health effects. \nThere is strict assessment regarding any impact on mental well-being and the woman must consult with two clinicians. ", "date": "14 January 2014", "href": "https://www.bbc.com/news/uk-northern-ireland-25730359", "tags": "ireland northern terminations well-being performed abortions aged", "title": "51 abortions performed in Northern Ireland"}