{"content": "US President Donald Trump has said he wants the US to become a technology leader through competition rather than by blocking others.\nMr Trump said American firms must \"step up their efforts, or get left behind\". \nHe did not specifically mention China's Huawei, though many interpreted the comments as Mr Trump taking a softer stance on the firm.\nThe US has been pressuring allies to exclude the Chinese telecoms giant from their future 5G mobile networks.\nSome governments have banned Huawei from supplying parts to their networks due to security fears, but UK cyber-security chiefs recently said the risks are manageable.\nIn a tweet, Mr Trump said he wanted \"5G, and even 6G, technology in the United States as soon as possible\". \n\"I want the United States to win through competition, not by blocking out currently more advanced technologies.\"\n\"American companies must step up their efforts, or get left behind,\" he said. \nIt comes as Huawei's founder Ren Zhengfei sounded defiant in an interview with the BBC this week, saying there was \"no way the US can crush\" the company.\nSome US allies have also taken a softer stance on Huawei recently.  \nUK cyber-security chiefs last week determined that any risk posed by involving Huawei in UK telecoms projects could be managed, while recent media reports also suggested Germany was not ready to exclude Huawei from its 5G network.\nThe dispute over Huawei is part of broader tensions between the world's two largest economies, whose officials are currently in Washington trying to negotiate an end to their trade war.\nMr Trump is due to meet Chinese Vice Premier Liu He on Friday as both sides try to achieve a deal ahead of a 1 March deadline. \nBoth countries have imposed tariffs on billions of dollars worth of goods since July last year.", "date": "22 February 2019", "href": "https://www.bbc.co.uk/news/business-47327153", "tags": "says trump stance currently us softer cyber-security technology networks block", "title": "5G networks: Trump says US shouldn't block technology"}