{"content": "Story highlights President says his actions will prevent job losses and government intrusionPresident Barack Obama put in place a number of programs that tried to address climate change impact \n (CNN)President Donald Trump on Tuesday signed an executive order curbing the federal government's enforcement of climate regulations, a move that represents a sharp reversal from his predecessor's position.\nThe Obama administration put in place a number of programs that attempted to address the impact of climate change, including rising sea levels and temperatures. \n\nTrump said those actions harmed American businesses.\n\"With today's executive action, I am taking historic steps to lift the restrictions on American energy, to reverse government intrusion and to cancel job-killing regulations,\" he said at an event marking the signing of the executive order.\nHere's a look at six climate change policies affected by Trump's executive orders:\nWhat Trump's executive order on climate change means for the world\nClimate Action Plan \nThis 2013 plan rolled out by President Barack Obama focused on three areas: cutting carbon pollution in America, preparing infrastructure for the impact of climate change and making the United States a global leader on efforts to combat climate change.\nIt also called for reduction of greenhouse gases, a strategy on methane and a commitment to protect forests. \nTrump's executive order rescinded the plan. \nExecutive order on climate change\nObama instructed the federal government to prepare for the impact of climate change in a 2013 executive order. \nIt created a Council on Climate Preparedness and Resilience, charged with overseeing such a national effort. The council was made up of representatives from across the federal government to work with a task force of state, local and tribal leadership also created by Obama's order.\nOn Tuesday, Trump revoked Obama's executive order.\nClean Power Plan\nThis 2015 plan limits carbon pollution from power plants.\nIt sets goals of reducing greenhouse emissions 32% from 2005 levels by 2030. It also requires states to meet specific carbon emission reduction standards based on their individual energy consumption and offers states incentives for early deployment of renewable energy.\nThe Clean Power Plan is not in effect pending a challenge in the US Court of Appeals for the District of Columbia Circuit.\nCritics, including EPA Administrator Scott Pruitt, say it was the Obama \"administration's effort to kill jobs across this country through the Clean Power Plan.\"\nUnder Trump's executive order, Pruitt is to review three of the rules in the plan and decide how to deal with them. \nMoratorium on federal coal program\nThe Obama administration placed a moratorium on coal leasing on federal lands in 2016. The move didn't affect leases already in effect but paused new applications. \nEnvironmentalists had long criticized the practice, saying coal companies paid so little for their leases that the US government and taxpayers were subsidizing coal production, which harmed health and the environment. \nThe former administration wanted more transparency, including a public database on the carbon emitted from fossil fuels developed on public lands.\nTrump ordered Secretary of the Interior Ryan Zinke to lift the moratorium.\n\"My administration is putting an end to the war on coal,\" Trump said. \nClimate change's 'growing threat to national security'\nThis presidential memo in 2016 outlined the \"growing threat to national security\" that climate change poses.\nIt stated that federal government policy was \"to ensure that the current impacts of climate change, and those anticipated in the coming decades, be identified and considered\" in terms of national security policies and plans.\nThat memo and two others were revoked Tuesday.\nWaters of the United States\nThis 2015 rule put the Environmental Protection Agency in charge of protecting streams and wetlands, with the aim of protecting water sources from \"pollution and degradation,\" according to an EPA statement at the time. It gives the government the authority to protect ponds and other small bodies of water from pollution.\nTrump signed an executive order in February calling for a review of the rule.\n\"The EPA's so-called 'Waters of the United States' rule is one of the worst examples of federal regulation,\" he said on February 28, calling it \"very destructive and horrible.\"\nThere was no mention of the rule or review by Trump on Tuesday but he said the measures he was taking enhance the environment.\n\"This will allow the EPA to focus on its primary mission of protecting our air and protecting our water,\" he said.", "date": "March 29, 2017 ", "href": "https://edition.cnn.com/2017/03/28/politics/climate-change-obama-rules-trump/", "tags": "climate trump policies protecting orders change obama", "title": "6 Obama climate policies that Trump orders change"}