{"content": "WASHINGTON \u2014\u00a0Less than three weeks after signing onto a letter opposing the latest GOP-led effort to\u00a0open up 1.5 million acres\u00a0of Alaska\u2019s fragile Arctic National Wildlife Refuge to oil and gas development, six House Republicans\u00a0voted in favor\u00a0of a tax bill that allows just that.\u00a0\nIn\u00a0a late November letter\u00a0to congressional party leaders,\u00a0GOP Reps.\u00a0Dave Reichert (Wash.), Brian Fitzpatrick\u00a0(Pa.), Ryan Costello (Pa.),\u00a0Patrick Meehan (Pa.),\u00a0Mark Sanford (S.C.) and Carlos Curbelo\u00a0(Fla.) \u2015\u00a0and six of their colleagues\u00a0\u2015\u00a0said the refuge,\u00a0also known as ANWR, \u201cstands as a symbol of our nation\u2019s strong and enduring natural legacy.\u201d\n\u201cAny development footprint in the refuge stands to disrupt this fragile, critically important landscape,\u201d\u00a0the group wrote to House Speaker Paul Ryan\u00a0(R-Wis.) and Senate Majority Leader Mitch McConnell\u00a0(R-Ky.).\u00a0\nBut on Tuesday, Reichert, Fitzpatrick, Costello, Meehan, Sanford and Curbelo all voted in favor of the final tax proposal. The bill includes a provision,\u00a0introduced\u00a0by Sen. Lisa Murkowski (R-Alaska), that would require Interior Secretary\u00a0Ryan Zinke\u00a0to approve at least two lease sales for drilling \u2014 each covering no less than 400,000 acres \u2014 in the refuge\u2019s coastal plain area. This 1.5 million acre region in northeast Alaska, also know as the 1002 Area, is home to polar bears, moose and caribou, and it has been the subject of a decades-long battle between energy companies and conservationists.\u00a0\nThe other six signers of the letter \u2014 Reps. Frank LoBiondo (N.J.),\u00a0Chris Smith (N.J.),\u00a0Dan Donovan (N.Y.),\u00a0Elise Stefanik (N.Y.),\u00a0John Faso (N.Y.) and Leonard Lance (N.J.) \u2014 were among the 12 House Republicans who voted against the final tax bill.\u00a0\nIn a statement last week, Sen. Maria Cantwell (D-Wash.) had dismissed Republican opposition to opening the Arctic National Wildlife Refuge to energy development as \u201chalf-hearted\u201d at best.\n\u201cIt is now clear that the letter from twelve House Republicans opposing drilling in the Arctic National Wildlife Refuge was pure posturing,\u201d she wrote. \u201cIf these Republicans want to stop their party from turning the refuge into an oilfield, they should vote no. Lip service won\u2019t protect the Arctic.\u201d\nThe letter did not specifically mention Murkowski\u2019s measure. However,\u00a0in an accompanying\u00a0statement, Costello had urged Congress not to include changes to the refuge in the tax plan. Ultimately, that didn\u2019t stop him and the others from voting in support of that massive legislation.\u00a0\nDescribed by some as \u201cAmerica\u2019s Serengeti,\u201d the refuge covers more than 19 million acres in northeastern Alaska.\u00a0Scientists,\u00a0environmentalists\u00a0and a\u00a0bipartisan group of former Interior Department officials\u00a0have warned that fossil fuel extraction there could spoil the landscape and harm the species that call it home.\nThe\u00a0Trump administration\u2019s fiscal 2018 budget, released earlier this year,\u00a0called for allowing oil and gas drilling\u00a0in the coastal plain. In May,\u00a0Zinke signed an order\u00a0to \u201cjump-start Alaskan energy production.\u201d He said at the time that the move was an \u201cimportant first step in a smart and measured approach to energy development in ANWR.\u201d\u00a0\nThe Congressional Budget Office estimates the ANWR provision would generate slightly more than\u00a0$1 billion in federal revenue over the next decade \u2014 a figure that has been\u00a0widely disputed. Within the drilling leases, the measure allows for 2,000 acres of the coastal plain to be developed above ground with wells and support facilities.\nThe Senate is expected to vote on the final tax bill later on Tuesday.\u00a0", "date": "\n12/19/2017", "href": "https://www.huffpost.com/entry/arctic-refuge-drilling-tax-bill_n_5a3960dfe4b0c65287acc76c", "tags": "said arctic republicans oppose drilling allow voted refuge costello", "title": "6 Republicans Who Said They Oppose Arctic Refuge Drilling Just Voted To Allow It"}