{"content": "London (CNN Business)Grounding the Boeing 737 Max will hit profits at German travel company TUI.\nEurope's largest tour company said Friday that its 2019 earnings would be reduced by \u20ac200 million ($225 million), assuming flights of the best-selling aircraft resume by mid-July.\nShares in TUI (TUIFF) plummeted 8% in Frankfurt following the announcement. \n\nThe company operates 15 of the grounded Boeing aircraft, which make up 10% of its total fleet, and it was expecting another eight of the jets to be delivered by the end of May.\nBoeing can regain public trust, but it's running out of time\nTUI said grounding the 737 Max has forced it to lease new aircraft and extend the leases on others. It needs to know \"within weeks\" when flights will resume otherwise profits could take an additional hit of \u20ac100 million ($112 million), the company added.\nThe profit warning is the latest example of the mounting financial cost to Boeing's customers of the decision to ground all 737 Max planes following two deadly crashes in five months.\nSouthwest Airlines warned earlier this week that the 737 Max groundings are hurting its ticket sales. \nThe carrier said the number of seats it can sell this quarter will be much lower than previously expected because it isn't flying as many planes. It said it's canceled 2,800 flights because of the 737 issue. \nSouthwest (LUV) has more 737 Max planes than any other US airline. American Airlines (AAL) and United Airlines (UAL) also have the planes in their fleets. \nBoeing unveiled an overhaul to a software system and additional pilot training for the 737 Max on Wednesday.\nAviation authorities have fingered the software system as a leading factor in a Lion Air crash last October. Investigators have drawn similarities between flight data from that crash and the Ethiopian Airlines crash this month.", "date": "March 29, 2019 ", "href": "https://edition.cnn.com/2019/03/29/business/boeing-tui-737-max/index.html", "tags": "europe resume company million least tui tour cost grounding biggest profits southwest", "title": "737 grounding will cost Europe's biggest tour company at least -225 million"}