{"content": "Washington (CNN)The collection of excerpts below from Robert Mueller's report represent, in CNN's finding, the special counsel's documentation of lies, false assertions, misleading omissions, contradictory statements and incorrect information passed from President Donald Trump and his associates to the American public and authorities. Each of these below was highlighted by Mueller in the redacted version of his report released April 18.\nREAD: The Mueller report: A catalog of 77 Trump team lies and falsehoods\nCNN's approach to analyzing the statements was this: Every time Mueller documented a questionable claim-- even if it was the same potential falsehood told again and again\u2014we counted it. This includes lies to investigators and to Congress, who represent the public. CNN did not include  efforts on the part of the White House to get other administration officials to lie, of which Mueller notes several instances.\nSometimes, Mueller lays it out cold, saying a person asserted something \"falsely.\" At other times, Mueller describes a cascade of assertions -- often by the President, only to pull back later to say that \"substantial evidence\" contradicts the statements. On a few occasions, Mueller couldn't determine the truth -- but outlines how at least one person among a group must have been, as they gave contradictory retellings of events. In its analysis, CNN counted instances where Mueller noted multiple people giving different versions of events as one false assertion each.\nOthers were lies of omission, or involved wrong information given initially to investigators and then corrected, sometimes with consequence, sometimes without.\nIn all, Mueller's effort may be the first comprehensive finding by a federal investigator to document the lies and false assertions to the American public told by the Trump campaign and administration.\nThere are 77 in all, CNN found.\nComey firing and fallout (1-13)\nAttempts to fire Mueller (14-15)\nFlynn's calls with Kislyak (16-22)\nPayments to women (23)\nCarter Page and the campaign (24)\nAdditional contacts with Russians (25-33)\nPresidential pardons (34-35)\nRussian hacks and WikiLeaks (36-37)\nTrump Tower meeting (38-46)\nTrump Tower Moscow (47-77)", "date": "April 30, 2019", "href": "https://edition.cnn.com/2019/04/30/politics/list-of-trump-falsehoods-mueller-report/index.html", "tags": "mueller instances lies contradictory assertions falsehoods called", "title": "77 lies and falsehoods Mueller called out"}