{"content": "A diet has been developed that promises to save lives, feed 10 billion people and all without causing catastrophic damage to the planet.\nScientists have been trying to figure out how we are going to feed billions more people in the decades to come.\nTheir answer - \"the planetary health diet\" - does not completely banish meat and dairy.\nBut it is recommending we get most of our protein from nuts and legumes (such as beans and lentils) instead.\nTheir diet needs an enormous shift in what we pile on to our plates and for us to turn to foods that we barely eat. \nIf you eat meat every day then this is the first biggie. For red meat you're looking at a burger a week or a large steak a month and that's your lot. \nYou can still have a couple of portions of fish and the same of chicken a week, but plants are where the rest of your protein will need to come from. The researchers are recommending nuts and a good helping of legumes every day instead. \nThere's also a major push on all fruit and veg, which should make up half of every plate of food we eat.\nAlthough there's a cull on \"starchy vegetables\" such as the humble potato or cassava which is widely eaten in Africa. \nIf you served it all up this is what you would be allowed each day:\nThe diet has room for 31g of sugar and about 50g worth of oils like olive oil.\nProf Walter Willet, one of the researchers who is based at Harvard, said no and that after a childhood on a farm eating three portions of red meat a day he was now pretty much in line with the planetary health diet.\n\"There's tremendous variety there,\" he said. \"You can take those foods and put them together in thousands of different ways. We're not talking about a deprivation diet here, it is healthy eating that is flexible and enjoyable.\" \nThis plan requires changes to diets in pretty much every corner of the world.\nEurope and North America need to cut back massively on red meat, East Asia needs to cut back on fish, Africa on starchy vegetables. \n\"Humanity has never attempted to change the food system at this scale and this speed,\" said Line Gordon, director of the Stockholm Resilience Centre, at Stockholm University. \n\"Whether it's a fantasy or not, a fantasy doesn't have to be bad... it's time to dream of a good world,\" she says.\nTaxes on red meat are one of the many options the researchers say may be necessary to persuade us to switch diets.\nA group of 37 scientists from around the world were brought together as part of the EAT-Lancet commission.\nThey're a mix of experts from farming to climate change to nutrition. They took two years to come up with their findings which have been published in the Lancet.\nThe world population reached seven billion in 2011 and it's now around 7.7 billion. That figure is expected to reach 10 billion around 2050 and will keep on climbing. \nThe researchers say the diet will prevent about 11 million people dying each year.\nThat number is largely down to cutting diseases related to unhealthy diets such as heart attacks, strokes and some cancers. These are now the biggest killers in developed countries. \nThe use of land for growing food and forestry accounts for around a quarter of global greenhouse gas emissions. That's about the same as from electricity and heating, and substantially more than from all the trains, planes and automobiles on the planet.\nWhen you look more closely at the food sector's environmental impact, you can see that meat and dairy are the major factors. Worldwide, livestock accounts for between 14.5 and 18% of human-induced greenhouse gas emissions.\nWhen it comes to other warming gases, agriculture is one of the leading contributors to both methane and nitrous oxide emissions.\nAgriculture is also a significant source of air pollution with ammonia from farms a major cause of fine particulate matter, which the World Health Organization (WHO) says is a threat to health worldwide. \nSimilarly when it comes to water, agriculture and food productions are one of the biggest threats, consuming 70% of global freshwater sources for irrigation.\nThe researchers' aim was to feed more people while:\nHowever, just changing diets is nowhere near enough. \nTo make the numbers add up, also requires a halving of food waste and an increase in the amount of food produced on current farmland. \n\"If we were just minimising greenhouse gases we'd say everyone be vegan,\" said Prof Willet.\nHowever, it was unclear whether a vegan diet was the healthiest option, he said. \nThe EAT-Lancet Commission is going to take its findings to governments around the world and bodies such as the WHO to see if it can begin to change the way we eat. \nFollow James on Twitter", "date": "17 January 2019", "href": "https://www.bbc.com/news/health-46865204", "tags": "feed meat diets flexitarian veg diet lot bit", "title": "A bit of meat, a lot of veg - the flexitarian diet to feed 10bn"}