{"content": "An aid agency made refugees welcome over the weekend by inviting them into President\u00a0Donald Trump\u2019s\u00a0old childhood home.\nOxfam\u00a0rented the five-bedroom\u00a0Tudor-style property in Queens, New York,\u00a0via Airbnb. It threw open the doors to four people who have resettled in the U.S. after fleeing conflict and persecution in Syria, Vietnam and Somalia.\nIt even laid out a \u201cRefugees Welcome\u201d doormat to take pride of place alongside the existing Trump-themed memorabilia.\nThe visitors\u00a0shared their take on the American dream as they sat inside the house that Trump reportedly lived in until he was 4 years old\u00a0for a video, which Oxfam posted to YouTube on Monday.\n\nThe clip, above, aims to draw attention to the ongoing refugee crisis during this week\u2019s United Nations General Assembly, according to Oxfam.\nShannon Scribner, acting director for Oxfam America\u2019s humanitarian department, said the video is intended to \u201csend a message to Trump but also world leaders that they need to do more to help refugees.\u201d\u00a0\nThe stunt comes amid fierce debate over Trump\u2019s orders to ban\u00a0refugees and people from several Muslim-majority countries from entering the U.S.\nIt has \u201cnever been more important for Americans to use their voice to let their government know that refugees are welcome here,\u201d Oxfam noted on its website.\n\u201cA cornerstone of the founding values of the U.S. was to offer oppressed people refuge from violence and persecution,\u201d it added. \u201cNow as Americans we must open our minds, hearts, and communities to vulnerable refugees who are seeking a safe place to call home.\u201d\nCheck out the full clip above.\nAmerica does not do a good job of tracking incidents of hate and bias. We need your help to create a database of such incidents across the country, so we all know what\u2019s going on. Tell us your story.", "date": "\n09/19/2017", "href": "https://www.huffpost.com/entry/oxfam-donald-trump-childhood-home_n_59c0ca3de4b087fdf5079f7c", "tags": "rented trump welcome donald oxfam persecution home refugees childhood charity", "title": "A Charity Just Rented Out Donald Trump\u2019s Childhood Home For Refugees"}