{"content": "Several\u00a0Patriots players from the Super Bowl LI winning team have declined their customary invite to visit the president at the White House, and an additional player is on the fence about it.\nThe list of players so far includes linebacker Dont\u2019a Hightower (who said he\u2019s \u201cbeen there, done that\u201d and his decision isn\u2019t necessarily political), defensive back Devin McCourty, tight end Martellus Bennett, running back LeGarrette Blount,\u00a0defensive end Chris Long\u00a0and defensive tackle Alan Branch.\nRunning back James White might also steer clear of the engagement, but he\u2019s still on the sidelines, so to speak.\n\u201cBasic reason for me is I don\u2019t feel accepted in the White House,\u201d McCourty told Time. \u201cWith the president having so many strong opinions and prejudices I believe certain people might feel accepted there while others won\u2019t.\u201d\n\u201cI can\u2019t imagine a way I go there,\u201d he added.\nBennett, meanwhile, has long been an outspoken advocate for minorities, women and education. He dismissed the cliche that he and other athletes should just \u201cstick to sports\u201d as giving in to the \u201clow hanging fruit\u201d of the status quo.\n\u201dI honestly just want people to look at black kids and not say he\u2019s the next Michael Jordan all the damn time,\u201d Bennett explained\u00a0on Twitter Wednesday. \u201cI want them to be able to look into the crowd and say oh he\u2019s the next President. She\u2019s gonna be the next Spielberg. He\u2019s like Steve Jobs.\u201d\n\u201cThere\u2019s nothing wrong with being an athlete but just know that you can be so much more.\u201d\nIn a segment on Fox Sports Wednesday, commentator\u00a0Shannon Sharpe unequivocally supported the Patriots players, before going a step further and suggesting the entire team should skip the trip:\nSharpe also criticized Patriots quarterback Tom Brady for having a Donald Trump \u201cMake America Great Again\u201d hat in his locker during the presidential primaries where it would obviously be seen, then not speaking his mind when people asked about it.\n\u201cWe absolutely, unequivocally know how Tom Brady feels about President Trump, because he was one of the first athletes to have a hat positioned in his locker room just so the camera could catch it and see \u2018Make America Great Again,\u2019\u201d Sharpe said. \u201cAnd then when they would ask him questions about it he would skirt the issue and, \u2018Oh golly gee whiz, it was just a hat, it means nothing.\u2019\u201d", "date": "\n02/08/2017", "href": "https://www.huffpost.com/entry/patriots-players-wont-meet-trump-whitehouse_n_589b583de4b09bd304bf49c3", "tags": "bowl super want house bennett visit mccourty winning unequivocally patriots defensive sharpe white accepted hat", "title": "A Few Patriots Don't Want To Visit The White House After Winning The Super Bowl"}