{"content": "CAIRO \u2014 After three years of sporadic combat, the fighting is over in the eastern Libyan city of Benghazi, at least for now.\nThe city erupted in jubilation late Wednesday after the commander of a militia in the area, Gen. Khalifa Hifter, announced on television that his forces had vanquished the Islamist fighters they had been battling in Benghazi for the past three years. Wearing military-style regalia, General Hifter said that all that remained was to clear battle-scarred neighborhoods of land mines and unexploded ordnance.\nForces loyal to General Hifter, a brash and ambitious former Libyan Army officer, have prematurely claimed victory in Benghazi before. But this time residents said they believed that the news was genuine, with thousands of people streaming into the streets after his televised address to celebrate amid sounds of honking horns and triumphant gunfire.\nIf the peace holds this time it will be a milestone for General Hifter, who has emerged as the dominant commander in eastern Libya, with strong support from neighboring Egypt. It strengthens his hand in Libya\u2019s chaotic power struggle, particularly against  the rival  government that is backed by the United Nations and based in Tripoli, the capital.\nThat administration, led by Prime Minister Fayez Serraj, has struggled to unite Libya, or even achieve control over Tripoli, since it was formed last year. It is opposed by another government, led by Islamists and other militia groups, that also claims authority over the divided Libyan capital.\nLocal media reported that a family of six was killed in the latest factional fighting near Tripoli\u2019s only functioning airport this week.\nGeneral Hifter, at least, can claim unrivaled control over Benghazi, the main city in eastern Libya, where four Americans, including Ambassador J. Christopher Stevens, were killed by a mob in 2012. General Hifter has been battling Islamist militants, including the Islamic State, for control of Benghazi since 2014, and he now appears to have won.\nStill, General Hifter\u2019s forces have been accused of human rights abuses, and some critics accuse him of seeking to emulate the strongman rule of Col. Muammar el-Qaddafi, who was ousted and killed in a bloody uprising in 2011.\nGeneral Hifter has made little secret of his ambition to become a national leader in Libya. In a televised address about two weeks ago, he told tribal leaders that if Libya\u2019s conflict was not peacefully resolved by December, his forces would \u201ctake action.\u201d\nOn Thursday, Libyans who oppose General Hifter seized on images from his latest address, showing him in a sparkling white uniform adorned with medals, and which bore a strong resemblance to images of Colonel Qaddafi while in power.\n\u201cHow can you say \u2018liberated\u2019 when it fell into the hands of a new Qaddafi called Hifter?\u201d Aber Sabeel, a Twitter user, wrote about the events in Benghazi.\nBut General Hifter appears to enjoy broad support in the eastern part of the country, where after six years of turmoil Libyans crave stability. Last year his forces seized control of several of Libya\u2019s major oil terminals. Oil is the country\u2019s primary source of wealth, and since the seizures, production has increased to almost one million barrels a day.", "date": "July 6, 2017", "href": "https://www.nytimes.com/2017/07/06/world/middleeast/libya-benghazi-khalifa-hifter.html", "tags": "benghazi libyans says libyan commander taken forces hifter", "title": "A Libyan Commander Says His Forces Have Taken Benghazi"}