{"content": "And now, their watch has ended.\n\u201cGame of Thrones\u201d\u00a0delivered the highly anticipated Battle of Winterfell in Episode 3 of the eighth and final season \u2015 and, predictably, not everyone made it out alive.\nThe episode, titled \u201cThe Long Night\u201d and directed by Miguel Sapochnik, required 11 weeks of night shoots and gave us one of the biggest purgings of series regulars we\u2019ve seen in a while. Although most of the main cast will make it to the next war with Cersei Lannister (Lena Headey), the North will always remember those who fell, including countless numbers of Dothraki and Unsullied extras. Without further ado, here are some of the most notable characters who didn\u2019t live to see a world without the Night King:\u00a0", "date": "\n04/29/2019", "href": "https://www.huffpost.com/entry/game-of-thrones-characters-dead-battle-of-winterfell_n_5cc35de2e4b0fd8e35bc397a", "tags": "titled lost thrones regulars alive highly moment lannister characters headey silence", "title": "A Moment Of Silence For The 'Game Of Thrones' Characters We Lost"}