{"content": "Megan Deschaine, the bar manager at 492, a restaurant on King Street in Charleston, S.C., sometimes despairs that the Disco Sour, a cocktail that has never left her menu, is so popular that it \u201cwill be on my tombstone.\u201d\nWhat did she expect? Offer a cocktail that changes color from pale yellow to deep violet while you drink it, and people are going to keep ordering it.\nThe magical mood-ring ingredient in the Disco Sour is the butterfly pea flower. The blossom, which goes by various names, is native to tropical Asia and is a striking blue. That vibrant hue has made it popular as a natural food and drink coloring for centuries.\nBut the flower also performs another bit of alchemy: It slowly transforms a drink\u2019s color to purple when an acid like lemon juice is added. In recent months, that special effect has made it a hot ingredient in cocktail bars around the country.\nProducts using the flower come in various forms, included dried tea, powder and extract. Ms. Deschaine uses the extract, mixing an ounce of it with a quart of water, freezing it and then carving it into bright blue ice cubes that sit at the bottom of each Disco Sour.\nSpeaking of the mood ring, that\u2019s the name of the butterfly pea flower drink that brought Sam Anderson attention last fall at Mission Chinese Food in Manhattan. In this spin on the Mai Tai, the dried flower sits at the bottom of the glass under an ice cube, releasing its ink as the drink is filled with rum, lime juice and other components. To highlight the color change, an LED disc is used as a coaster.\nBlue drinks are popular these days, and Mr. Anderson had set out to create one without relying on artificially colored blue Cura\u00e7ao. What he didn\u2019t expect was that the flower\u2019s blue would turn purple with the addition of citrus.\n\u201cIt\u2019s a natural litmus strip,\u201d he said. \u201cWhen you add acid, the pH is reflected in the color. It\u2019s like a children\u2019s trick.\u201d (Mr. Anderson orders loose dried flowers from Thailand online. The extract of the flower can be ordered from the Wild Hibiscus Flower Company.)\nOther bartenders\u2019 applications of the flower vary widely. At the Aviary in Chicago, Micah Melton cooks the flowers into a tequila-mezcal blend for 15 minutes using a sous-vide method for a drink called Bring Another Smurf.\nAt Canon in Seattle, Jamie Boudreau infuses a mix of gin, blanc vermouth and simple syrup with the flower, and in the cocktail glass keeps the result momentarily separate from the drink\u2019s citrus element with a cap of liquid nitrogen that then melts. He calls the result Magic: The Gathering.\nAt the Coconut Club, a recurring pop-up supper club in Los Angeles, the barman Nathan Hazard created a blue gin punch that, moving from glass to glass, he rendered purple with a spoonful each of lime juice, Jamaican bitters and the spiced liqueur falernum.\nColor is, by the way, largely the only thing butterfly pea flower contributes. Though some patrons disagree, Ms. Deschaine believes that the flavor (at least in the cubes) is too subtle to impart any taste to the drink.\nAnother point of continual conversation at 492 is the visual transformation. Most drinkers there have guessed that the mash-up of yellow liquid and blue cubes would yield a green, not a purple, potion.\n\u201cThe only person who was able to guess it right was a chemist,\u201d she said.", "date": "June 30, 2016", "href": "https://www.nytimes.com/2016/07/06/dining/blue-cocktails-blure-butterfly-pea-flower.html", "tags": "cocktails flower color cocktail juice purple mood-ring sour deschaine disco makes glass anderson cubes dried extract pea change ingredient", "title": "A Mood-Ring Ingredient Makes Cocktails Change Color"}