{"content": "The Trump administration is creating a special envoy post to coordinate the United States\u2019 economic pressure campaign against Iran, the latest in a series of moves to cut off Tehran\u2019s revenue and force it into a new nuclear agreement.\nThe job will be filled by Brian Hook, currently the State Department\u2019s director of policy planning, who was heading the negotiations before President Trump decided to abandon the 2015 nuclear agreement with Tehran.\nMr. Hook faces an enormous challenge: Mr. Trump\u2019s moves have been denounced by American allies in Britain, France and Germany who say they are still abiding by the terms of the deal \u2014 and are urging Iran to do the same.\nIn an interview before his post was to be announced on Thursday, Mr. Hook conceded that the administration\u2019s withdrawal from the  accord has strained relations with Europe. But he argued that it also opened new avenues of diplomacy.\n\u201cThe Iran nuclear deal \u2014 however much they think it is keeping the peace \u2014 has prevented nations from taking action against the full range of Iran\u2019s threats to peace and security,\u201d Mr. Hook said.\n\u201cNow we can go after the Iranian regime revenues to deny them what they need to support Assad, the Houthis, and Iran\u2019s militias and proxies,\u201d he said, referring to President Bashar al-Assad of Syria and rebels in Yemen.\nSo far, Mr. Trump\u2019s strategy \u2014 a threat to European and Asian firms that if they do business with Iran they will be barred from business in the United States \u2014 has had only mixed results. China, for one, said this week that it would not stop buying oil from Iran, as permitted under the 2015 deal.\nStill, a series of companies that were edging back into Iran have canceled their planned operations, from Boeing to European banks to energy firms that were looking to revive the country\u2019s outmoded oil drilling operations.\nIran, meanwhile, has not budged. On Monday, Ayatollah Ali Khamenei, Iran\u2019s supreme leader, predicted on Twitter that the American strategy will fail. \u201cTHERE WILL BE NO WAR, NOR WILL WE NEGOTIATE WITH THE U.S.,\u201d he wrote.\nThe twin questions lurking over the American strategy are whether it does more damage to old alliances than it is worth, and whether increased sanctions could force the kind of broad changes that Washington demands.\nMr. Trump has said he is open to a new nuclear accord that fixed what he saw as the shortcomings in the 2015 agreement.\nOfficials from Britain, France, Germany, Russia and China \u2014 all countries that negotiated the accord \u2014 have urged that any flaws be fixed in new agreements to preserve the existing one.\nMr. Trump rejected that approach in a move that his previous foreign policy team \u2014 including Rex W. Tillerson, the former secretary of state, and H. R. McMaster, the former national security adviser \u2014 regarded as a grave mistake.\nIn an email to The New York Times to promote Mr. Hook\u2019s new post, Secretary of State Mike Pompeo defended the administration\u2019s approach.\n\u201cIran is a threat to the U.S. and our allies as it fuels terrorism, instability and weapons proliferation in the Middle East, Europe and beyond while the regime commits horrendous crimes against its own people,\u201d Mr. Pompeo said.\n\u201cWe have the right strategy and an Iran-focused \u2018A-Team\u2019 already here at State,\u201d he said. \u201cWe urgently need to accelerate our diplomacy and coordination with partners around the globe.\u201d\nThe agreement that Mr. Trump jettisoned put severe limits on Iran\u2019s ability to make nuclear fuel until 2030, but lifted them thereafter. Its scope also was limited merely to Iran\u2019s nuclear activity.\nFrance has since proposed a separate accord to limit Iran\u2019s missile testing, which has proceeded despite a United Nations resolution urging it not to conduct those tests. Iran has ignored that mandate.\nMr. Hook\u2019s appointment reflects something of a reversal at the State Department. Mr. Tillerson had eliminated many \u201cspecial envoy\u201d posts after concluding that there were far too many, causing organizational chaos.\nMr. Hook said the Iran problem required an official with powers to reach into many corners of the United States government.\n\u201cIran is about as crosscutting as it gets in foreign policy challenges,\u201d Mr. Hook said, noting its reach into policy concerns about nuclear proliferation, missiles, maritime security, human rights and terrorism.\nMr. Hook and Mr. Pompeo believe that the Arab states and Israel have been enthusiastic about the American exit from the nuclear agreement. But the Europeans have argued that it unnecessarily sets up a confrontation where none is necessary: Reports by the International Atomic Energy Agency confirm that Iran has stayed within the restrictions, and there was no need to blow up an agreement that was working, they say.\nThe European Union has threatened to punish firms that bend to the American threats and withdraw from Iran. But American officials are betting that Europe will not penalize companies that calculate their business interests with the world\u2019s largest economy vastly outweigh any interests in pursuing business in Iran.", "date": "Aug. 16, 2018", "href": "https://www.nytimes.com/2018/08/16/us/politics/iran-nuclear-envoy-.html", "tags": "iran ahead pressure u.s. stark hook new post challenge", "title": "A New U.S. Post to Pressure Iran, and a Stark Challenge Ahead"}