{"content": "If you cannot see the interactive content above click here.\nWritten and produced by David Brown, Steven Connor, Sana Jasemi, Kevin Ponniah and Prina Shah\nIndia's election: 11 things you need to know\nNarendra Modi's Tamil Nadu problem\nHow have India's farmers fared under Modi?", "date": "8 April 2019", "href": "https://www.bbc.com/news/world-asia-india-47825366", "tags": "ponniah guide general simple india prina narendra election steven shah fared jasemi click kevin really", "title": "A really simple guide to India\u2019s general election"}