{"content": "If you cannot see the interactive content above click here.\nWritten by Laurence Peter and produced by David Brown, Steven Connor and Joy Roxas\nEurope and nationalism: A country guide\n2019 European elections: A UK guide\nWhat would you like to know about the forthcoming European Elections? Let us know and a selection will be answered by a BBC journalist.\nUse this form to ask your question: ", "date": "8 May 2019", "href": "https://www.bbc.com/news/world-europe-48186027", "tags": "selection peter laurence simple elections guide answered european steven forthcoming click really", "title": "A really simple guide to the European elections"}