{"content": "As Texans face torrential rains and flooding from Hurricane Harvey, a deluge of misinformation is spreading online. False claims The New York Times has spotted so far include:\n\u2022 Media outlets and social media users sharing outdated flood photos.\n\u2022 Individuals hoping to pass on helpful information may be unintentionally spreading a scam that targets hurricane victims.\n\u2022 Critics of President Trump are misinterpreting the actions of former President Obama.\n\u2022 Those awed by the apocalyptic scenes of sharks swimming up freeways are breathing new life into a fake image that makes the rounds of social media during major hurricanes.\nSocial media users and even national media outlets have repurposed \u2014 perhaps unintentionally \u2014 photos from past floods and hurricanes to illustrate the impact of Harvey.\nIn its Monday night broadcast, ABC World News Tonight played a montage of photos that included \u201ca family forced to use a floating refrigerator to save their child\u201d (around the 0:55 mark). But the photo, from a CBS affiliate in Houston, depicted the aftermath of a different flood in April 2016.\nThe organization offered a correction and apology Tuesday with a spokesman saying: \u201cABC News accidentally aired an image, including on \u2018World News Tonight\u2019 and \u2018Good Morning America,\u2019 from a previous Houston flood in 2016. The image has been removed from our platforms. We apologize for the error.\u201d\nSimilarly, Twitter users shared a photo of volunteers from Louisiana, known as \u201cthe Cajun Navy,\u201d coming to aid of Texans.\nAs Buzzfeed has reported, while members of the Cajun Navy are bringing boats to help Harvey victims, the posted photo shows volunteers during flood relief efforts in Louisiana in August 2016.\nSocial media hoaxes often capitalize on the outpouring of support for victims of crises, and trick those seeking to help into unwittingly sharing misinformation.\nThis weekend, scores of Facebook users shared a phone number that supposedly connected people affected by Harvey to the National Guard. But the number actually belongs to Foremost Insurance Group. The National Guard alerted victims of the online scam via Twitter on Monday afternoon. The insurance company said that the original post was created by an \u201cunidentified person not associated with our company.\u201d\n\u201cForemost truly cares about our customers and all Texas residents affected by this disaster and regrets any frustration experienced by those who saw the misinformation,\u201d it said in a statement.\nViral fakery can feed on deeply held beliefs, especially of a political nature.\nThe hyperpartisan website DailyDems, for example, posted on Sunday about Mr. Obama thanking emergency medical workers for their efforts in Houston. The DailyDems article was liked over 33,000 times on Facebook and seen in four million newsfeeds, according to data from the social analytics company CrowdTangle.\nThis factual content within the original post is accurate.\nBut in an attempt to use the actions of Mr. Obama to portray President Trump in a negative light, the post used a bit of visual and headline trickery that confused social users. It paired an old image of Mr. Obama with a headline comparing him to Mr. Trump: \u201cFmr. President Obama Tweets about Houston Flooding, Now THIS Is How A President Should Act.\u201d\nThe photo of Mr. Obama led many social media users to believe the former president was serving food in Texas. A viral Twitter post, which garnered at least 7,000 retweets, was deleted after CNN contacted the user, but the photo survived and continues to spread.\nThe photo dates to November 2015, when Mr. Obama and his family served Thanksgiving dinner to the homeless at a shelter in Washington D.C. He is not currently in Texas, according to his spokesman Eric Schultz. Mr. Trump spent the weekend at Camp David and will travel to Texas on Tuesday.\nA viral tweet shared almost 10,000 times since early morning Tuesday is said to show a shark on the freeway in Houston after Hurricane Harvey.\nDon\u2019t believe it. This fake image is an old hoax that circulates routinely after major hurricanes.\nThe photoshopped shark, pranksters falsely claimed, swam in the streets of Houston two years earlier. A similar prank circulated after Hurricane Sandy in 2012 and after Hurricane Irene in 2011. But, as Snopes has reported, the image is lifted from this photograph of a kayaker being followed by a shark off the coast of South Africa, appeared in Africa Geographic magazine in 2005.\nAre you seeing other questionable information about Hurricane Harvey\u2019s impact on Texas? If so, please send us an email at factcheck@nytimes.com", "date": "Aug. 28, 2017", "href": "https://www.nytimes.com/2017/08/28/us/politics/shark-hurricane-harvey-rumors.html", "tags": "shark harvey misinformation hurricane flood street believe", "title": "A Shark in the Street, and Other Hurricane Harvey Misinformation You Shouldn\u2019t Believe"}