{"content": "\nIn 2005, Andrea Constand, the former director of operations for the Temple University women's basketball team, filed a lawsuit against comedian and actor Bill Cosby, alleging that he had drugged and molested her. Thirteen women, 12 of whom remained anonymous, agreed to be witnesses in Constand's case, which was settled out of court in November 2006 for an undisclosed amount. \nIn the years following, the allegations went largely unremarked and Cosby maintained his reputation as America's favorite family man. Then in October of this year, something changed. Comedian Hannibal Burress called out Cosby for being an alleged rapist during a comedy set, and the clip went viral. Cosby declined to respond to the allegations during an interview with NPR's Scott Simon, and days later, on Nov. 16, Hollywood Elsewhere published former actress Joan Tarshis' claims that Cosby had drugged and raped her in 1969. \nSince then, more and more women have come forward with similar allegations against Cosby. \nFor his part, Cosby has either vehemently denied the accusations or refused to respond. On Nov. 22, Cosby explained his silence to Florida Today, saying, \"I know people are tired of me not saying anything, but a guy doesn't have to answer to innuendos ... People should fact check. People shouldn't have to go through that and shouldn't answer to innuendos.\"\nIn a statement sent to The Huffington Post on Nov. 21, Cosby's attorney Martin D. Singer wrote: \nIn an interview with HuffPost Women, Therese Serignese, a Florida nurse, said Cosby drugged and raped her 38 years ago, and explained what finally prompted her to share her story.\n\"I'm still angry about what he did, and I'm angry that he pretends he didn't do these things,\" she said. \"And he owes every one of us a sincere apology. I don't want to carry this after he dies without him apologizing. This is a man that everybody said, 'What a great guy this is!' 'This is Mr. Family Man!' -- and I knew he wasn't. I know he's a rapist... I just wanted someone to hear me.\"\nBelow is a list of women who have come forward with allegations about Cosby, dated to the time that the allegations were made public. As more claims emerge, this timeline will be updated.", "date": "\n11/24/2014", "href": "https://www.huffpost.com/entry/women-who-have-accused-bill-cosby_n_6211290", "tags": "respond nov. rapist timeline bill allegations unfolded answer guy cosby women", "title": "A Timeline Of How Women's Allegations Against Bill Cosby Have Unfolded"}