{"content": "Don\u2019t stand too close to your dragons, waxwork of Daenerys Targaryen!\nOr, on second thought ...\nDublin\u2019s National Wax Museum Plus this week unveiled its new wax figure of Emilia Clarke\u2019s \u201cGame of Thrones\u201d character and, well, it\u2019s left folks with all kinds of feelings.\nAdmittedly, mainly mocking ones.\n\nThe wax version of the fictional Mother of Dragons takes her place in the museum alongside the wax interpretation of President Donald Trump, whose hair visitors reportedly keep messing with:\nSocial media users inevitably had a field day with the new \u201cThrones\u201d-themed waxwork, which was introduced to mark the eighth and final season of HBO\u2019s epic fantasy drama that\u2019s currently being broadcast.", "date": "\n04/26/2019", "href": "https://www.huffpost.com/entry/game-of-thrones-waxwork-daenerys-targaryen_n_5cc2ed8be4b05f4d35ff08af", "tags": "inevitably interpretation thrones figure museum alongside mainly fans dragons fantasy game daenerys unveiled wax waxwork targaryen freaking", "title": "A Waxwork Of Daenerys Targaryen From \u2019Game Of Thrones\u2019 Is Freaking Fans Out"}