{"content": "Steve Bannon, the\u00a0Breitbart News Network executive chairman known for having white nationalist views \u2015 /www.nbcnews.com/politics/2016-election/trump-campaign-ceo-steve-bannon-accused-anti-semitic-remarks-ex-n638731\"}}\">and who has himself been accused of anti-Semitism\u00a0\u2015\u00a0was named chief strategist and senior counselor to President-elect Donald Trump on Sunday.\u00a0\nBannon, 62, was taking time off from Breitbart to serve as CEO of the Trump campaign before Sunday\u2019s announcement giving him a senior leadership role in the incoming administration.\nTrump also\u00a0announced\u00a0Sunday that Republican National Committee Chair Reince Priebus\u00a0would serve as his chief of staff.\u00a0\n\u201cSteve and Reince are highly qualified leaders who worked well together on our campaign and led us to a historic victory,\u201d Trump said in a press release announcing the appointments. \u201cNow I will have them both with me in the White House as we work to make America great again.\u201d\nDavid Axelrod, who served as senior advisor to President Barack Obama during his first term, said via Twitter Sunday that picking Priebus over Bannon as chief of staff could signal Trump taking a more \u201cconventional\u201d approach, but later said that having Bannon in the White House at all was \u201cdeeply troubling.\u201d\nBannon\u2019s name appeared above Priebus\u2019 in the release, suggesting his significance in the Trump administration could rival that of the chief of staff. A president\u2019s top strategist and senior counselor typically control access to the president and help set and carry out his agenda.\u00a0\nAt Breitbart, Bannon helped make the hardline populist website a go-to resource for white nationalists and the alt-right, according to the Southern Poverty Law Center, which monitors hate groups.\nBreitbart served as a mouthpiece for the Trump campaign and an attack dog against conservatives like House Speaker Paul Ryan (R-Wis.) and Sen. John McCain (R-Ariz.) who were critical of Trump.\u00a0\u00a0\u00a0\nBreitbart has propagated conspiracy theories, like Planned Parenthood having Nazi ties or Clinton aide Huma Abedin being a spy for Saudi Arabia. The website\u00a0traffics\u00a0in misogynist and racist stories; it frames women who push\u00a0back against harassment or gender bias as weak and incompetent and portrays people of color and immigrants as inherently criminal.\nSen. Harry Reid (D-Nev.) spokesman Adam Jentleson said Trump\u2019s choice of Bannon \u201csignals that White Supremacists will be represented at the highest levels in Trump\u2019s White House. \u201c\n\u201cIt is easy to see why the KKK views Trump as their champion,\u201d he added.\nThe SPLC and the Anti-Defamation League expressed concern over the appointment as well, with the ADL saying Bannon and \u201chis alt-right are so hostile to core American values.\u201d\nBannon\u2019s road to the White House, like his boss\u2019, was winding and unconventional.\nBannon was U.S. Naval officer before making a fortune from various media and banking investments. (He reportedly made a chunk of his wealth from\u00a0\u201cSeinfeld\u201d royalties, having helped negotiate the show\u2019s sale in 1993.)\nBen Shapiro, the former editor-at-large of Breitbart, has criticized Bannon as opportunistic and sinister.\n\u201c[Bannon] is a vindictive, nasty figure, infamous for verbally abusing supposed friends and threatening enemies,\u201d Shapiro wrote\u00a0in the Daily Wire in August.\u00a0\nShapiro, who resigned in protest from Breitbart in March, predicted a plum role for Bannon if Trump won the election.\u00a0\n\u201cBecause Bannon\u2019s ambitions extend to Steve Bannon, he\u2019ll tell Trump he\u2019s doing a fantastic job even if he isn\u2019t,\u201d Shapiro wrote. \u201cThat\u2019s how Bannon Svengalis political figures and investors \u2013 by investing them in his personal genius, then hollowing them out from the inside.\u201d\nThis story has been updated with statements from Sen. Harry Reid (D-Nev.) spokesman Adam Jentleson, the Anti-Defamation League and the Southern Poverty Law Center.\u00a0", "date": "\n11/13/2016", "href": "https://www.huffpost.com/entry/steve-bannon-chief-strategist_n_5828e1d4e4b0c4b63b0d33d7", "tags": "shapiro priebus house chief breitbart anti-defamation new white strategist nationalist", "title": "A White Nationalist Is The New White House Chief Strategist"}