{"content": "Story highlightsSpeakers at ecumenical service call for stricter controls on assault weaponsPastor asks for mercy on the soul of accused shooter Dylann RoofEmanuel AME Church holds several events in one-year anniversary of mass shooting\n (CNN)A year later, the grief still feels raw. \nNine churchgoers, all African-American, were shot by a young, white man who entered their Charleston, South Carolina, church,  joined their Bible study for an hour and then opened fire. The shooter blamed his victims because of their skin color.\n\nAfter the tragedy, the church could have closed its doors or cut back on public events. Instead, Emanuel African Methodist Episcopal Church, the oldest black church in the South, flung its doors wide open and welcomed people.\n\"Let all that you do be done in love,\" the church quotes Scripture in its message about the one year anniversary. It has embraced the Charleston community with that message. \n\nThe church will hold several services and events Friday in memory of the nine victims: Rev. Clementa Pinckney, Tywanza Sanders, Rev. Sharonda Singleton, Cynthia Hurd, Rev. DePayne Middleton-Doctor, Ethel Lance, Susie Jackson, Myra Thompson and Rev Daniel Simmons Sr. \nEvents started Friday with an ecumenical service at the TD Arena in downtown Charleston. The Rev. Dr. Juenarrl Keith of St. James AME Church in McClellanville, S.C., led the invocation and asked God to have mercy on the soul of accused shooter Dylann Roof.\nThe killings of 49 people in Orlando were referenced several times, with Melissa Rogers, special assistant to President Obama, delivering a message from the White House: \"We look to Mother Emanuel for inspiration in the wake of Orlando.\"\nCharleston Mayor John Tecklenburg and other officials called for improved background checks on people who purchase assault rifles.\nSouth Carolina Gov. Nikki Haley praised the resilience of the three people wounded by Roof and the families of the slain. \"For them, it feels like it does to me,\" she said. \"I feel like this just happened yesterday.\"\nRead more about them here. \nAlong with worship services, a community supper and a unity event will be held for Charleston. Many of the events are open to the public. \n\"I know the result of people coming and showing their love,\" said Betty Deas Clark, the pastor of Emanuel AME Church.\nChurch pastor reaches out to Orlando\nEarlier this week, Clark was in Orlando, Florida, to support the community and victims of yet another mass shooting. She attended counseling sessions with several people traumatized by Sunday morning's massacre at the Pulse nightclub.\nClark was named the new pastor months after Rev. Pinckney was killed in the shooting. Although Clark didn't join the church until after the shooting, she knew some of the victims personally.\nClark said she wanted to tell people in Orlando: \"Time brings about healing, what you can't see today, what you can't imagine today. Tomorrow, you can see it as a reality if you just keep moving forward. That's what we've been doing.\"\nEven with time, the grief feels fresh. \nEarlier this week, more than 150 people gathered for the Wednesday Bible study, the same event where the shooting occurred last year. This time, it was led by Rev.  Anthony Thompson, whose wife, Myra Thompson, died at the church shooting last year.  \n\"The closer it gets to that anniversary date, the more anxious I feel,\" Thompson told CNN affiliate WCBD. \"I cry without even knowing it's going to happen. I really have no control.\"\nIn honor of the nine people who died, the church has asked that people perform an act of kindness on June 21 as \"Acts of Amazing Grace Day\"and share that deed on its Facebook page. \n\"With thousands of acts of grace being performed around the world, we will surely make the world a better place,\" the church posted. \nAny meaningful change\nA year later, there is one cosmetic change. The Confederate flag no longer flies at the state Capitol complex. \nAnd since June 17, 2015, President Barack Obama has delivered more words of regret after more mass shootings -- four in the past year. \nCongress has failed to pass any meaningful legislation concerning guns, even broadly favored proposals such as expanding background checks.\n\"It's a shared responsibility,\" Clark said. \"I believe that we must deal with gun reform. There's nothing wrong with the right to bear arms. We ought to make sure those who bear arms, they're qualified to do so.\" \nWhat happened to the suspect\nFederal prosecutors are seeking the death penalty for the suspect, Dylann Roof. He is charged with 33 federal offenses, including hate crime charges for allegedly targeting his victims on the basis of their race and religion. A judge entered a not guilty plea on his behalf in July 2015.\nHe told investigators he wanted to start a race war, according to one law enforcement official.\nRoof's state case is scheduled to go on trial in January. His federal trial has not yet been scheduled. ", "date": "June 17, 2016 ", "href": "https://edition.cnn.com/2016/06/17/us/charleston-mass-shooting-anniversary/index.html", "tags": "embraces clark rev church ame anniversary community feels mass year thompson charleston shooting", "title": "A year after mass shooting, Charleston church embraces its community"}