{"content": "Thirteen years ago, Aaron Bell, one of the few African-Americans to have penetrated the racially hermetic world of advertising in the 1970s, discovered that he had a brain tumor. Although the lesion was benign, the surgery required to remove it left him with impaired memory and only one vocal cord. For several months, he couldn\u2019t speak. At the time he received his diagnosis, Mr. Bell was working as a creative director at UniWorld; his disabilities compelled him to stop. In 2007, to retain his sanity, he told me on a recent afternoon, he began taking classes at the Art Students League on West 57th Street in Manhattan.\n\u201cThere are many art directors who are accomplished artists,\u201d he recalled during an interview in a welding studio in New Jersey not far from the Lincoln Tunnel. \u201cI wasn\u2019t one of them.\u201d Over the past nine years, he has been printmaking, drawing, working in mixed media and making sculpture. Forced to speak softly and sparingly, he turned to art as his voice. Last year, the Art Students League honored that voice when it selected him for inclusion in its competitive Model to Monument program. The initiative, run in conjunction with New York City\u2019s parks department, has for the past several years, in spring, placed enormous works of site-specific public art in various places in Van Cortlandt Park in the Bronx and Riverside Park South, an expanse of green running below West 72nd Street in Manhattan.\nIn November, Mr. Bell presented to the parks department a maquette of his proposed work, \u201cStand Loud, Stand Tall,\u201d a structure that would reach 16 feet high and depict a human body with a noose in the place of its head. At the center of the noose was a circle with a slash through it, a symbolic call to defeating intolerance. At the base of the sculpture was a quotation from the Rev. Martin Luther King Jr.: \u201cOur lives begin to die the day we are silent about the things that matter.\u201d\nThe location in Riverside Park South where Mr. Bell\u2019s sculpture was to go had been determined at random, but only strengthened the piece\u2019s resonance as conceptual art. Mr. Bell had pulled a number out of a hat at the Art Students League that assigned him a spot near West 68th Street, right beneath a strip of apartment buildings on Riverside Boulevard bearing the name Trump.\nThe realities of a moment in which recurring episodes of police brutality present themselves as modern day lynchings would seem to make a project like Mr. Bell\u2019s especially purposeful, but the parks department did not embrace his proposal. In an email to the league, Jennifer Lantzas, the agency\u2019s deputy director of public art, expressed apprehension on the part of staff members that \u201cthe image of the noose could be problematic for the borough.\u201d Mr. Bell\u2019s design was rejected. Sam Biederman, a spokesman for the department, told me in an email that the decision was based on a concern among parks officials that the proposed site \u201cis adjacent to an area regularly programmed with passive recreational activities such as yoga, Pilates and senior movement.\u201d\nPrecisely when it became civic policy to guard the potential sensitivities of grown women in Lululemon is unclear, but the fate of Mr. Bell\u2019s project, reported last week by The West Side Rag, illustrates the ways in which a culture of emotionally protectionist politics has swelled beyond the world of Oberlin and Yale. Mr. Bell argued for his original idea in writing, but his repeated requests to speak to city officials in person were ignored. The theme for the Model to Monument exhibit this year was the public square and its responsibilities. \u201cMy interpretation of that idea is a place where people interact for the benefit of social conscience and justice,\u201d he said. \u201cI knew that I wanted to do a piece that would introduce a dialogue. The piece I designed is about humanity against hatred.\u201d\nForced to replace the noose with something else, Mr. Bell is evoking a large mouth instead, but he is not happy about it. \u201cThe mouth is simply a resolution to satisfy members of the parks department,\u201d he told me.\nMr. Bell\u2019s upbringing in Mount Vernon, N.Y., as the son of a prominent musician \u2014 his father was the jazz bassist Aaron Bell, who played with Duke Ellington and had a doctorate in education \u2014 did not shield him from the miseries of racial inequality. When he was a student at Pratt Institute in Brooklyn in 1968, the younger Mr. Bell was beaten up on Halloween night by a gang of white teenagers who struck him at the base of his skull with a metal bar. (A report in The Daily News about the attack described him as having been put on the \u201cserious list\u201d at Brooklyn Hospital.) At the time, members of Pratt\u2019s Black Students Union complained about the failure of the police to arrest anyone five days after a report had been filed and descriptions of some of the assailants provided. Mr. Bell said he had seizures for years after the attack. Once, on his way to see his father play at the La MaMa theater, a seizure left him passed out on the sidewalk. A police car deposited him on the steps of Bellevue Hospital Center, with all the money in his wallet removed, he said.\n\u201cStand Loud, Stand Tall\u201d had been a long time coming.", "date": "May 27, 2016", "href": "https://www.nytimes.com/2016/05/29/nyregion/a-problematic-sculpture-is-silenced-by-new-york-parks-officials.html", "tags": "silenced problematic bell parks officials york new noose sculpture", "title": "A \u2018Problematic\u2019 Sculpture Is Silenced by New York Parks Officials"}