{"content": " (CNN)The Oscars will indeed be hostless, ABC finally confirmed on Tuesday. The cloud of uncertainty that has hovered over the ceremony has actually been good for the show because it's kept it in the public conversation, new ABC Entertainment president Karey Burke said.\nBurke discussed the telecast fleetingly at the TV Critics Association tour, stressing that a top priority was to hold the ceremony to a \"brisk\" three hours. In the past, the Academy Awards have often run more than 3 and a half hours, which has been perceived to be a drag on ratings.\nEfforts to streamline the show, however, have resulted in hand-wringing among some film fans and within the industry, where those representing below-the-line categories (like sound and production design) have objected to the prospect of certain awards being presented during commercial breaks to speed up the presentation.\n\nBurke did note that all the Oscar-nominated songs will be performed. The Academy has already tweeted that Bradley Cooper and Lady Gaga will sing \"Shallow,\" the nominee from \"A Star is Born.\"\nDespite the messiness surrounding Kevin Hart's aborted role as Oscar host -- and the Academy staying mum about its plans -- Burke appeared to invoke a glass-half-full philosophy, saying \"the mystery\" surrounding this year's ceremony \"has been compelling,\" while demonstrating that viewers remain invested in the awards.\nFor the first time, ABC will use the Oscars to preview a new series, \"Whiskey Cavalier,\" an action-drama starring \"Scandal's\" Scott Foley that will air after local newscasts.\nOscar ratings dropped sharply last year, but the hope is that popular nominees like \"Black Panther\" and \"Bohemian Rhapsody\" will boost tune-in. The awards will air February 24 on ABC.", "date": "February 6, 2019 ", "href": "https://edition.cnn.com/2019/02/05/entertainment/oscars-abc/index.html", "tags": "ratings abc says interest hovered oscars oscar surrounding stoked indeed host-free confirms burke", "title": "ABC confirms host-free Oscars, says 'mystery' has stoked interest"}