{"content": "In the Republic of Ireland, there is no issue more sensitive. Abortions are only permitted when the mother's life is in danger. Two women share their very personal stories.\nAmy Walsh, from Dublin, believes her traumatic experience shows why the Republic of Ireland needs to changes its abortion laws.\nTwo years ago, the baby she was carrying was diagnosed with a rare and fatal condition called Triploidy.\nInitially, she did not want to make the journey, which hundreds of Irish women make every year, across the Irish Sea, to have a termination in England. \n\"I was scared,\" Amy says. \"I didn't want to leave my care providers - at this point I had developed a good relationship with them.\"\nAt 24 weeks, she was told her blood pressure was going up and she was at risk of developing pre-eclampsia. \nAmy and her husband decided to travel to Liverpool for a termination.\nShe recalls growing up, and hearing of people \"getting the boat\" - in other words, going to England for an abortion.\n\"Here I was with a wanted pregnancy and a wanted baby, and we were getting the boat to England. I found that very hard to reconcile in my head.\"\nThey travelled on a car ferry because, like some other families, they wanted to bring their baby's remains home for a funeral.\nBut after taking advice from a midwife, they decided that doing so would be too distressing.\nTheir baby was cremated and her ashes delivered by courier a number of weeks later. \nAmy, who was supported by a group called Terminations for Medical Reasons, describes her pregnancy as \"torture\". \nShe said she \"couldn't work, couldn't go out, couldn't function\".\n\"We need to provide our women with the healthcare they need, and in some instances, that is abortion,\" she said.\nAbortion law is rarely far from the headlines, but it's all the more prominent now. \nThis weekend, an advisory body to the Irish government will discuss the topic.\nThe Citizens' Assembly - made up of 99 people and a chairperson - could recommend a referendum. \nThe assembly is considering a number of issues around the Irish constitution - including the document's eighth amendment.\nIt essentially means an unborn child's right to life is equal to its mother.\n\"Repeal the eighth\" has become a key slogan for the pro-choice movement.\nAs a public vote is required before any change to the constitution, removing the eighth would require a nationwide poll on the question.\nThe Citizens' Assembly is not expected to issue any recommendations until next year. \nSinead McBreen, from County Cavan, believes the eighth amendment should stay.\nShe has a two-year-old daughter, Grace, who has Down's Syndrome.\n\"I think we need to protect children like Grace, who have severe disabilities - and the eighth amendment provides protection,\" she says.\nSinead said that when Grace was diagnosed with Down's Syndrome and two other conditions in the womb, she was not expected to survive to birth.\n\"We were told that the only care that could be provided was to check for a heartbeat every week,\" she said. \nShe decided not to travel for a termination. \n\"For me, the natural choice seemed to be to let nature take its course,\" she said. \nSinead is concerned that if abortion law is loosened to allow terminations in cases where a baby has a fatal diagnosis, it will inevitably be relaxed further.\n\"How can you define what a life-limiting condition is?\" she asked. \nThe ethical questions in this most emotive of subjects are very complex.\nBut more people are going public with personal perspectives - fuelling a debate on which politicians must ultimately make a judgement. ", "date": "25 November 2016", "href": "https://www.bbc.co.uk/news/world-europe-38098428", "tags": "irish share abortion different amy stories sinead grace women", "title": "Abortion: Irish women share very different stories"}