{"content": "The mayor of Portland, Oregon, has made an\u00a0\u201cunconstitutional\u201d attempt to shut down upcoming rallies against sharia and in support of President Donald Trump, according to the ACLU of Oregon. \u00a0\nFollowing a\u00a0deadly hate-fueled attack last week, Mayor Ted Wheeler said Monday that the city would not issue permits to groups organizing \u201calt-right events\u201d scheduled for early June. He also called on the federal government, which operates the plaza where the events are supposed to take place, to \u201cimmediately revoke\u201d a permit issued to organizers of one rally and to not issue a permit for the other one.\u00a0\nBut the ACLU of Oregon warned that the mayor could impede upon a \u201ccore, fundamental freedom of the United States\u201d by censoring \u201cunpopular speech.\u201d\u00a0\nTensions have been mounting in Portland in the days following a knife attack on the city\u2019s MAX light-rail train. Jeremy Joseph Christian, a 35-year-old with white supremacist ties,\u00a0is accused of fatally stabbing passengers\u00a0Ricky John Best and Taliesin Myrddin Namkai-Meche\u00a0on Friday after they attempted to confront him for harassing two teenage girls,\u00a0one of whom was wearing a hijab.\n\u201cOur City is in mourning, our community\u2019s anger is real, and the timing and subject of these events can only exacerbate an already difficult situation,\u201d Wheeler wrote in a statement.\u00a0\nMat dos Santos, the legal director of the ACLU of Oregon, said he doesn\u2019t disagree that the Portland community is mourning. But he called the mayor\u2019s decision to block the protests \u201ca pretty clear case of government overreach.\u201d\n\u201cWe fundamentally believe that when the government acts to silence the speech of somebody whose speech we disagree with it has long-term problematic consequences for everyone,\u201d dos Santos said. It violates both the U.S. and Oregon constitutions for a protest to be shut down solely because the government disagrees with participants\u2019 viewpoints, he added.\u00a0\nDos Santos said he was \u201cshocked\u201d by Wheeler\u2019s statement on Monday, claiming he had advised members of the mayor\u2019s staff not to block the rallies unless there were concerns for public safety. He said he wasn\u2019t aware of any safety issues pertaining to either the \u201cTrump Free Speech Rally\u201d or\u00a0\u201cMarch Against Sharia,\u201d set for June 4 and June 10, respectively.\n\u201cOf course, the First Amendment does have some limits,\u201d dos Santos said. \u201cIf the government has concrete evidence of an imminent threat to public safety, they can and should address it, but they should do it in a restrictive way that eliminates the threat while protecting the First Amendment rights of others.\u201d\nThe Trump Free Speech Rally\u00a0plans to feature \u201clive music, flags, and an uplifting experience to bring back strength and courage to those who believe in freedom\u201d in \u201cone of the most liberal areas on the West Coast,\u201d according to the event\u2019s Facebook page. The organizers of the March Against Sharia\u00a0event\u00a0say they intend to protect the freedom of religion by protesting \u201cSharia Law and its impact on Muslim women and children including honor killing and Female Genital Mutilation.\u201d\nIt would have been \u201cwholly appropriate\u201d for Wheeler to reach out to the groups himself and ask them to reschedule, dos Santos said.\nMichael Cox, Wheeler\u2019s director of communications, said the mayor did not mean to\u00a0\u201champer political speech\u201d and that his request to the federal government was based on security concerns, not differing political viewpoints.\n\u201cThe mayor\u2019s only goal is to keep this community safe,\u201d Cox told HuffPost. \u201cHe believes that this rally is scheduled for the wrong time at the wrong place. While it may be constitutional, it is highly irresponsible.\u201d\nViolent altercations have threatened several public demonstrations in Portland in recent months. In April, the city\u2019s annual Rose Festival parade was canceled after two anti-fascist groups threatened to \u201cdrag and push\u201d those marching with the Republican Party. Earlier this month, self-described anarchists set fires and threw objects at police during a May Day protest.\nCox said the city is planning security measures as if the events will take place, but that it\u2019s up to the federal government to decide whether they will.\u00a0The Portland Police Department is also \u201ccollecting information about potential threats of violence,\u201d he added, but would not comment on specific threats.\u00a0\nUPDATE \u2015 May 31: The Portland March Against Sharia has been canceled, according to event organizer Scott Ryan Presler.\u00a0\n\u201cDue to Mayor Wheeler\u2019s inflammatory comments and what we feel is an incitement of violence, he has shamefully endangered every scheduled participant,\u201d Presler wrote Wednesday on the event\u2019s Facebook page. \u201cConsequently, in order to ensure the safety of those who had planned on attending, we have taken the decision to cancel the Portland March Against Sharia.\u201d\nA march is still scheduled to take place in Seattle, he added.\u00a0\nRead Presler\u2019s full post here.\nAmerica does not do a good job of tracking incidents of hate and bias. We need your help to create a database of such incidents across the country, so we all know what\u2019s going on. Tell us your story.", "date": "\n05/30/2017", "href": "https://www.huffpost.com/entry/aclu-portland-mayor-free-speech-rally_n_592d7f93e4b053f2d2ae3e96", "tags": "santos unconstitutional attempt sharia wheeler stop oregon anti-sharia oregon- aclu rallies dos mayor pro-trump", "title": "ACLU Of Oregon- Mayor's Attempt To Stop Pro-Trump, Anti-Sharia Rallies Is \u2018Unconstitutional\u2019"}