{"content": " (CNN)A dollar doesn't buy as much as it did 30 years ago. \nThat's why one activist investor thinks it's time for Dollar Tree to raise its prices. \nJeffrey Smith, CEO of Starboard Value, a hedge fund, wrote to Dollar Tree CEO Gary Philbin Monday to disclose that his fund had taken a 1.7% stake in the bargain retailer. Starboard said it wants Dollar Tree (DLTR) to make some big changes. \n\n\"Dollar Tree has kept its prices at $1.00 since its founding thirty years ago, despite the fact that $1.00 in 1986 is worth approximately $2.30 today, due to inflation,\" Smith wrote. \n\"However, the value that Dollar Tree has offered its customers has deteriorated because of the need to fit everything into a $1.00 price point. Products today are smaller or of lower quality than they were five, ten, and certainly thirty years ago,\" Smith added.\nStarboard also wants Dollar Tree to consider selling Family Dollar, a struggling chain of stores that it bought in 2015.\nBut the activist firm, which earned fame after shaking things up at Olive Garden owner Darden Restaurants, thinks that the company's biggest chance for success will come from a change in its pricing strategy.\n\"Dollar Tree has a great customer base, and we believe its loyalty stems from the fantastic value customers find at Dollar Tree, not merely because everything in the store is the same price,\" he added.\nSmith said Starboard planned to nominate seven directors for the company's board at Dollar Tree's next shareholder meeting and that it hopes to work with Dollar Tree's current management team in order to make some strategic changes.\nSmith suggested that disgruntled investors would support its plans for Dollar Tree. \nDollar Tree's stock has fallen more than 15% in the past year, a drop that's about twice as large as the fall in the broader stock market and the overall retail sector. The stock has also lagged the S&P 500 and its peers since the Family Dollar deal closed more than three years ago.\nDollar Tree responded to Smith's letter Monday morning by saying it appreciated the investment and the suggestions. \n\"Dollar Tree is focused on ensuring our brands are the premier shopping destination for value and convenience, taking the right actions to solidify our leadership position in value retail,\" the company said. \nBut the company also seems prepared for a fight, noting that it has already added four new independent directors since May 2016.", "date": "January 7, 2019 ", "href": "https://edition.cnn.com/2019/01/07/investing/dollar-tree-family-dollar-starboard/index.html", "tags": "wants sell stuff tree dollar activist starboard thinks", "title": "Activist wants Dollar Tree to sell stuff for more than -1"}