{"content": "About 2,000 people have protested against a church being built on a park square in Yekaterinburg in Russia.\nTuesday was the second day of protests in what is a long-standing conflict over the planned church.\nActivists say building St Catherine's Cathedral on the square will destroy one of the city's few green spaces.\nBut the Russian Orthodox Church says it needs new churches to replace the many that were destroyed under Soviet anti-religion laws.\nThis particular church will be a replica of one such cathedral that was demolished in 1930. \nIt is due to be completed in 2023 in time for the 300th anniversary of the founding of Yekaterinburg, Russia's fourth-largest city. \nKremlin spokesman Dmitry Peskov said that the government was monitoring the situation.\nFollowing a call on social media, thousands of residents got together \"for a stroll\" on the Iset River embankment in the centre of the city on Monday.\nThe protesters gathered near a temporary fence that had been erected around a section of the park, marking off the space where the church is supposed to be built.\nThey formed a human chain around the fence and, eventually, managed to topple it, while chanting: \"We want a square.\"\nAs the crowds made their way into the park, they were confronted by security guards hired by Russian Copper Company (RCC) - which is sponsoring the construction of the church - as well as some Mixed Martial Arts (MMA) fighters apparently linked to the company's Academy of Martial Arts. \nAmong the pro-church fighters was Ivan Shtyrkov, also known as the Ural Hulk - a professional MMA fighter and head of the RCC's academy.\nProtests continued through the night, and throughout the following day.\nAccording to independent Russian news outlets, at least seven protesters were arrested on Tuesday and taken into police custody. One person reportedly suffered a broken rib.\nThe church has been a source of controversy since plans to build it were first announced almost a decade ago, in 2010.\nOn its website the local activist group in Yekaterinburg says: \"To build the cathedral they want to destroy the park, which is a favourite place for residents to relax.\"\nOthers have said that the city is in need of more, not fewer, parks.\n\"Nobody is against a church, but everyone is against building one here,\" one protester told Radio Free Europe. \"There are lots of churches here... But not much green space is left in the city.\"\nProtesters also chanted \"we want to see the mayor\" - referring to the city's former mayor Yevgeny Roizman, one of few politicians in office who had been openly critical of President Vladimir Putin. \nMr Roizman resigned last year after it was announced that direct mayoral elections were being scrapped in Yekaterinburg, attacking the decision as anti-democratic.\nVakhtang Kipshidze, a spokesman for the Russian Orthodox Church, has accused protesters of being \"anti-religious\".\n\"There are a multitude of lawful ways of expressing disagreement... but to create conflict on religious grounds is especially sad on the soil of Yekaterinburg, where not so long ago by historical standards mass religious persecution took place and Tsar Nicholas II and his young children were murdered,\" he told Interfax.\nHe added that the protest \"could only have been organised by people driven by anti-religious motives\".\nRepresentatives from the church took part in emergency closed-door meetings with activists, convened by Yevgeny Kuivashev, the governor of Sverdlovsk Oblast.\nMr Kipshidze said that while the church was in favour of constructive dialogue between the church and the protesters, these discussions should not include people who \"simply cannot tolerate anything connected to religion\".", "date": "14 May 2019", "href": "https://www.bbc.com/news/world-europe-48276170", "tags": "church square activists park yekaterinburg yevgeny protest storm new cathedral", "title": "Activists storm Yekaterinburg park in protest against new church"}