{"content": " (CNN)Actor and comedian Reynaldo Rey died Thursday of complications from a stroke, his manager said.\nRey was 75.\nAmong his most popular works are the movies, \"Friday,\" \"White Men Can't Jump\" and \"Harlem Nights.\"\n\nRey suffered a stroke about a year ago. He died in Los Angeles, said his manager, Vanzil Burke. \nAccording to a biography on Rey's website, the actor was born in Sequoyah County, Oklahoma. He was reportedly a member of the Harlem Theater Group, and appeared in 52 movies.\nRey is survived by his wife, Evelyn, daughter Harla Major and sons Golden Rey and Todd Murphy, as well as his 96-year old mother, Lillian Murray.\nPeople we've lost in 2015", "date": "May 29, 2015 ", "href": "https://edition.cnn.com/2015/05/28/entertainment/reynaldo-rey-dies/index.html", "tags": "reynaldo golden rey evelyn dies sequoyah murray jump movies stroke actor todd harlem", "title": "Actor Reynaldo Rey dies at 75"}