{"content": "Story highlightsAustralian-born actor Rod Taylor was the male lead in an Alfred Hitchcock movie He died at home surrounded by his family and loved ones \n (CNN)Australian-born actor Rod Taylor, who starred in Alfred Hitchcock's thriller, \"The Birds,\" died this week in Los Angeles.\nTaylor was 84. \n\nHe died at home Wednesday surrounded by his family and loved ones, his daughter, Felicia Taylor, said in a statement.  No cause of death was given.\n\"My dad loved his work. Being an actor was his passion -- calling it an honorable art and something he couldn't live without,\" she said.\nRod Taylor appeared in dozens of films,  including \"The Time Machine,\"  \"The Train Robbers\" and \"Sunday in New York.\"\n\"There are so many incredible feelings I have for him,\" said Tippi Hedren, his co-star in \"The Birds.\" \n\"Rod was a great pal to me ... we were very, very good friends,\" she said.  \"He was one of the most fun people I have ever met, thoughtful and classy, there was everything good in that man.\"\nTaylor was born in Sydney -- the only child of a steel contractor father and a writer mother.  He attended a fine arts college and a theater school in his hometown before heading to Hollywood in the 1950s.\nOnce there, his star kept rising with various high-profile roles in movies such as \"The Train Robbers\" and  \"The Catered Affair.\"  In his final role, he played Winston Churchill in the 2009 movie, \"Inglourious Basterds,\" with Brad Pitt. \nTaylor is survived by his wife of more than three decades, Carol, and his daughter, Felicia, a former CNN News correspondent. \nPeople we've lost in 2015", "date": "January 9, 2015 ", "href": "https://edition.cnn.com/2015/01/09/showbiz/rod-taylor-dead/index.html", "tags": "taylor felicia surrounded rod actor ones dead alfred robbers birds", "title": "Actor Rod Taylor dead at 84"}