{"content": "Story highlightsBetsy Palmer's manager says the actress has diedPalmer was known for her role as the killer in \"Friday the 13th\"She also appeared on \"The Today Show\" and turned letters on \"Wheel of Fortune\"\n (CNN)Actress Betsy Palmer, who kicked off her career as a sweet-talking panelist on TV game shows in the 1950s and went on to play a mother-turned-murderer in \"Friday the 13th,\" has died.\nPalmer, 88, died Friday of natural causes at a hospice care center near her home in Danbury, Connecticut, manager Brad Lemack said in a statement.\n\nHer lengthy television and film career spanned more than five decades, starting with a number of high-profile roles in the 1950s, including a regular role as a panelist on the prime-time TV game show \"I've Got a Secret\" and a role as contributor on NBC's \"The Today Show.\"\nShe drew a new generation of fans, her manager said, with her role as Mrs. Voorhees in the 1980 cult classic \"Friday the 13th.\"\nIt's a role Palmer once said she'd only accepted because she was convinced no one would see it -- and because she needed the money for a new car.\nThe day before she got a call about the film, her Mercedes broke down on the Connecticut turnpike. She quickly set her sights on a new one that would cost $10,000.\nThe offer for the film would pay her exactly that, her manager's statement said, \"leading to a sporty new vehicle and a revitalized career.\"\nEven though she wasn't originally a fan of the script and didn't want to perform in a horror film, Palmer once said she appreciated the chance to change her image after playing so many wholesome roles on screen.\n\"The image always was of me was that I was this girl next door, and of course I've always said that there wasn't a gal that ever lived next door to me that I wanted to be like,\" Palmer recalled in \"Return to Crystal Lake,\" a documentary about the making of the film. \"I was always trying to prove that I wasn't the girl next door.\"\nTelevision and film work brought Palmer fame and notoriety, her manager said, but performing onstage brought her \"the greatest professional joy.\"\nHer credits on Broadway included \"Roar Like a Dove,\" \"Cactus Flower\" and \"The Eccentricities of a Nightingale.\"\nShe's survived by her daughter, Melissa Merendino, her manager said.", "date": "June 1, 2015 ", "href": "https://edition.cnn.com/2015/05/31/entertainment/betsy-palmer-dies/index.html", "tags": "palmer door dies killer actress betsy panelist", "title": "Actress Betsy Palmer, killer in 'Friday the 13th,' dies"}