{"content": "Indian company Adani has given final investment approval for the construction of a controversial coal mine in Australia.\nThe decision marks the \"official start\" of the massive A$16.5bn (\u00a39.5bn; $12.3bn) Carmichael mine in Queensland, said chairman Gautam Adani.\nPre-construction work is expected to begin later this year, he said.\nThe government says the mine will generate investment, but critics say it will harm the environment.\n\"We have been challenged by activists in the courts, in inner-city streets, and even outside banks,\" Mr Adani said in a statement\n\"We are still facing activists. But we are committed to this project.\"\nThe Carmichael mine, in Queensland's Galilee Basin, includes a plan for six open-cut and up to three underground mines across an area of 250sq km (95 sq miles). \nThe company described the announcement on Tuesday as a \"green light\". It followed a mining royalties deal struck between Adani and the Queensland state government last week.\n\"There will be jobs right across the state. This project will deliver those jobs,\" said Queensland Premier Annastacia Palaszczuk. \nFederal Resources Minister Matt Canavan said it was a welcome decision after years of delay due to court actions and government approvals.\n\"This is going to be the biggest investment in Australia by an Indian company ever,\" he said.\nCritics including environmentalists have warned that the vast quantities of coal expected to be extracted from the mine will exacerbate global warming and threaten the already ailing Great Barrier Reef.\n\"This mine will be a disaster for the climate, the Great Barrier Reef and frontline communities in Queensland and around the world,\" Greenpeace spokesman Nikola Casule said in a statement.", "date": "6 June 2017", "href": "https://www.bbc.co.uk/news/world-australia-40168437", "tags": "australia barrier light mine coal controversial adani carmichael gives", "title": "Adani gives 'green light' for controversial Australia coal mine"}