{"content": "Australia has approved a $15.5bn (\u00a39bn) coal project, despite concern over its potential environmental impact. Paranjoy Guha Thakurta profiles Adani, the Indian company overseeing the deal, which already has approval to build a new coal port terminal in Queensland. \nIn the picture above, published in the Indian media on 22 May, Narendra Modi is leaving the western state of Gujarat, where he had been chief minister for 12 years, to be sworn in as prime minister of India. \nAs he waves to people seeing him off at the airport in the city of Ahmedabad, the logo of the private aircraft carrying him is clearly visible: Adani.\nGautam Adani, 52, one of India's richest men, is a businessman who is not shy of displaying his proximity to India's most powerful person.   \nFor somebody who dropped out of college in Mumbai in 1978 to trade in diamonds and plastics, Mr Adani has truly gone places. \nBut his wealth has caused problems, with the tycoon being kidnapped and held for ransom in 1997. A man is currently facing trial.\nThese days, Mr Adani heads a corporate conglomerate that is India's biggest operator of ports, as well as its largest private producer of electricity.\nThe Adani group also has substantial interests in coal mining, civil construction, logistics, international trade, education, real estate, edible oils and food storage.\nHis companies currently trade in more than 30 commodities and have interests in at least 28 countries, including Australia and Indonesia. \nIn 2003-04, the group became India's highest foreign exchange earner. Mr Adani has not looked back since. \nOver the last year alone, the market capitalisation of companies in the Adani group has grown by more than 250%.\nThe turnover of his business empire has jumped from $765m in 2002 to nearly $10bn today - a period that roughly coincides with Mr Modi's rapid rise to power. \nThe friendship between the two men goes back to 2002 when Gujarat was rocked by Hindu-Muslim riots. \nMr Modi had been criticised for not doing enough to bring the situation under control at that time by business figures affiliated to the Confederation of Indian Industry, an influential association.\nBut Mr Adani took the lead in assembling other entrepreneurs from Gujarat to rally around Mr Modi, who was trying to play down the violence and promote his state as a destination for investors. Mr Adani even threatened to form a parallel body of industrialists.\nSo in March last year when Mr Modi was dropped as a keynote speaker at an event at the Wharton School of Business in the US after protests by teachers and students, the Adani group, one of the main sponsors of the event, withdrew financial support.\nThe Gujarat government has been accused of granting large tracts of land to his group at throwaway prices to set up India's biggest port at Mundra on the west coast in violation of environmental norms.\nMundra is where the world's largest coal unloading facility has been built in a \"special economic zone\" - an industrial enclave area where project promoters don't have to pay taxes.\nConstruction work in the zone, which contains a power plant, private railway lines and a private airport, had to be stalled due to court orders. Formal environmental clearances were eventually granted by the Supreme Court of India earlier this year.\nThe group has been in the news recently after the Australian government allowed it to execute a major coal and rail project, which has been opposed by environmental activists.\nRecently Fairfax Media in Australia published an investigation into the alleged ill-treatment of thousands of construction labourers hired by contractors engaged by the Adani group to build luxury houses on the outskirts of Ahmedabad. The group has argued that it has not violated any law.\nMr Adani's wealth has also attracted the unwelcome attention of India's tax authorities. \nIn May, authorities questioned the group for allegedly over-valuing imports of power equipment by nearly a billion dollars. \nIn February 2010, Mr Adani's brother Rajesh Adani, managing director of the group, was arrested for allegedly evading customs duty.\nDespite all the attention, the tycoon has, by and large, been wary of the media, granting few interviews and has been guarded in his remarks.\nHe has claimed that he has always followed the law and that his proximity to politicians is because his firms are involved in infrastructure projects that require government support.\nThose close to him have suggested that he has been targeted by Mr Modi's opponents and business rivals. \nMr Adani's critics, however, contend that his rise has been on account of his generosity towards political leaders and the prevalence of crony capitalism.  \nThe author is an independent journalist and economic analyst.", "date": "23 October 2014", "href": "https://www.bbc.co.uk/news/world-asia-india-29658768", "tags": "australia group proximity mines coal indian adani buying", "title": "Adani: The Indian group buying coal mines in Australia"}