{"content": "As if \u201cUs\u201d wasn\u2019t scary enough...\nFunny Or Die released a parody trailer on Wednesday that imagined what it would look like if\u00a0Jordan Peele\u2019s new horror movie took place at President Donald Trump\u2019s\u00a0Mar-a-Lago club in Palm Beach, Florida.\nTrump takes a starring role in the terrifyingly reworked promo.\n\nFox News hosts Sean Hannity, Tucker Carlson and Laura Ingraham also make cameos in the clip \u2015 titled \u201cUs, but about U.S.\u201d \u2015 as do groups of white nationalists and Rep. Steve King (R-Iowa).\nCheck out the trailer here:\nCompare it to the original promo here:\nAnd watch Funny Or Die\u2019s similarly Trump-themed reworking of Peele\u2019s 2017 film, \u201cGet Out,\u201d here:", "date": "\n03/28/2019", "href": "https://www.huffpost.com/entry/donald-trump-jordan-peele-us-funny-or-die_n_5c9cb391e4b07c886631caad", "tags": "even funny compare titled terrifyingly peele adding promo carlson donald hosts sean jordan palm chilling makes trailer trump", "title": "Adding Donald Trump To Jordan Peele's 'Us' Makes It Even More Chilling"}