{"content": " (CNN)Here's a look at Staff Sgt. Robert Bales, who is serving life in prison without parole for the murders of 16 Afghan civilians in 2012. \nAbout Staff Sgt. Robert Bales:Bales was assigned to the 3rd Stryker Brigade Combat Team, 2nd Infantry Division, stationed at Joint Base Lewis-McChord near Tacoma, Washington.\nThe unit was deployed in support of Special Forces troops in Kandahar province, Afghanistan.\n\nBales served three tours of duty in Iraq before being deployed to Afghanistan.\nTimeline:March 11, 2012 - Bales leaves the military base and goes on a house to house shooting spree in two nearby villages. He kills 16 people, including nine children. Eleven of the victims belong to the same family. Bales returns to the base and turns himself in. \nMarch 13, 2012 - US President Barack Obama says that the military will conduct a thorough investigation into the rampage. He says he has told Afghan President Hamid Karzai that the United States \"takes this as seriously as if it was our own citizens and our own children who were murdered.\"\nMarch 15, 2012 - US Defense Secretary Leon Panetta meets with Karzai, who tells Panetta that troops should be pulled out of Afghan villages.\nMarch 16, 2012 - The military identifies Bales as the suspect in the shootings. \nMarch 23, 2012 - Bales is charged with 17 counts of murder and six counts of assault and attempted murder. US and Afghan officials initially said 16 people died in the attack. No detailed info is released about the 17th fatality, other than an indication from investigators that the victim was an adult. \nMarch 25, 2012 - Afghan officials announce the victims' families were given money by the US government, $50,000 for each of the 16 people who died, as well as $10,000 for each of the six who was injured. \nMarch 30, 2012 - Bales' attorney holds a news conference and tells reporters that the military has blocked the defense team's access to information about the case. He says that he wants to interview witnesses but the military has not made them available as promised. \nJune 1, 2012 - In amended charges, US military authorities accuse Bales of illicit steroid and alcohol use in addition to 16 counts of premeditated murder. \nNovember 5, 2012 - Bales' Article 32 hearing begins at Joint Base Lewis-McChord in Washington state.\nDecember 19, 2012 - The US military releases a statement saying Bales will face a court-martial and could be given the death penalty if found guilty. \nJune 5, 2013 - Bales pleads guilty to more than 30 criminal charges, including 16 premeditated murder counts. The move spares him a possible death sentence.\nAugust 23, 2013 - Bales is sentenced to life in prison without parole.\nOctober 2015 - A University of Chicago law professor and students launch a project called the Combat Clemency Project. They file a clemency petition for Bales and six other veterans serving sentences for killing civilians in Afghanistan and Iraq. Based on Bales' mental health issues and a traumatic brain injury, the law team seeks a commutation of his sentence. \nOctober 21, 2015 - GQ publishes an exclusive interview with Bales. He says he was drinking heavily and took sleeping pills before the rampage. ", "date": "February 25, 2019 ", "href": "https://edition.cnn.com/2013/05/31/world/meast/afghanistan-shootings-fast-facts/index.html", "tags": "premeditated afghanistan shootings fast clemency facts counts bales", "title": "Afghanistan Shootings Fast Facts"}