{"content": "An Afghan teenager arrested on suspicion of the rape and murder of a woman in south-west Germany had already been convicted of attempted murder in Greece, reports say.\nGermans were outraged by the murder of Maria L, a student in Freiburg who volunteered for a refugee charity.\nA Greek lawyer has now alleged that the man suspected of killing her also tried to kill a young woman in Corfu.\nHe was given a 10 year-sentence but was apparently freed after about 18 months.\nGreek reports said he had robbed the woman and pushed her over an eight-metre drop, and it was only because his victim was an experienced mountaineer that she survived with serious injuries. Some reports said he had a swastika tattooed on his left arm.\nLawyer Maria-Eleni Nikopoulou was able to identify the Freiburg suspect, Hussein K, from photos. \"Yes that's the young man I defended in 2013. I have no doubt,\" she told Germany's DPA news agency.\nRead Jenny Hill's report: Freiburg murder fuels tensions in Germany\nSent to jail on the Greek mainland in 2014, he was released on parole on 31 October 2015 and is thought to have made his way via Austria to Germany during the following fortnight.\nHis age was unclear as he had no identification but German authorities took him in as an unaccompanied minor. Many of the asylum seekers who travelled across the Balkans to Germany last year did not carry passports.\nMaria L was raped and murdered in October and Hussein K was detained a fortnight ago. Since his arrest, he has refused to give evidence to German authorities. \nAlthough he has said he is 17, he was also described as 17 during his time in Greek detention. \nForensic officials have been asked to conduct medical tests to assess his real age. If convicted as a juvenile under the age of 18, he would face a maximum sentence of 10 years.\nAlthough German police are yet to confirm the details of his earlier conviction with their Greek counterparts, the revelations from Corfu have raised questions about the asylum process.\nBecause his DNA did not show up on a European register and there was no international arrest warrant for him, the local youth welfare office placed him with a foster family.", "date": "14 December 2016", "href": "https://www.bbc.co.uk/news/world-europe-38314498", "tags": "murder k l greek suspect greece freiburg germany afghan jailed", "title": "Afghan murder suspect in Germany 'was jailed in Greece'"}