{"content": "Hong Kong (CNN)The trade war between the United States and China just got a lot bigger after both sides announced their broadest waves of tariffs yet.\nThe latest exchange of fire means the two economic superpowers will soon have imposed tariffs on more than $360 billion of goods. And analysts say the battle is likely to get worse, even as China starts to run low on ways to retaliate.\nThe new tariffs announced by Washington and Beijing this week \"mark a major escalation of their conflict that will hit global economic growth,\" Louis Kuijs, head of Asia Economics at research firm Oxford Economics, said in a note.\n\nThe Chinese government said late Tuesday that it would impose tariffs on US goods worth $60 billion following the Trump administration's announcement that it was hitting $200 billion worth of Chinese goods with new tariffs. \nThe US tariffs start at a rate of 10%, before rising to 25% at the end of the year. They come into effect on September 24, and will apply to thousands of Chinese products, ranging from food seasonings and baseball gloves to network routers and industrial machinery parts.\n'use strict';CNN.Videx = CNN.Videx || {};CNN.Videx.mobile = {};CNN.INJECTOR.executeFeature('video').then(function () {CNN.VideoPlayer.handleUnmutePlayer = function handleUnmutePlayer(containerId, dataObj) {'use strict';var playerInstance,playerPropertyObj,rememberTime,unmuteCTA,unmuteIdSelector = 'unmute_' + containerId,isPlayerMute;dataObj = dataObj || {};if (CNN.VideoPlayer.getLibraryName(containerId) === 'fave') {playerInstance = FAVE.player.getInstance(containerId) || null;} else {playerInstance = containerId && window.cnnVideoManager.getPlayerByContainer(containerId).videoInstance.cvp || null;}isPlayerMute = (typeof dataObj.muted === 'boolean') ? dataObj.muted : false;if (CNN.VideoPlayer.playerProperties && CNN.VideoPlayer.playerProperties[containerId]) {playerPropertyObj = CNN.VideoPlayer.playerProperties[containerId];}if (playerPropertyObj.mute && playerPropertyObj.contentPlayed) {if (isPlayerMute === false) {unmuteCTA = jQuery(document.getElementById(unmuteIdSelector));playerInstance.unmute();if (unmuteCTA.length > 0) {unmuteCTA.removeClass('video__unmute--active').addClass('video__unmute--inactive');unmuteCTA.off('click');rememberTime = 0;if (rememberTime < 0) {rememberTime = 360 / 60;}CNN.Utils.storeLocalValue('unmute_politics', 'X', rememberTime);}} else {playerInstance.mute();}}};CNN.VideoPlayer.showFlashSlate = function showFlashSlate(container) {'use strict';var $vidEndSlate;$vidEndSlate = container.parent().find('.js-video__end-slate').eq(0);if ($vidEndSlate.length > 0) {$vidEndSlate.find('.l-container').html('<a href=\"https://get.adobe.com/flashplayer/\" target=\"_blank\"><div class=\"flash-slate\"></div></a>');$vidEndSlate.removeClass('video__end-slate--inactive').addClass('video__end-slate--active');}};CNN.autoPlayVideoExist = (CNN.autoPlayVideoExist === true) ? true : false;var configObj = {thumb: 'none',video: 'cnnmoney/2018/08/24/element-electronics-china-tariffs-south-carolina-savidge-newday-cnnmoney.cnnmoney',width: '100%',height: '100%',section: 'international',profile: 'expansion',network: 'cnn',markupId: 'body-text_7',theoplayer: {allowNativeFullscreen: true},adsection: 'const-article-inpage',frameWidth: '100%',frameHeight: '100%',posterImageOverride: {\"mini\":{\"width\":220,\"type\":\"jpg\",\"uri\":\"//cdn.cnn.com/cnnnext/dam/assets/180824090213-element-electronics-small-169.jpg\",\"height\":124},\"xsmall\":{\"width\":307,\"type\":\"jpg\",\"uri\":\"//cdn.cnn.com/cnnnext/dam/assets/180824090213-element-electronics-medium-plus-169.jpg\",\"height\":173},\"small\":{\"width\":460,\"type\":\"jpg\",\"uri\":\"//cdn.cnn.com/cnnnext/dam/assets/180824090213-element-electronics-large-169.jpg\",\"height\":259},\"medium\":{\"width\":780,\"type\":\"jpg\",\"uri\":\"//cdn.cnn.com/cnnnext/dam/assets/180824090213-element-electronics-exlarge-169.jpg\",\"height\":438},\"large\":{\"width\":1100,\"type\":\"jpg\",\"uri\":\"//cdn.cnn.com/cnnnext/dam/assets/180824090213-element-electronics-super-169.jpg\",\"height\":619},\"full16x9\":{\"width\":1600,\"type\":\"jpg\",\"uri\":\"//cdn.cnn.com/cnnnext/dam/assets/180824090213-element-electronics-full-169.jpg\",\"height\":900},\"mini1x1\":{\"width\":120,\"type\":\"jpg\",\"uri\":\"//cdn.cnn.com/cnnnext/dam/assets/180824090213-element-electronics-small-11.jpg\",\"height\":120}}},autoStartVideo = false,isVideoReplayClicked = false,callbackObj,containerEl,currentVideoCollection = [],currentVideoCollectionId = '',isLivePlayer = false,mediaMetadataCallbacks,mobilePinnedView = null,moveToNextTimeout,mutePlayerEnabled = false,nextVideoId = '',nextVideoUrl = '',turnOnFlashMessaging = false,videoPinner,videoEndSlateImpl;if (CNN.autoPlayVideoExist === false) {autoStartVideo = false;if (autoStartVideo === true) {if (turnOnFlashMessaging === true) {autoStartVideo = false;containerEl = jQuery(document.getElementById(configObj.markupId));CNN.VideoPlayer.showFlashSlate(containerEl);} else {CNN.autoPlayVideoExist = true;}}}configObj.autostart = CNN.Features.enableAutoplayBlock ? false : autoStartVideo;CNN.VideoPlayer.setPlayerProperties(configObj.markupId, autoStartVideo, isLivePlayer, isVideoReplayClicked, mutePlayerEnabled);CNN.VideoPlayer.setFirstVideoInCollection(currentVideoCollection, configObj.markupId);videoEndSlateImpl = new CNN.VideoEndSlate('body-text_7');function findNextVideo(currentVideoId) {var i,vidObj;if (currentVideoId && jQuery.isArray(currentVideoCollection) && currentVideoCollection.length > 0) {for (i = 0; i < currentVideoCollection.length; i++) {vidObj = currentVideoCollection[i];if (typeof vidObj !== 'undefined' && vidObj.videoId === currentVideoId) {if (i < currentVideoCollection.length - 1) {nextVideoId = currentVideoCollection[i + 1].videoId;nextVideoUrl = currentVideoCollection[i + 1].videoUrl;} else {nextVideoId = currentVideoCollection[0].videoId;nextVideoUrl = currentVideoCollection[0].videoUrl;}break;}}if (!nextVideoUrl) {nextVideoId = currentVideoCollection[0].videoId;nextVideoUrl = currentVideoCollection[0].videoUrl;}currentVideoCollectionId = (window.jsmd && window.jsmd.v && window.jsmd.v.eVar60) || nextVideoUrl.replace(/^.+\\/video\\/playlists\\/(.+)\\//, '$1');} else {nextVideoId = '';nextVideoUrl = '';}}findNextVideo('cnnmoney/2018/08/24/element-electronics-china-tariffs-south-carolina-savidge-newday-cnnmoney.cnnmoney');function navigateToNextVideo(currentVideoId, containerId) {var $endSlate,nextVideoPlayTimeout = 1500;findNextVideo(currentVideoId);if (nextVideoUrl) {moveToNextTimeout = setTimeout(function () {location.href = nextVideoUrl;}, nextVideoPlayTimeout);} else {$endSlate = jQuery(document.getElementById(containerId)).parent().find('.js-video__end-slate').eq(0);if ($endSlate.length > 0) {videoEndSlateImpl.showEndSlateForContainer();if (mobilePinnedView) {mobilePinnedView.disable();}}}}callbackObj = {onPlayerReady: function (containerId) {var playerInstance,containerClassId = '#' + containerId;CNN.VideoPlayer.handleInitialExpandableVideoState(containerId);CNN.VideoPlayer.handleAdOnCVPVisibilityChange(containerId, CNN.pageVis.isDocumentVisible());if (CNN.Features.enableMobileWebFloatingPlayer &&Modernizr &&(Modernizr.phone || Modernizr.mobile || Modernizr.tablet) &&CNN.VideoPlayer.getLibraryName(containerId) === 'fave' &&jQuery(containerClassId).parents('.js-pg-rail-tall__head').length > 0 &&CNN.contentModel.pageType === 'article') {playerInstance = FAVE.player.getInstance(containerId);mobilePinnedView = new CNN.MobilePinnedView({element: jQuery(containerClassId),enabled: false,transition: CNN.MobileWebFloatingPlayer.transition,onPin: function () {playerInstance.hideUI();},onUnpin: function () {playerInstance.showUI();},onPlayerClick: function () {if (mobilePinnedView) {playerInstance.enterFullscreen();playerInstance.showUI();}},onDismiss: function() {CNN.Videx.mobile.pinnedPlayer.disable();playerInstance.pause();}});/* Storing pinned view on CNN.Videx.mobile.pinnedPlayer So that all players can see the single pinned player */CNN.Videx = CNN.Videx || {};CNN.Videx.mobile = CNN.Videx.mobile || {};CNN.Videx.mobile.pinnedPlayer = mobilePinnedView;}if (Modernizr && !Modernizr.phone && !Modernizr.mobile && !Modernizr.tablet) {if (jQuery(containerClassId).parents('.js-pg-rail-tall__head').length) {videoPinner = new CNN.VideoPinner(containerClassId);videoPinner.init();} else {CNN.VideoPlayer.hideThumbnail(containerId);}}},onContentEntryLoad: function(containerId, playerId, contentid, isQueue) {CNN.VideoPlayer.showSpinner(containerId);},onContentPause: function (containerId, playerId, videoId, paused) {if (mobilePinnedView) {CNN.VideoPlayer.handleMobilePinnedPlayerStates(containerId, paused);}},onContentMetadata: function (containerId, playerId, metadata, contentId, duration, width, height) {var endSlateLen = jQuery(document.getElementById(containerId)).parent().find('.js-video__end-slate').eq(0).length;CNN.VideoSourceUtils.updateSource(containerId, metadata);if (endSlateLen > 0) {videoEndSlateImpl.fetchAndShowRecommendedVideos(metadata);}},onAdPlay: function (containerId, cvpId, token, mode, id, duration, blockId, adType) {/* Dismissing the pinnedPlayer if another video players plays an Ad */CNN.VideoPlayer.dismissMobilePinnedPlayer(containerId);clearTimeout(moveToNextTimeout);CNN.VideoPlayer.hideSpinner(containerId);if (Modernizr && !Modernizr.phone && !Modernizr.mobile && !Modernizr.tablet) {if (typeof videoPinner !== 'undefined' && videoPinner !== null) {videoPinner.setIsPlaying(true);videoPinner.animateDown();}}},onAdPause: function (containerId, playerId, token, mode, id, duration, blockId, adType, instance, isAdPause) {if (mobilePinnedView) {CNN.VideoPlayer.handleMobilePinnedPlayerStates(containerId, isAdPause);}},onTrackingFullscreen: function (containerId, PlayerId, dataObj) {CNN.VideoPlayer.handleFullscreenChange(containerId, dataObj);if (mobilePinnedView &&typeof dataObj === 'object' &&FAVE.Utils.os === 'iOS' && !dataObj.fullscreen) {jQuery(document).scrollTop(mobilePinnedView.getScrollPosition());playerInstance.hideUI();}},onContentPlay: function (containerId, cvpId, event) {var playerInstance,prevVideoId;if (CNN.companion && typeof CNN.companion.updateCompanionLayout === 'function') {CNN.companion.updateCompanionLayout('restoreEpicAds');}clearTimeout(moveToNextTimeout);CNN.VideoPlayer.hideSpinner(containerId);if (Modernizr && !Modernizr.phone && !Modernizr.mobile && !Modernizr.tablet) {if (typeof videoPinner !== 'undefined' && videoPinner !== null) {videoPinner.setIsPlaying(true);videoPinner.animateDown();}}},onContentReplayRequest: function (containerId, cvpId, contentId) {if (Modernizr && !Modernizr.phone && !Modernizr.mobile && !Modernizr.tablet) {if (typeof videoPinner !== 'undefined' && videoPinner !== null) {videoPinner.setIsPlaying(true);var $endSlate = jQuery(document.getElementById(containerId)).parent().find('.js-video__end-slate').eq(0);if ($endSlate.length > 0) {$endSlate.removeClass('video__end-slate--active').addClass('video__end-slate--inactive');}}}},onContentBegin: function (containerId, cvpId, contentId) {if (mobilePinnedView) {mobilePinnedView.enable();}/* Dismissing the pinnedPlayer if another video players plays a video. */CNN.VideoPlayer.dismissMobilePinnedPlayer(containerId);CNN.VideoPlayer.mutePlayer(containerId);if (CNN.companion && typeof CNN.companion.updateCompanionLayout === 'function') {CNN.companion.updateCompanionLayout('removeEpicAds');}CNN.VideoPlayer.hideSpinner(containerId);clearTimeout(moveToNextTimeout);CNN.VideoSourceUtils.clearSource(containerId);jQuery(document).triggerVideoContentStarted();},onContentComplete: function (containerId, cvpId, contentId) {if (CNN.companion && typeof CNN.companion.updateCompanionLayout === 'function') {CNN.companion.updateCompanionLayout('restoreFreewheel');}navigateToNextVideo(contentId, containerId);},onContentEnd: function (containerId, cvpId, contentId) {if (Modernizr && !Modernizr.phone && !Modernizr.mobile && !Modernizr.tablet) {if (typeof videoPinner !== 'undefined' && videoPinner !== null) {videoPinner.setIsPlaying(false);}}},onCVPVisibilityChange: function (containerId, cvpId, visible) {CNN.VideoPlayer.handleAdOnCVPVisibilityChange(containerId, visible);}};if (typeof configObj.context !== 'string' || configObj.context.length <= 0) {configObj.context = 'politics'.replace(/[\\(\\)\\-]/g, '');}if (typeof configObj.adsection === 'undefined' && typeof window.ssid === 'string' && window.ssid.length > 0) {configObj.adsection = window.ssid;}CNN.autoPlayVideoExist = (CNN.autoPlayVideoExist === true) ? true : false;CNN.VideoPlayer.getLibrary(configObj, callbackObj, isLivePlayer);});CNN.INJECTOR.scriptComplete('videodemanddust');JUST WATCHEDUS company says it was crippled by Trump's tariffsReplayMore Videos ...MUST WATCH{\"@context\": \"https://schema.org\",\"@type\": \"VideoObject\",\"name\": \"US company says it was crippled by Trump&#39;s tariffs\",\"description\": \"Element Electronics threw its support behind the Trump administration&#39;s tariffs on Chinese goods --until those tariffs targeted TV parts. Now the company is on the verge of shutting its US operations, unless some powerful allies in Washington intervene.\",\"thumbnailURL\": \"https://cdn.cnn.com/cnnnext/dam/assets/180824090213-element-electronics-large-169.jpg\",\"image\": \"https://cdn.cnn.com/cnnnext/dam/assets/180824090213-element-electronics-large-169.jpg\",\"duration\": \"PT3M26S\",\"uploadDate\": \"2018-08-24T13:16:07Z\",\"contentUrl\": \"https://edition.cnn.com/videos/cnnmoney/2018/08/24/element-electronics-china-tariffs-south-carolina-savidge-newday-cnnmoney.cnnmoney\",\"url\": \"https://edition.cnn.com/videos/cnnmoney/2018/08/24/element-electronics-china-tariffs-south-carolina-savidge-newday-cnnmoney.cnnmoney\",\"embedUrl\": \"https://fave.api.cnn.io/v1/fav/?video=cnnmoney/2018/08/24/element-electronics-china-tariffs-south-carolina-savidge-newday-cnnmoney.cnnmoney&customer=cnn&edition=international&env=prod\"}US company says it was crippled by Trump's tariffs 03:25\nChina's new tariffs will be levied at rates of 5% or 10%, depending on the product, from the same date, the Chinese government said. \nMore than 5,000 US goods will be affected, including meat, nuts, alcoholic drinks, chemicals, clothes, machinery, furniture and auto parts.\nThe clash between the world's top two economies is already hurting companies on both sides of the Pacific. The latest US move means roughly half of the products that China sells to the United States each year will be hit by American tariffs.\nPresident Donald Trump on Tuesday defended the latest trade move against Beijing.\n\"We're doing a very good job with China,\" Trump said in the Oval Office. \"China has been taking advantage of the United States for a long time and that's not happening anymore.\"\nThe Trump administration is trying to pressure Beijing to change its behavior, accusing it of overseeing the theft of US intellectual property and boosting Chinese companies through aggressive industrial policies. The Chinese government dismisses the criticism as groundless, even though American and European firms operating in China frequently complain about the issues.\nWhat does China do next?\nChina had already gone blow for blow with the United States on tariffs on more than $50 billion of each other's goods this year. But its options for responding further are getting increasingly complicated.\nThe White House warned Monday that it would respond to any retaliation from Beijing with yet more tariffs on roughly $267 billion of Chinese exports. That would mean the US measures effectively cover all the goods China sells to the United States each year (the total for 2017 was about $506 billion).\nChina has a smaller target to aim for in response: it bought around $130 billion of US products last year, according to US government figures. \nThe tariffs announced by Beijing on Tuesday reflect the dwindling amount of goods on which it can impose new tariffs. The tariff range of 5% to 10% is lower than the 5%-to-25% range China had threatened in early August. That leaves it the option of ramping up the rates at the end of the year when the US tariffs rise from 10% to 25%.\n\"China has been unable to match the US dollar-for-dollar in this round of tariffs, so a key question is what other steps China might take,\" Mark Williams, chief China economist at research firm Capital Economics, wrote in a note.\nBeijing's 'very difficult' decision\nAnalysts have suggested that after Beijing runs out of US goods to target, it could go after major American companies that do business in China, such as Apple and Boeing. China has a track record of such behavior, including making life difficult for South Korean firms because of a political dispute last year with South Korea's government over a US missile defense system. \nSome US companies operating in China have already reported increased hurdles, including delays at customs and more inspections by regulators, according to a recent survey by two American chambers of commerce based in the country.\nBut uncertainty remains over whether Chinese leaders will aggressively pursue that approach on wider scale \u2014 by encouraging consumer boycotts of US brands or disrupting supply chains.\nThe escalating waves of tariffs have prompted international companies to talk about shifting business out of China to avoid the extra taxes. By hounding American companies that have brought investment and jobs to the Chinese economy, Beijing risks making the country even less appealing for foreign firms.\n\"They don't want to add to the incentive of American companies to be looking at investing elsewhere and to source products elsewhere,\" said Timothy Stratford, a managing partner at law firm Covington & Burling in Beijing. \"It's a very difficult policy decision on China's part to find just the right touch to do this.\"\n\"They are going to try to show they will stand up to the US and not just be pushed around, but I don't think they want to be seen as escalating things,\" Stratford said Tuesday during a panel discussion at a conference of business and political leaders in the Chinese city of Tianjin.\nUncertainty over trade talks\nBefore the latest round of tariff announcements, China and the United had been preparing to hold a new round of talks this month. It's unclear whether those will now take place.\nA Chinese Foreign Ministry spokesman said Tuesday that Trump's latest tariff salvo \"has brought uncertainty\" to the planned negotiations, but he stopped short of saying that Beijing was pulling out.\n\"The Chinese side has repeatedly emphasized that the only correct way to solve the trade dispute between China and the United States is through talk and consultation on the basis of equity, integrity and mutual respect,\" spokesman Geng Shuang said at a regular news briefing. \"But what the US side has done doesn't show sincerity or goodwill.\"\nAhead of Trump's tariff announcement late Monday, top White House economic adviser Larry Kudlow said the United States was still willing to continue its dialogue with China.\n\"We stand ready to negotiate with China anytime, if they are willing to engage in serious talks,\" Kudlow said at the Economic Club of New York.\nSeveral previous rounds of talks between the two sides failed to achieve any breakthroughs. Analysts are skeptical China will be willing or able to do enough to satisfy the Trump administration on some of its key concerns, including Chinese efforts to get hold of US technology and Beijing's ambitious industrial policies.\n\"The principal objective of the tariffs is probably not to bring Beijing to the bargaining table,\" Arthur Kroeber, a senior analyst at research firm Gavekal said in a note Tuesday. \"Rather, it is to force US multinational companies to pull back their investments in China, so that the interdependence of the two rival economies is reduced.\"\n\"Against this aim,\" he added, \"no possible offer by China can cause the tariffs to be lifted.\"", "date": "September 19, 2018 ", "href": "https://edition.cnn.com/2018/09/18/politics/china-us-tariffs/", "tags": "happens escalation next- trade us-china war", "title": "After 'major escalation' in US-China trade war, what happens next-"}