{"title": "'Frozen woman' mannequin fools Hudson, New York police", "content": "Police in the US state of New York broke into a vehicle to rescue an apparently frozen woman, only to find it was a mannequin, local media report.\nA caller described as \"upset\" called police on Friday morning to report a woman \"frozen to death\" in a parked car in the city of Hudson.\nOfficers found a seat-belted figure wearing an oxygen mask sitting motionless in the passenger seat.\nThe mannequin's owner said he used it as a medical training aid.\nPolice said the car was covered in snow, suggesting it had been left overnight in temperatures of about -13C.\nThe mannequin was extremely realistic, with real clothing, glasses, shoes, teeth and skin blemishes, they added.\nPersimmon drying season in a Chinese village\nChampion surfs beneath Northern Lights\nThey later tracked down the owner, who complained about the police action.\n\"It is my understanding that the owner was incredulous that we took action in this matter,\" police chief L Edward Moore said in a statement. \n\"He apparently was quite vocal and vulgar to my sergeant.\"\nChief Moore had this message for mannequin owners.\n\"Just to clear the record, all citizens of Hudson should be put on notice that if you park your locked vehicle on the street on a sub-zero night with a life-size realistic mannequin seated in it... we will break your window.\"", "date": "17 December 2016", "href": "https://www.bbc.com/news/world-us-canada-38350806", "tags": "broke apparently mannequin fools york frozen new woman hudson police realistic"}