{"title": "'Incredible response' to open letter on domestic abuse", "content": "A Police Scotland Twitter account has had millions of interactions after officers tweeted an \"open letter\" to an unnamed young woman believed to be at risk of abuse.\nThe series of tweets began with the message: \"A letter to a young woman in Skye. We know you follow this account and want you to see this.\"\nAnother tweet said the woman's friends and family believed she was in danger.\nA later post revealed the messages were intended for anyone at risk.\nOfficers encouraged the unnamed woman to tell police if she was a victim of domestic abuse.\nSince the posts on Saturday, the Lochaber&SkyePolice account has had more than two million interactions.\nOfficers have tweeted: \"Incredible response to our message that's been seen locally and across the world. All feedback really is appreciated.  \n\"Male or female,  if you are suffering there is help out there. #NoExcuse for #DomesticAbuse.\"\nThe chief executive of Scottish Women's Aid, Marsha Scott, said she thought the tweets were a \"great, creative use of social media\".", "date": "22 November 2017", "href": "https://www.bbc.co.uk/news/uk-scotland-highlands-islands-42079449", "tags": "interactions open response abuse domestic unnamed letter"}