{"title": "'Late Night' Writer Expertly Dissects Megyn Kelly's Racist Blackface Comments", "content": "Amber Ruffin, a writer on \u201cLate Night with Seth Meyers,\u201d explained just why NBC host Megyn Kelly\u2019s defense of using blackface in Halloween costumes is racist.\n\u201cIt turns black people into a costume and divorces them from their humanity,\u201d said Ruffin on Tuesday\u2019s show. \u201cWe\u2019re people, not costumes.\u201d\nRuffin noted that Kelly\u2019s widely criticized comments to her all-white panel on \u201cMegyn Kelly Today\u201d earlier Tuesday ignored \u201cthe severely racist context in which blackface was introduced into this country\u201d and that \u201cactions don\u2019t exist separate to their context.\u201d\nKelly has apologized\u00a0for her remarks. But Ruffin said she \u201cwouldn\u2019t have had to do that if she had invited a black person into the conversation in the first place.\u201d\n\u201cFor someone with a morning show Megyn Kelly, you sure are late as hell,\u201d she added.\nCheck out the clip above.", "date": "\n10/24/2018", "href": "https://www.huffpost.com/entry/amber-ruffin-megyn-kelly-blackface-comments_n_5bd0420ce4b0d38b587e20f8", "tags": "amber dissects writer expertly megyn racist comments ruffin meyers kelly seth night blackface"}