{"title": "'Late Night' Writer Shreds 'Roseanne'- It's Better Than Ever At Being Racist", "content": "Comedian Amber Ruffin called out the rebooted sitcom \u201cRoseanne\u201d on Thursday\u2019s broadcast of \u201cLate Night with Seth Meyers\u201d\u00a0for being \u201cbetter than ever at being racist.\u201d\nRuffin dissected last week\u2019s \u201ctired-ass episode\u201d in which Roseanne Barr\u2019s\u00a0Donald Trump-supporting character Roseanne Conner suspected her new Muslim neighbors of being terrorists\u00a0\u2015 right up until they loaned her their WiFi password. Conner later saved the mom of the Muslim family from a racist grocery store cashier, proving she was no longer prejudiced.\n\u201cNow, let me tell you one of the bajillion reasons why this episode was poison,\u201d said Ruffin.\nBarr defended the episode:\n\u00a0Check out the full clip above.", "date": "\n05/18/2018", "href": "https://www.huffpost.com/entry/roseanne-racist-episode-amber-ruffin_n_5afe7c17e4b0463cdba06052", "tags": "amber ever writer rebooted racist sitcom better ruffin meyers conner roseanne shreds seth night"}