{"title": "'Maleficent 2' features Angelina Jolie vs. Michelle Pfeiffer ", "content": " (CNN)\"Maleficent: Mistress of Evil\" we have been waiting on you.\nDisney has released the teaser trailer for the sequel to the 2014 film loosely based on the villainess from \"Sleeping Beauty.\"\nAngelina Jolie's Maleficent looks to be locking horns with Queen Ingrith, played by Michelle Pfeiffer, this time around.\n\nJudging by one scene in the teaser, Queen Ingrith and King John (played by Robert Lindsay) are not on Maleficent's good side. \n\nElle Fanning reprises her role as Aurora, the formerly cursed princess and Maleficent's goddaughter and the Queen of the Moors. \n\"'Maleficent: Mistress of Evil' is a fantasy adventure that picks up several years after 'Maleficent,' in which audiences learned of the events that hardened the heart of Disney's most notorious villain and drove her to curse a baby Princess Aurora,\" a statement accompanying the teaser trailer reads. \"The film continues to explore the complex relationship between the horned fairy and the soon to be Queen as they form new alliances and face new adversaries in their struggle to protect the moors and the magical creatures that reside within.\"\n\"Maleficent: Mistress of Evil\" flies into theaters October 18.", "date": "May 15, 2019 ", "href": "https://edition.cnn.com/2019/05/15/entertainment/maleficent-2-trailer/index.html", "tags": "trailer features teaser evil waiting pfeiffer princess maleficent loosely jolie vs. angelina michelle mistress moors aurora ingrith sequel"}