{"title": "'Miller High Life' delivery guy Windell Middlebrooks dies", "content": "Story highlightsWindell D. Middlebrooks was best known for playing the Miller High Life delivery manHe also had recurring roles on \"Body of Proof,\" \"Scrubs,\" \"It's Always Sunny in Philadelphia\"\n (CNN)Windell D. Middlebrooks, the actor best known as the straight-talking Miller High Life delivery man, died Monday morning, his agent told CNN.\nMiddlebrooks' family also posted a statement on his Facebook page Tuesday confirming the 36-year-old's death. No cause of death was provided.\n\n\"The Middlebrooks, with sorrowed hearts, announce the passing of a young, black star. Windell took his final bow and with great joy exited stage left in the early morning of March 9th, 2015,\" the statement read.\n\"It was Windell's biggest wish that his final scene not be lived on social media. Further details will be forthcoming once the family members plans have been finalized. At this time we have no further information for the press and ask that space is given to his family and friends in their time of mourning.\"\n\nMiddlebrooks also had recurring roles on \"Body of Proof,\" \"Scrubs\" and \"It's Always Sunny in Philadelphia.\"\nFans shared condolences on social media. Miller High Life also honored his memory with a message on Twitter.\nPeople we've lost in 2015", "date": "March 11, 2015 ", "href": "https://edition.cnn.com/2015/03/10/entertainment/feat-windell-middlebrooks-miller-high-life-dies/index.html", "tags": "middlebrooks scrubs sunny delivery recurring dies windell high proof guy d. life"}