{"title": "'Roseanne' Reboot Snags More Viewers Than 1997 Season Finale", "content": "\u201cRoseanne\u201d is loud, proud and raking in the ratings.\nThe revival of the 1990s series has given ABC a boost, netting 18.2 million viewers in its one-hour premiere on Tuesday,\u00a0according to E! Online.\nThe original iteration of \u201cRoseanne\u201d was a ratings smash too, ranking in the top four in Nielsen ratings during its first six seasons. But it tanked in the last season, with the 1997 series finale, \u201cInto That Good Night,\u201d\u00a0bringing in only 16.6 million viewers. Obviously, the key for the new show will be to repeat its opening night success over the next seven installments.\u00a0\nMany on Twitter celebrated the show\u2019s return and the high numbers it received:\nBut many others were not happy about the show\u2019s return:\nJust FYI: The new \u201cRoseanne\u201d ignores the original show\u2019s last season \u2015 so the family didn\u2019t win the lottery and Dan is still alive.\nThe show also snagged a 5.1 rating in the highly desirable 18-49 demographic.\u00a0Tuesday night\u2019s episode was the \u201chighest-rated regularly-scheduled scripted show of the last few seasons,\u201d according to The Hollywood Reporter.", "date": "\n03/28/2018", "href": "https://www.huffpost.com/entry/roseanne-reboot-ratings_n_5abbbf36e4b03e2a5c787995", "tags": "loud viewers ratings season roseanne snags reboot finale seasons"}