{"title": "'The Daily Show' Reminds People How Not To Be Racist This Halloween", "content": "\u201cThe Daily Show\u201d is here with your annual reminder that blackface is a really stupid and racist way to mark Halloween.\nCorrespondent Roy Wood Jr. dressed as a vampire to explain how the concept of white people applying black makeup to mark the spooky occasion (even if they aren\u2019t intending to be offensive)\u00a0is still completely wrong.\n\u201cEvery year, somehow, there are people who put on costumes that are about 200 years too late,\u201d he said on Thursday\u2019s broadcast.\nBlackface and minstrel shows were \u201cso problematic\u201d because they were \u201crooted in a very painful past,\u201d Wood Jr. explained.\nEric Lott, professor of English and American studies at City University of New York, noted how it emanated from the \u201chistory and politics of slavery\u201d and white supremacy.\n\u201cBlackface is like smoking on an airplane. It used to be acceptable a long time ago but now we know it hurts people around us,\u201d Wood Jr. concluded. \u201cThat\u2019s why when it comes to blackface, your intentions don\u2019t matter.\u201d\nCheck out the full segment above.", "date": "\n10/28/2017", "href": "https://www.huffpost.com/entry/daily-show-roy-wood-jr-racist-halloween-costumes_n_59f43f1ce4b03cd20b81d07a", "tags": "wood racist reminder roy show stupid reminds people halloween daily dressed blackface correspondent"}