{"title": "'This Is Not Islam'- #NotInMyName Campaign Revived After Paris Attacks", "content": "\"Whoever kills an innocent person, it is as though he has killed all of mankind,\" tweeted London-based journalist Shehnaz Khan on Friday, quoting the Quran. Khan also included two hashtag with that messages: #TerrorismHasNoReligion and #NotInMyName.\nFollowing the wave of terror attacks that killed more than 130 people in Paris last week,\u00a0many Muslims and others around the world have revived the hashtag #NotInMyName to take a stand against the Islamic State and the extremism they preach.\nISIS has\u00a0claimed responsibility\u00a0for the coordinated attacks.\nThe hashtag #NotInMyName first gained prominence last September when the Active Change Foundation, a London-based organization that works to combat violence and extremism among youth, launched a campaign showing young British Muslims challenging ISIS.\nThis week, the foundation reiterated its message with a series of strongly-worded tweets.\nThough hashtags like #MessageToISIS and #NotInMyName have been praised by many as a way to unify a horrified world, such messages have also been met with criticism.\nLast September, for instance, the hashtag #MuslimApologies\u00a0began trending at the same time as #NotInMyName. It was posted by social media users who argued that such messages were reductive or unnecessary, and could further propagate stereotypes. In recent days, #MuslimApologies has also experienced a revival on Twitter.\u00a0\u00a0\n\u00a0Also on HuffPost:", "date": "\n11/16/2015", "href": "https://www.huffpost.com/entry/notinmyname-paris-attacks_n_56494ef7e4b045bf3defbf7a", "tags": "london-based whoever paris extremism campaign attacks revived notinmyname muslimapologies hashtag"}