{"title": "10 Quotes That Capture The Horror And Complexity Of Paris Attacks", "content": "A series of coordinated terrorist attacks that left at least 129 dead and 99 critically injured in Paris on Friday night has sparked mass outrage, angst and grief. The attacks have also led to questions about the way in which countries, individuals and religions are confronting threats posed by religious extremism.\nBelow are 10 quotes from the attacks and its aftermath that underscore the horror of the event and the complex challenges faced in its wake.\nTHE MOMENT\n-- Fr\u00e9d\u00e9ric Nowak, via The Guardian\n--\u00a0Julien Pearce, via CNN\n--\u00a0@notkerouac, who attended the France-Germany soccer match on Friday night, outside of which an explosion took place\u00a0\nTHE POLITICS\n-- Ian Bremmer, via Facebook\n--\u00a0Nader Atassi, via Facebook\n-- @alexmalloyy, via Twitter", "date": "\n11/14/2015", "href": "https://www.huffpost.com/entry/quotes-paris-attacks_n_5647a95ce4b08cda34891e13", "tags": "quotes horror coordinated grief paris sparked critically complexity attacks outrage angst capture"}