{"title": "10 Things You're Not Doing -But Should- To Help The Ocean", "content": "This story is part of a series on ocean plastics.\nPlastics are overwhelming our oceans and landfills. Every year, an estimated 19 billion pounds of plastic garbage end up in the sea. In the U.S. alone, approximately 56 billion pounds of plastic are dumped annually in landfills.\nWorryingly, it remains unknown exactly how all these plastics \u2015 which don\u2019t biodegrade and could linger in the environment for centuries \u2015 could impact human health and the world around us.\u00a0But here\u2019s a heartening truth: We can all do something to mitigate this growing plastics crisis. Yes,\u00a0all.\u00a0From entrepreneurs and corporations who need to rethink the way plastic products are designed and manufactured; to lawmakers who can push for the protection of fragile environments from plastic pollution; to individuals (that means you) whose seemingly small daily actions can add up to something huge,\u00a0we all have a role to play.\u00a0\n\u201cThe one thing I\u2019ve learned in doing my research is that population density is a huge driver of ocean pollution, so especially in places with high population densities, our individual choices really do matter,\u201d said Jenna Jambeck, an environmental engineer and plastics expert. \u201cThings that may seem mundane, like using a reusable bottle or a reusable bag \u2014 when taken collectively, these choices really do make a difference.\u201d \nHere\u2019s what you can do right now to reduce your personal plastic footprint:", "date": "\n05/12/2017", "href": "https://www.huffpost.com/entry/tips-to-save-plastic_n_590c1a02e4b0104c734db229", "tags": "pounds choices things should- reusable landfills -but help ocean"}