{"title": "11 Big Accomplishments Black Activists Achieved In 2015", "content": "2015 was a hugely significant year for black America. \nThe movement to make sure black lives matter gained momentum as activists took to streets, campuses and presidential forums everywhere to address racial inequality head-on. They spoke out against everything from police killings and everyday, casual forms of racism to the dangerous reality of America\u2019s deep-rooted racial issues.\nBlack activists accomplished so much this year and reached new levels of success. They not only fought for what they believed in -- they inspired others, enacted change and ultimately, had their voices validated.\u00a0Here are 11 big accomplishments black activists achieved this year that we would like to think helped to make our world a better place:\n\u00a0\nAlso on HuffPost:", "date": "\n12/22/2015", "href": "https://www.huffpost.com/entry/11-big-accomplishments-black-activists-achieved-in-2015_n_567996bae4b0b958f6583320", "tags": "momentum accomplishments activists hugely achieved gained forums black everywhere big sure"}