{"title": "12 Russian Intelligence Officers Indicted In Mueller Investigation", "content": "WASHINGTON \u2015 A grand jury convened by special counsel Robert Mueller indicted 12 Russian intelligence officials in connection with the hack of a DNC server during the 2016 election.\nAll 12 of the defendants were connected to GRU, a Russian Federation intelligence agency within the Russian military.\nDefendants registered the domain \u201cDCLeaks.com\u201d and falsely claimed to be \u201cAmerican hacktivists.\u201d They used Facebook and Twitter to promote the website.\nDeputy Attorney General Rod Rosenstein, who oversees the Mueller probe, said he briefed President Donald Trump, who is set to meet with Vladimir Putin, about the indictment earlier this week. Trump has regularly undermined the Mueller investigation and dismissed Russian interference in the 2016 election.\n\u201cWhen we confront foreign interference in American elections, it is important for us to avoid thinking politically as Republicans or Democrats and instead to think patriotically as Americans. Our response must not depend on who was victimized,\u201d Rosenstein said at a press conference on Friday.\nThis has been updated.\nRyan Reilly is HuffPost\u2019s senior justice reporter covering the Justice Department, federal law enforcement, criminal justice and legal affairs. Have a tip? Reach him at\u00a0ryan.reilly@huffpost.com\u00a0or on Signal at 202-527-9261.", "date": "\n07/13/2018", "href": "https://www.huffpost.com/entry/russian-officers-indicted-mueller-investigation_n_5b48c550e4b0bc69a786c871", "tags": "investigation convened mueller officers indicted intelligence russian"}