{"title": "15-Year-Old Airlifted To Dallas Hospital After High School Shooting", "content": "A 16-year-old boy shot a 15-year-old girl in a Texas high school cafeteria Monday, officials said.\nThe shooting took place at Italy High School, roughly 40 miles south of Dallas, a spokeswoman for the Ellis County Sheriff\u2019s Office told HuffPost. Both teens were students at the school.\nThe unidentified 16-year-old allegedly \u201cengaged the victim,\u201d fired several shots from a semi-automatic .380 handgun and then fled. He was later arrested without incident.\n\u201cI saw him take out the gun and shoot the girl. After he shot her twice, he tried to shoot the guy she was with. He just went out the back door,\u201d Italy High School sophomore Edgar Rodriguez told CBS-DFW.\nThe victim was airlifted to a Dallas hospital, and her condition isn\u2019t yet known. An investigation is ongoing.\nStudents were moved \u201cunder guard\u201d to the high school\u2019s gymnasium, also known as \u201cthe dome,\u201d she confirmed. Nearby Stafford Elementary School was also on lockdown as staff prepared to release students once police gave the all-clear,\u00a0local ABC affiliate WFAA reported.", "date": "\n01/22/2018", "href": "https://www.huffpost.com/entry/italy-texas-school-shooting_n_5a65f869e4b002283004c901", "tags": "hospital dallas high cafeteria school shoot airlifted shooting"}