{"title": "18 Real Things Donald Trump Has Actually Said About Women", "content": "Donald Trump claims to \u201ccherish\u201d\u00a0women, but his actions \u2015 and words \u2015 suggest otherwise.\u00a0\nFox News\u2019 Megyn Kelly called him out on his sexist behavior\u00a0during the GOP debate on August 6, reminding him:\u00a0\u201cYou have called women you don\u2019t like \u2018fat pigs\u2019, \u2018dogs\u2019, \u2018slobs\u2019, and \u2018disgusting animals.\u201d\u00a0\n\u00a0Trump laughed off the question, claiming he doesn\u2019t \u201chave the time for total political correctness.\u201d Later, Trump called Kelly a \u201cbimbo\u201d\u00a0and said that he\u00a0\u201cdidn\u2019t recognize\u201d\u00a0the remarks she was referencing.\u00a0\nWell, we recognize them.\u00a0\nTrump has consistently insulted, belittled, sexualized\u00a0and stereotyped women. He has also taken the time to personally insult individual notable women like Sarah Jessica Parker, Rosie O\u2019Donnell, Cher, Bette Midler, and others.\u00a0\n\u00a0Here are 18 of the most outrageous things Trump has said about women:", "date": "\n08/19/2015", "href": "https://www.huffpost.com/entry/18-real-things-donald-trump-has-said-about-women_n_55d356a8e4b07addcb442023", "tags": "things otherwise trump said recognize actually suggest women cherish donald real"}