{"title": "2019 European elections: List of candidates for Wales", "content": "Elections for the European Parliament will be held on 23 May 2019. Voters will choose 73 MEPs in 12 multi-member regional constituencies. Each region has a different number of MEPs based on its population. \n4 MEPs will be elected to represent Wales. MEPs are elected by proportional representation, in order as listed by their party. The number of MEPs each party gets is calculated using a formula called d'Hondt, except in Northern Ireland, where the Single Transferable Vote (STV) system is used.\nBack to introduction\nCandidates shown in party list order\nJon Owen Jones \nJune Davies \nMatthew Paul\nSally Stephenson \nDan Boucher\nCraig Lawton\nFay Jones\nTomos Davies \nAnthony Slaughter \nIan Chandler \nCeri Davies \nDuncan Rees \nJackie Jones \nMatthew Dorrance\nMary Wimbury \nMark Whitcutt \nSam Bennett\nDonna Lalek \nAlistair Cameron\nAndrew Parkhurst \nJill Evans \nCarmen Smith\nPatrick McGuinness\nIoan Bellin \nNathan Gill \nJames Wells\nGethin James \nJulie Price \nKris Hicks \nKeith Edwards\nTom Harrison \nRobert McNeil-Wilson", "date": "28 April 2019", "href": "https://www.bbc.co.uk/news/uk-wales-politics-48081668", "tags": "davies elections list european candidates matthew wales"}