{"title": "2019 European elections: List of candidates for the North East", "content": "Elections for the European Parliament will be held on 23 May 2019. Voters will choose 73 MEPs in 12 multi-member regional constituencies. Each region has a different number of MEPs based on its population. \n3 MEPs will be elected to represent the North East. MEPs are elected by proportional representation, in order as listed by their party. The number of MEPs each party gets is calculated using a formula called d'Hondt, except in Northern Ireland, where the Single Transferable Vote (STV) system is used.\nBack to introduction\nCandidates shown in party list order\nFrances Weetman \nPenny Hawley\nKathryn Heywood \nRichard Lawrie \nChris J Galley \nDuncan Crute \nRachel Featherstone\nJonathan Elmer \nDawn Furness\nJude Kirton-Darling \nPaul Brannen \nClare Penny-Evans\nFiona Halleast\nJulie Porksen \nAidan King\nBrian Monteith\nJohn Tennant \nRichard Monaghan\nRichard Elvin\nChris Gallacher\nAlan Breeze ", "date": "28 April 2019", "href": "https://www.bbc.co.uk/news/uk-politics-48081351", "tags": "elections north list european candidates east"}