{"title": "2019 European elections: List of candidates for the North West", "content": "Elections for the European Parliament will be held on 23 May 2019. Voters will choose 73 MEPs in 12 multi-member regional constituencies. Each region has a different number of MEPs based on its population. \n8 MEPs will be elected to represent the North West. MEPs are elected by proportional representation, in order as listed by their party. The number of MEPs each party gets is calculated using a formula called d'Hondt, except in Northern Ireland, where the Single Transferable Vote (STV) system is used.\nBack to introduction\nCandidates shown in party list order\nAndrea Cooper \nDan Price \nArun Banerji \nMichael Taylor \nPhilippa Olive \nVictoria Desmond \nAndrew Graystone \nElisabeth Knight \nSajjad Karim \nKevin Beaty \nJane Howard \nArnold Saunders \nWendy Maisey \nThomas Lord \nAnthony Pickles \nAttika Choudhary \nStephen Morris\nValerie Morris\nGina Dowding \nWendy Olsen \nJessica Northey \nGeraldine Coggins \nRosie Mills \nAstrid Johnson \nDaniel Jerrome \nJames Booth \nTheresa Griffin \nJulie Ward \nWajid Khan \nErica Lewis \nDavid Brennan \nClaire Cozler \nSaf Ismail \nYvonne Tennant \nChris Davies \nJane Brophy \nHelen Foster-Grime \nAnna Fryer \nSam Al-Hamdani \nRebecca Forrest \nJohn Studholme \nFrederick Van Mierlo \nClaire Fox \nHenrik Overgaard Nielsen \nDavid Bull \nGary Harvey \nAjay Jagota \nElizabeth Babade \nSally Bate \nJohn Kelly \nSophie Larroque \nAdam Richardson \nJeff Armstrong \nFiona Mills \nNathan Ryding \nMichael Felse \nBen Fryer \nJohn Booker \nAlexander Craig \nMohmmad Aslam\nTommy Robinson", "date": "28 April 2019", "href": "https://www.bbc.co.uk/news/uk-politics-48081445", "tags": "mills claire elections north fryer list west morris jane european candidates wendy"}