{"title": "2019 European elections: List of candidates for Yorkshire and the Humber", "content": "Elections for the European Parliament will be held on 23 May 2019. Voters will choose 73 MEPs in 12 multi-member regional constituencies. Each region has a different number of MEPs based on its population. \n6 MEPs will be elected to represent Yorkshire and the Humber. MEPs are elected by proportional representation, in order as listed by their party. The number of MEPs each party gets is calculated using a formula called d'Hondt, except in Northern Ireland, where the Single Transferable Vote (STV) system is used.\nBack to introduction\nCandidates shown in party list order\nDiana Wallis \nJuliet Lodge \nSophia Bow\nJoshua Malkin \nRos McMullen\nSteve Wilson \nJohn Procter \nAmjad Bashir\nMichael Naughton\nAndrew Lee \nMatthew Freckleton\nSue Pascoe \nDavid Allen\nTony Allen \nJoanne Allen\nFiona Allen \nMagid Magid \nAlison Teal \nAndrew Cooper \nLouise Houghton \nLars Kramm \nAnn Forsaith\nRichard Corbett \nEloise Todd \nMohammed Khan \nJayne Allport \nMartin Mayer\nAlison Hume \nShaffaq Mohammed\nRosina Robson\nJames Blanchard\nSophie Thornton \nJames Baker\nRuth Coleman-Taylor \nJohn Longworth \nLucy Harris \nJake Pugh\nJames Heartfield \nAndrew Allison\nChristopher Barker\nChris Whitwood\nMike Jordan\nJack Carrington \nLaura Walker \nBob Buxton \nDan Cochran \nMike Hookem\nGary Shore\nJohn Hancock\nDavid Dews\nGraeme Waddicar\nClifford Parsons", "date": "28 April 2019", "href": "https://www.bbc.co.uk/news/uk-politics-48081687", "tags": "andrew elections list european candidates magid alison humber yorkshire"}