{"title": "2019 European elections: List of candidates for the South West", "content": "Elections for the European Parliament will be held on 23 May 2019. Voters will choose 73 MEPs in 12 multi-member regional constituencies. Each region has a different number of MEPs based on its population. \n6 MEPs will be elected to represent the South West. MEPs are elected by proportional representation, in order as listed by their party. The number of MEPs each party gets is calculated using a formula called d'Hondt, except in Northern Ireland, where the Single Transferable Vote (STV) system is used. \nBack to introduction\nCandidates shown in party list order\nRachel Johnson \nJim Godfrey \nOllie Middleton \nMatthew Hooberman \nLiz Sewell \nCrispin Hunt\nAshley Fox \nJames Mustoe \nFaye Purbrick \nClaire Hiscott \nJames Taghdissian \nEmmeline Owens \nJenny Knight \nMichael Blundell \nMolly Scott Cato \nCleo Lake \nCarla Denyer \nTom Scott \nMartin Dimery \nKaren La Borde \nClare Moody \nLord Andrew Adonis \nJayne Kirkham \nNeil Guild \nYvonne Atkinson \nSadik Al-Hassan \nCaroline Voaden \nMartin Horwood \nStephen Williams \nEleanor Rylance \nDavid Chalmers \nLuke Stagnetto \nAnn Widdecombe \nJames Glancy \nChristina Jordan \nAnn Tarr \nRoger Lane-Nott \nNicola Darke \nLawrence Webb \nCarl Benjamin \nTony McIntyre \nLester Taylor \nStephen Lee \nAlison Sheridan \nLarch Maxey\nMothiur Rahman\nNeville Seed", "date": "28 April 2019", "href": "https://www.bbc.co.uk/news/uk-politics-48081663", "tags": "south elections ann west list european candidates"}