{"title": "A Clear Timeline Of The Tamir Rice Shooting", "content": "When 12-year-old Tamir Rice was shot and killed by the Cleveland police late last year after officers responded to a 911 call that Rice was swinging a gun around, the world was shocked to find out that the weapon was actually a toy gun.  \nQuestions continue to swirl over the controversial case, but New York Times national correspondent Shaila Dewan clearly laid out the details of the case to HuffPost Live\u2019s Alyona Minkovski on Monday. \nDewan addressed multiple parts of Rice's case beginning with how he started playing with the toy gun in the first place -- which apparently his mother didn\u2019t condone \u2013- to the \u201ccalm\u201d tone the caller had when reporting Rice to the police, to any discrepancies in the cops' initial story when compared to what the video revealed. \nWatch the video above to get a detailed account of what happened in the Tamir Rice case.\nSign up here for Live Today, HuffPost Live's new morning email that will let you know the newsmakers, celebrities and politicians joining us that day and give you the best clips from the day before!", "date": "\n01/27/2015", "href": "https://www.huffpost.com/entry/timeline-of-tamir-rice-case_n_6556842", "tags": "clear dewan rice toy tamir timeline shooting"}