{"title": "Abigail Breslin Is Mad You're Mad She Hangs Out With Tiffany Trump", "content": "Abigail Breslin\u00a0will be friends with whomever she dang well pleases.\nThe \u201cScream Queens\u201d actress received a lot of hate on social media after posting a photo with Tiffany Trump, the 23-year-old daughter of President-elect Donald Trump\u00a0and Marla Maples.\u00a0\nFans slammed Breslin for hanging out with the president-elect\u2019s daughter.\n\u201cWhyyy feature the spawn of Satan in your photos!?\u201d one follower commented.\n\u201cOk I\u2019m not usually one to say anything but why is that scum rat in your life?\u201d added another.\nBreslin, 20, addressed the controversy in an Instagram post, calling the hateful comments\u00a0\u201chonestly disgusting.\u201d She clarified that while she did not vote for Donald Trump, she thinks Tiffany is a \u201cwonderful and kind person.\u201d\nBreslin also came for her commenters with a scornful series of tweets, reminding them not to judge someone by the actions of her parents.\nMessage received. Let Breslin and Trump hang out in peace.", "date": "\n01/19/2017", "href": "https://www.huffpost.com/entry/abigail-breslin-defends-tiffany-trump-from-haters_n_5880e73ee4b0e3a735676e43", "tags": "abigail whomever tiffany breslin dang mad queens hangs trump scream pleases"}