{"title": "Abkhazia profile - Media", "content": "Russian TV and Abkhazian state TV are the main sources of news. Major Russian stations are relayed in the territory. AGTRK is the state-owned radio and TV broadcaster. \nThere is little or no access to Georgian TV, other than by satellite. \nThe only private TV, Abaza TV, is licensed to cover the entire region.\nThe Abkhaz government publishes newspapers in Abkhaz and Russian. Several private and papers publish alongside official titles.\nRadio listeners can choose between Abkhazian, Russian, and Turkish stations.\nThe activities of the president and other leaders dominate the news on state media. Fear of retribution can mean that journalists self-censor. There is no significant questioning of Abkhazia's ties with Russia. Views toward Georgia are uniformly negative.\nInternet access is growing. Mobile operators Amobile and Aquafon are the leading providers of internet services. Several Abkhaz bloggers use Russian platform LiveJournal.", "date": "27 August 2015", "href": "https://www.bbc.co.uk/news/world-europe-18175396", "tags": "media abkhazia abkhazian agtrk profile abkhaz relayed state-owned broadcaster"}