{"title": "Al Gore Torches Donald Trump- He 'Is Now The Face Of Climate Denial' Around The World", "content": "Former Vice President Al Gore thinks President Donald Trump is now the global poster boy for denying climate change.\nThe environmentalist \u2015 who wrote and starred in the Oscar-winning 2006 documentary \u201cAn Inconvenient Truth\u201d \u2015 claimed on Wednesday\u2019s broadcast of \u201cThe Daily Show with Trevor Noah\u201d that Trump is now \u201cthe face\u201d and \u201cthe voice\u201d of climate denial.\nTrump has previously called climate change a Chinese\u00a0hoax and this week dismissed his own government\u2019s report that warned\u00a0of the dire implications of increasing temperatures in the U.S.\nGore claimed \u201cthe vast majority of Americans\u201d and people \u201call around the world\u201d had \u201chad it with the constant craziness\u201d and that the mobilization against climate change deniers was now \u201ca reaction to what Donald Trump is saying and doing.\u201d\u00a0\nCheck out the clip here:", "date": "\n11/29/2018", "href": "https://www.huffpost.com/entry/al-gore-donald-trump-climate-change-denial_n_5bff920fe4b0850623197377", "tags": "trump- denying torches face poster denial al thinks world climate around environmentalist donald gore"}