{"title": "Al Sharpton At Trayvon Martin Rally- 'We Are Tired Of Going To Jail For Nothing And Others Going Home For Something' -VIDEO-", "content": "MSNBC's Al Sharpton spoke at a rally for Trayvon Martin in Martin's hometown of Sanford, Florida on Thursday night.\nSharpton has been heavily involved in the unfolding story surrounding Martin's death for weeks, using both his television show and his broader activism to push the case. On Thursday, he devoted his entire show to Martin before going immediately to the rally.\nAt the protest, Sharpton was flanked by Martin's parents. \"Trayvon could have been any one of our sons,\" he said. \"Trayvon could have been any one of us.\"\nHe continued:\nSharpton said that he would stay on the case.\n\"We cannot allow a legal precedent to be established in this city that tells us it is legal for a man to kill us, tell any story he wants, and walks out with the murder weapon,\" he said.\nWatch part of his address above.", "date": "\n03/23/2012", "href": "https://www.huffpost.com/entry/al-sharpton-trayvon-martin-rally_n_1374975?ref=miami&ir=Miami", "tags": "rally- tired msnbc going nothing home jail martin others -video- hometown trayvon al something sharpton sanford"}