{"title": "Alexandria Ocasio-Cortez Shines Light On \u2018Sloppy\u2019 GOP Witnesses- \u2018It\u2019s Embarrassing\u2019", "content": "Rep. Alexandria Ocasio-Cortez (D-N.Y.) called out the GOP on Twitter Thursday for what she described as \u201cthe sheer mediocrity of witnesses\u201d it called forth during House committee hearings.\nOcasio-Cortez\u00a0sits on the House Committees on Financial Services and Oversight and Reform and is also a member of subcommittees on Environment and Civil Rights and Civil Liberties. She has endeavored to shine a light on how Washington works since her victory in the 2018 midterm elections, which was\u00a0documented in the new Netflix movie \u201cKnock Down The House.\u201d\u00a0\nIn February, Ocasio-Cortez\u00a0expressed her shock\u00a0at discovering that lobbyists pay people (some of whom are homeless) to wait in line for them outside committee hearings.", "date": "\n05/03/2019", "href": "https://www.huffpost.com/entry/alexandria-ocasio-cortez-republican-witnesses-hearings_n_5ccbdf08e4b0d1239550fc75", "tags": "forth sits ocasio-cortez shines gop alexandria sloppy sheer mediocrity witnesses- light embarrassing"}