{"title": "Alexandria Ocasio-Cortez Hits Fox News' Male Hosts With Question About Obsession", "content": "Rep. Alexandria Ocasio-Cortez (D-N.Y.) on Thursday laughed off the obsession that some Fox News personalities appear to have with her.\n\u201cI mean, it\u2019s weird,\u201d she told \u201cLate Night\u201d host Seth Meyers. \u201cWhy are so many grown men just obsessed with this 29-year-old?\u201d\n\u201cIt\u2019s really funny and the conspiracy theories are great,\u201d she added.\nFox News hosts, including Sean Hannity and Tucker Carlson, have repeatedly criticized the progressive lawmaker and her proposed Green New Deal.\nOn Thursday\u2019s broadcast of \u201cFox & Friends,\u201d former Arkansas Gov. Mike Huckabee (R)\u00a0hinted that Ocasio-Cortez could be a \u201cManchurian Candidate.\u201d\nOcasio-Cortez denied Huckabee\u2019s suggestion,\u00a0and recalled an incident on the House floor when she had to shut down a GOP representative who\u2019d repeated a questionable claim about her he\u2019d seen earlier on Fox News.\u00a0\nCheck out Ocasio-Cortez\u2019s comments about Fox News above, and her explainer on the Green New Deal below:", "date": "\n03/22/2019", "href": "https://www.huffpost.com/entry/alexandria-ocasio-cortez-seth-meyers-fox-news_n_5c948eefe4b057f733092ee6", "tags": "hits hosts ocasio-cortez fox news male appear alexandria obsession question huckabee weird laughed personalities"}