{"title": "Alexandria Ocasio-Cortez Mocks 'No Ideas' GOP With 'Game Of Thrones'-Themed Space Plan", "content": "Rep. Alexandria Ocasio-Cortez (D-N.Y.) on Thursday accused Republicans of constantly hating while suggesting \u201c0 real solutions\u201d for issues, including income inequality, health care, racial injustice and climate change.\n\u201cReally, the biggest, boldest idea (other than war) the GOP has proposed is A Wall,\u201d Ocasio-Cortez wrote on Twitter, referring to President Donald Trump\u2019s promised U.S.-Mexico border barrier.\n\u201cAt this rate they\u2019re gonna propose getting us to space w/trebuchets,\u201d Ocasio-Cortez added.\nA trebuchet is defined as \u201ca medieval military engine for hurling heavy missiles (such as rocks)\u201d \u2015 like the ones that feature in HBO\u2019s epic fantasy drama \u201cGame of Thrones.\u201d\n\nOcasio-Cortez tweeted her attack on the GOP following\u00a0her introduction of the so-called Loan Shark Prevention Act alongside Democratic presidential hopeful Sen. Bernie Sanders (I-Vt.).\nTheir proposed law, if passed, would cap credit card and consumer loan interest rates at 15%.\n\u201cThere is no reason a person should pay more than 15% interest in the United States,\u201d Ocasio-Cortez tweeted earlier in the day.\n\u201cIt\u2019s a debt trap for working people + it has to end,\u201d she added.", "date": "\n05/10/2019", "href": "https://www.huffpost.com/entry/alexandria-ocasio-cortez-republican-gop-lack-ideas_n_5cd52173e4b0796a95d94da8", "tags": "hating suggesting ocasio-cortez alexandria solutions plan ideas constantly gop mocks space"}