{"title": "Alexandria Ocasio-Cortez Breaks Down What 'Horrifying' Abortion Bans Are Really All About", "content": "Rep. Alexandria Ocasio-Cortez (D-N.Y.) joined the widespread and growing chorus of criticism of Alabama\u2019s strict new abortion law as she broke down what the effective banning of the procedure is really all about.\nThe lawmaker tweeted early Thursday that abortion bans \u201caren\u2019t just about controlling women\u2019s bodies.\u201d\n\u201cThey\u2019re about controlling women\u2019s sexuality. Owning women,\u201d she wrote. \u201cFrom limiting birth control to banning comprehensive sex ed, US religious fundamentalists are working hard to outlaw sex that falls outside their theology.\u201d\n\u201cUltimately, this is about women\u2019s power,\u201d Ocasio-Cortez added in a second tweet. She noted that \u201cwhen women are in control of their sexuality, it threatens a core element underpinning right-wing ideology: patriarchy.\u201d\n\u201cIt\u2019s a brutal form of oppression to seize control of the 1 essential thing a person should command: their own body,\u201d she added.\nAlabama Gov. Kay Ivey (R) signed the bill on Wednesday.\nIt effectively bans abortion in almost all cases, including rape and incest.\u00a0Doctors also face up to 99 years in prison for performing the procedure.\nDozens of celebrities have spoken out against the development.\nOcasio-Cortez on Wednesday described the law as \u201chorrifying\u201d in a tweet explaining just some of its consequences:", "date": "\n05/16/2019", "href": "https://www.huffpost.com/entry/alexandria-ocasio-cortez-abortion-law-alabama_n_5cdd0d9ce4b0b4728ba31daf", "tags": "bans really ocasio-cortez alexandria controlling banning abortion sexuality breaks"}