{"title": "Alexandria Ocasio-Cortez Reveals How Many F--ks She Gives After Colbert Asks", "content": "Rep. Alexandria Ocasio-Cortez\u00a0(D-N.Y.) DGAF about people who keep telling her to \u201cwait your turn.\u201d\n\u201cThe Late Show\u201d host Stephen Colbert on Monday asked the freshman lawmaker \u201con a scale of zero to some, how many fucks\u201d she gave about those (including Democrats) who insist she shouldn\u2019t\u00a0\u201cmake waves\u201d so soon after being sworn in.\nHere is how Ocasio-Cortez responded:\n\nShe also set the record straight about what her 70-percent marginal tax rate plan could really mean for the majority of voters.\nCheck out the clip here:\nOn Tuesday, Ocasio-Cortez criticized some headlines about the exchange that suggested she had simply stated \u201cI give zero fucks\u201d unprompted.\n\u201cI actually didn\u2019t say this, so while I know \u201cbrown women cursing\u201d drives clicks, maybe you accurately quote the whole exchange instead of manipulating people into thinking I said this sentence instead of just the word \u201c\u2018zero,\u2019\u201d she said in a Twitter thread.\nShe also accused misleading coverage of reinforcing \u201clazy tropes about women leaders,\u201d noting that women are often held up to harsher scrutiny than men.\nThis story has been updated with Ocasio-Cortez\u2019s tweets.", "date": "\n01/22/2019", "href": "https://www.huffpost.com/entry/alexandria-ocasio-cortez-stephen-colbert-zero_n_5c471158e4b0a8dbe174f171", "tags": "asks colbert ocasio-cortez dgaf reveals turn. telling -- fucks alexandria ks gives zero f many"}