{"title": "Alexandria Ocasio-Cortez Triumphs Over GOP Elephant In Comic Book Cover Debut", "content": "Rep. Alexandria Ocasio-Cortez (D-N.Y.) is officially a comic book superhero.\nThe congresswoman is the cover star of Devil\u2019s Due Comics\u2019 \u201cAlexandria Ocasio-Cortez and the Freshman Force: New Party, Who Dis?\u201d due out in May.\nIn one version of the cover, Ocasio-Cortez stands over an elephant, the animal emblem of the Republican Party, in a suffragist-honoring white pantsuit that resembles what she wore to President Donald Trump\u2019s State of the Union address earlier this month.\u00a0Another cover shows her in warrior attire.\nThe comic is a \u201ccollection of stories that all embrace the theme that we\u2019re excited about all of the energy and positive change this new crop of congresspersons is going to bring,\u201d creator Josh Blaylock told CNN. \u201cSome of the stories are really sweet; some are completely absurd and satirical; some are cathartic and venting.\u201d\nMore than 20 artists have been involved in the project.\nOcasio-Cortez has not endorsed the comic, according to the book\u2019s website, which also features a \u201cpresidential translation\u201d:\nPartial proceeds from the comic will be donated to military veterans charity United Service Organization and to Raices.org, which assists immigrant children, families and refugees.", "date": "\n02/26/2019", "href": "https://www.huffpost.com/entry/alexandria-ocasio-cortez-comic-book-superhero_n_5c752831e4b02efbde1e55b2", "tags": "triumphs elephant due cover comics freshman ocasio-cortez comic alexandria devil book congresswoman officially debut superhero gop"}