{"title": "Alexandria Ocasio-Cortez Ignored Paul Ryan's 'Little Tips' For Congress, And Twitter Loved It", "content": "Former House Speaker Paul Ryan\u2019s (R-Wis.) revelation that Rep. Alexandria Ocasio-Cortez\u00a0(D-N.Y.) ignored his \u201cfew little tips\u201d on how to be \u201ca good member of Congress\u201d has set Twitter alight.\nRyan said Tuesday during a\u00a0dinner in Janesville, Wisconsin, that he attempted to give the 29-year-old lawmaker some advice about how to act when arriving at Congress.\u00a0\n\u201cI talked to her, AOC, everybody calls her AOC. She\u2019s the youngest person now there and I gave her just a few little tips on just being a good member of Congress, new,\u201d explained Ryan, who was elected to the House when he was 28.\n\u201cI don\u2019t think she really listened to a thing I said,\u201d the former vice presidential candidate added with a laugh. He said he had advised Ocasio-Cortez to \u201ctake it easy, just watch things for a while, don\u2019t ruffle, you know, see how it works first.\u201d\u00a0\nOcasio-Cortez hasn\u2019t laid low as a representative \u2015 her first few months have included fighting for the Green New Deal\u00a0and grilling Michael Cohen during a Senate hearing. Ryan has left Congress and has\u00a0joined the board of directors of Fox Corporation.\nCheck out Ryan\u2019s comments from the 14-minute mark here:\nAnd check out some of the mocking reactions, including one from \u201cThe Late Show\u201d host Stephen Colbert and others who accused Ryan of \u201cmansplaining\u201d:", "date": "\n04/04/2019", "href": "https://www.huffpost.com/entry/paul-ryan-alexandria-ocasio-cortez-congress-advice_n_5ca5c98ee4b05acba4dc9699", "tags": "aoc ryan twitter ocasio-cortez alexandria r-wis. tips ignored paul revelation loved congress"}