{"title": "Anderson Cooper Conducts Brutal Fact Check On Donald Trump's Immigration Lies", "content": "CNN\u2019s Anderson Cooper tore into President Donald Trump for \u201cmaking stuff up\u201d during his address on immigration from the White House on Thursday.\n\u201cI mean, it could be funny if it was just some pundit on a Fox morning show making stuff up, but this is the president making stuff up,\u201d said the \u201cAnderson Cooper 360\u00b0\u201d host.\nCooper mocked Trump\u2019s claim about being \u201cpretty good at estimating crowd size\u201d with regards to guessing the number of people in the migrant caravan traveling through Mexico toward the U.S. border.\n\u201cOf all the claims for this president to make, do we really need to get into the whole crowd size thing with this president? I mean, do we?\u201d Cooper asked. \u201cJust google \u2018Trump inauguration crowd size\u2019 and let\u2019s just leave it there.\u201d\nCooper also shot down Trump\u2019s claims on asylum seekers\u2019 missing court dates, his fearmongering about the caravan being \u201can invasion,\u201d his suggestion that Middle-Eastern terrorists were amid the group, and his administration\u2019s progress on the U.S.-Mexico border wall.\n\u00a0Check out the clip here:", "date": "\n11/02/2018", "href": "https://www.huffpost.com/entry/anderson-cooper-donald-trump-fact-check-migrant-caravan_n_5bdc0032e4b01ffb1d00e5bc", "tags": "cooper immigration lies stuff conducts check trump tore brutal anderson donald fact"}