{"title": "Anderson Cooper Shreds Donald Trump's Latest Gaslighting Attempt With Genius Caption", "content": "\ufeffAnderson Cooper picked apart President Donald Trump\u2019s latest attempt to gaslight the American public on Thursday.\nThe host of CNN\u2019s \u201cAnderson Cooper 360\u00b0\u201d opened the show by saying Trump was \u201conce again telling you not to trust your own eyes and ears, not to believe what you see and hear, but to believe only him.\u201d\u00a0\nCooper explained how Trump\u00a0claimed that the heads of America\u2019s intelligence agencies had not contradicted him on multiple foreign policy points during a Senate Intelligence Committee hearing on Tuesday. But, Cooper pointed out \u2015 with the on-screen caption reading \u201cWe\u2019ll Leave The Gaslight On For You, Part 17\u201d \u2014 their comments were caught on camera.\n\u201cThis was not some secondhand reporting of whispers behind closed doors with anonymous sources. This was a Senate hearing. There was no misquoting, there was quoting. There was no taking things out of context, there was only what the intelligence chiefs said publicly.\u201d\nCheck out the clip here:", "date": "\n02/01/2019", "href": "https://www.huffpost.com/entry/cnn-anderson-cooper-donald-trump-gaslight_n_5c53f45ae4b01d3c1f1232bd", "tags": "cooper genius gaslight latest picked caption gaslighting apart attempt trump shreds anderson donald \ufeffanderson"}