{"title": "Anderson Cooper Crushes Rick Santorum's Claim About Trump's Crooked Associates", "content": "During an interview on \u201cAnderson Cooper 360\u00b0\u201d Tuesday night, Rick Santorum\u00a0denied that President Donald Trump had surrounded himself with criminals, but\u00a0Anderson Cooper wasn\u2019t having it.\nThe CNN host took the former GOP senator from Pennsylvania to task after he claimed it was \u201ca little bit too much\u201d to say Trump had \u201csurrounded himself with convicted criminals.\u201d\nEarlier in the day, Trump\u2019s former campaign manager Paul Manafort was convicted on eight charges, including five counts of tax fraud. Trump\u2019s former personal lawyer, Michael Cohen, also entered into a plea deal,\u00a0pleading guilty to bank fraud, tax fraud and campaign finance violations.\nSantorum said Cooper was \u201cmaking the assumption\u201d that Trump \u201cwould have known that they were doing criminal activity, which of course, he did not.\u201d To which Cooper replied, \u201cunless he was engaged in criminal activity and that\u2019s the reason he had so many around him \u2015 like his attorney.\u201d\nCheck out the exchange above.", "date": "\n08/22/2018", "href": "https://www.huffpost.com/entry/anderson-cooper-rick-santorum-donald-trump_n_5b7d0245e4b07295150e1501", "tags": "cooper claim crooked associates santorum trump surrounded rick activity anderson crushes"}