{"title": "Apple Removes Alex Jones and Infowars Podcasts From iTunes", "content": "Apple has removed Alex Jones and Infowars podcasts from its iTunes and Podcast apps, BuzzFeed reported Sunday night.\nJones, a conservative radio host and conspiracy theorist, has called the 2012 shootings at Sandy Hook Elementary School in Newtown, Connecticut, an elaborate hoax and is being sued for defamation by the parents of one of the 20 children who were killed in the attack. He has also been accused of engaging in hate speech.\nIn a statement to BuzzFeed, Apple explained why the podcasts were pulled:\nApple\u2019s move comes on the heels of actions taken by other sites to rein in Jones. Last week, Spotify removed some of Jones\u2019 Infowars podcasts, saying they contained hate speech. Last month, Facebook suspended Jones from posting on the social media website for 30 days, citing violations of its policies. And YouTube recently took down four videos from Jones\u2019 channel, saying they violated its policies on hate speech and child endangerment.\u00a0\nApple\u2019s decision to remove all of Alex Jones\u2019 podcasts is the broadest action taken against him online.\nReaction to the news ran from one extreme to the other:", "date": "\n08/06/2018", "href": "https://www.huffpost.com/entry/apple-removes-alex-jones-and-infowars-podcasts-from-itunes_n_5b67c30de4b0b15abaa49846", "tags": "apple itunes apps infowars removes podcasts buzzfeed alex jones podcast"}