{"title": "Astrophysicist Shoots Down Donald Trump's Bonkers 'Natural Instinct For Science' Boast", "content": "Astrophysicist Katherine J. Mack took President Donald Trump to task after he boasted about having a \u201cnatural instinct for science.\u201d\nTrump, who says global warming is a hoax and has worked to purge government scientists,\u00a0made the bizarre brag during an interview with The Associated Press on Wednesday. Mack, an assistant professor at North Carolina State University, shot down Trump\u2019s assertion with this tweet:\n\u201cThere is no \u2018natural instinct for science,\u2019\u201d she wrote. \u201cThis is not a thing.\u201d\nThere is \u201ccuriosity,\u201d \u201cexploration\u201d and \u201cthe desire to learn & grow & test one\u2019s naive notions against cold hard data,\u201d Mack pointed out. But \u201cbelieving in a \u2018natural instinct for science\u2019 is anathema to everything science is.\u201d\n\u201cThe Late Show\u201d host Stephen Colbert also hit Trump for the baseless claim:\nAs did James Corden on \u201cThe Late Late Show.\u201d\nCNN\u2019s Chris Cuomo had this to say:\nAnd naturally, people on Twitter chimed in:", "date": "\n10/18/2018", "href": "https://www.huffpost.com/entry/donald-trump-natural-instinct-science-shot-down_n_5bc867dbe4b055bc947dda78", "tags": "bonkers astrophysicist boast shoots mack trump task instinct science. donald katherine science boasted j."}