{"title": "Australian senator loses leadership role over China remarks", "content": "An Australian senator has been stripped of his senior duties after a recording revealed he had contradicted his party's policy on the South China Sea. \nSam Dastyari stood down on Thursday from his position as deputy Senate whip for the opposition Labor party.\nThe audio showed him making a detailed defence of Beijing's South China Sea policy in a press briefing last year.\nMr Dastyari had earlier played down his remarks as a spontaneous and \"mumbled\" response to a question.\nIn the recording published by Australian media outlets, Mr Dastyari is heard saying that Australia should not involve itself in \"several thousand years of history\".\n\"The Chinese integrity of its borders is a matter for China,\" he says.\nLabor leader Bill Shorten said Mr Dastyari had previously \"mischaracterised\" his comments. The party supports an international tribunal ruling against Beijing's claims to rights in the South China Sea.\nMr Shorten ordered Mr Dastyari to relinquish his leadership positions, which also included a role as a Senate committee chair. \nMr Dastyari told the Senate on Thursday: \"A recent audio recording shocked me, as it contradicted my recollection of events.\"\nLast year, Mr Dastyari resigned from a frontbench role after admitting to accepting payment from Chinese companies for travel and legal expenses. He was promoted to deputy whip in February.", "date": "30 November 2017", "href": "https://www.bbc.co.uk/news/world-australia-42175461", "tags": "leadership senator whip loses contradicted role dastyari remarks china australian"}