{"title": "Author Dinesh D'Souza- I'm Thankful America Survived 'Grown-Up Trayvon In The White House'", "content": "Conservative author Dinesh D'Souza said he's thankful America has survived having \"grown-up Trayvon [Martin] in the White House.\"\nD'Souza posted the following tweet on Tuesday:\nD'Souza, a former policy analyst under President Ronald Reagan, has been a vocal critic of President Barack Obama, co-directing a 2012 film called \"2016: Obama's America\" based on his own book,  \"The Roots of Obama's Rage.\"\nIn July 2013, Obama made an unexpected appearance to weigh in on the death of Trayvon Martin, an unarmed teen who was shot and killed while walking down the street in Sanford, Fla., in February 2012. Obama said he understood why people are so upset that George Zimmerman was found not guilty for killing Martin.\n\"When Trayvon Martin was first shot, I said that this could have been my son. Another way of saying that is, Trayvon Martin could have been me 35 years ago,\" Obama said.\nUPDATE -- 4:27 p.m.: D'Souza deleted the tweet Tuesday afternoon, but you can see a screenshot of the post below:\n", "date": "\n11/26/2013", "href": "https://www.huffpost.com/entry/dinesh-dsouza-trayvon-tweet_n_4345318", "tags": "thankful white author house trayvon dinesh survived america grown-up"}