{"title": "Autopsy Shows Police Shot Unarmed Man Stephon Clark 8 Times", "content": "Stephon Clark, the 22-year-old father of two who was unarmed when he was fatally shot by police in California earlier this month, was hit eight times, an independent autopsy shows.\nOn March 18, two Sacramento Police Department officers responded to reports of someone smashing car windows in Clark\u2019s neighborhood. At approximately 9:30 p.m.,\u00a0they opened fire on Clark outside his home, shooting at him 20 times.\nLawyers for Clark\u2019s family held a press conference Friday to announce the findings of a private autopsy.\nDr. Bennet Omalu, who conducted the three-hour autopsy, told reporters that Clark was struck eight times. Six of the bullets hit Clark directly in the back, with a seventh hitting him in the side of his back, Omalu said.\n\u201cYou could reasonably conclude that he received seven gunshot wounds from his back,\u201d Omalu said. An eighth bullet hit Clark in the arm.\nClark did not die immediately, Omalu said.\n\u201cDeath took three to 10 minutes,\u201d Omalu estimated. \u201cIt was not an instantaneous death.\u201d\nThe SPD said in a statement that it has not yet received an official autopsy report from the Sacramento County Coroner\u2019s Officer so could not comment.\nPolice said they fired 20 rounds as Clark advanced on them with an object in his hand.\nOn Thursday, hundreds of mourners gathered in California\u2019s capital to honor Clark. His funeral that morning was open to the public and notable figures, like Rev. Al Sharpton,\u00a0were present.", "date": "\n03/30/2018", "href": "https://www.huffpost.com/entry/autopsy-shows-stephon-clark-unarmed-was-shot-8-times-by-police_n_5abe4651e4b055e50acd11a4", "tags": "fatally stephon shows man omalu clark unarmed times shot police autopsy"}