{"title": "Barack Obama Appears To Zing Donald Trump With Twitter Followers Boast", "content": "Former President Barack Obama appeared to throw subtle shade at President Donald Trump for having fewer Twitter followers than himself during a forum in India on Friday.\nIn a conversation with journalist Karan Thapar at the Hindustan Times Leadership Summit in New Delhi, Obama boasted on stage about having \u201c100 million Twitter followers\u201d.\n\u201cI actually have more than other people who use it more often,\u201d he added, prompting laughter from the audience who interpreted it as a ding against Trump.\u00a0(For the record, Obama actually has 97.4 million followers. Trump has 43.8 million).\n\u201cI think it\u2019s important to be mindful about both the power of these tools and also its limits and to understand it can be used for both good or for ill,\u201d Obama added, during a more general discussion on technology.\nObama later issued this advice for people using social media:\n\u201cThink before you speak, think before you tweet, same principle,\u201d he added.\nThe full interview is below, with Obama\u2019s Twitter comments at the 34:30 mark.", "date": "\n12/02/2017", "href": "https://www.huffpost.com/entry/barack-obama-donald-trump-india-twitter_n_5a2258a6e4b0a02abe9157d6", "tags": "zing barack twitter fewer shade trump followers obama boast donald appears throw subtle"}