{"title": "Barbra Streisand- 'Liar Is Not Enough Of A Word' To Describe Donald Trump", "content": "Barbra Streisand is done with Donald Trump\u2019s lies.\nThe famed singer and actress called out the president\u2019s untruths in an interview with British newspaper The Guardian published Friday.\n\u201cFacts matter,\u201d said Streisand, 76, whose latest song \u201cDon\u2019t Lie To Me\u201d is a not-so-subtle evisceration of Trump \u2014 as are many of the tracks from her new album \u201cWalls.\u201d\n\u201cWords have meaning. This man defies that,\u201d Streisand added. \u201cHe says climate change is a hoax. Let\u2019s release more coal and carbon into the air and have more mega-fires and hurricanes. I mean he\u2019s so stupid! He\u2019s so ill-informed. Liar is not enough of a word. There must be a bigger word for someone who lies about everything.\u201d\nStreisand called Trump a \u201cconman\u201d with \u201cno manners\u201d who doesn\u2019t \u201csee his own flaws.\u201d\nCheck out Streisand\u2019s full interview in The Guardian here.", "date": "\n10/26/2018", "href": "https://www.huffpost.com/entry/barbra-streisand-donald-trump-liar_n_5bd2e564e4b0d38b58822e44", "tags": "streisand enough word streisand- untruths famed guardian trump donald barbra describe"}