{"title": "Barbra Streisand Has One Question For The Media About Covering Donald Trump", "content": "Barbra Streisand was back bashing President Donald Trump on Friday\u2019s broadcast of \u201cReal Time with Bill Maher.\u201d\nBut the singer and actress, whose new album \u201cWalls\u201d is a blistering critique of the Trump era, also delivered a rebuke of the media for its coverage of the president.\n\u201cI have one question, though. Why do we allow the media to keep showing him on TV?\u201d Streisand asked host Maher. \u201cWhy are we covering his rallies? He\u2019s had 71 rallies.\u201d\nMaher said it was because \u201cthere\u2019s money in it.\u201d\n\u201cThe media used to be a loss leader; they didn\u2019t care if covering the news made money. And now it has to report to the stockroom like everybody else,\u201d he said.\nStreisand replied: \u201cThat\u2019s so sad to me. Don\u2019t cover him.\u201d\nCheck out the clip here:", "date": "\n11/03/2018", "href": "https://www.huffpost.com/entry/barbra-streisand-bill-maher-donald-trump_n_5bdd5bbee4b04367a87cca76", "tags": "streisand media one maher. bashing maher trump question covering donald barbra"}