{"title": "Battle Of Winterfell Gets Brightened And 'Game Of Thrones' Is Not The Same", "content": "Frustrated by the dimly lit Battle of Winterfell on Sunday\u2019s episode of \u201cGame of Thrones\u201d?\nYou are not alone.\nSo, on Tuesday, late-night TV host Conan O\u2019Brien provided a public service (of sorts) by asking his editors to brighten the nighttime scene.\nThe resulting (spoof) video was \u201ckind of surprising,\u201d O\u2019Brien admitted.\nActually, it was rather Monty Python-esque ...\u00a0\nCheck out the comedy clip here:\nAs for the actual \u201cThrones\u201d battle, the show\u2019s cinematographer Fabien Wagner has rejected criticism that it was too dark.\n\u201cA lot of the problem is that a lot of people don\u2019t know how to tune their TVs properly,\u201d Wagner told Wired. \u201cA lot of people also, unfortunately, watch it on small iPads, which in no way can do justice to a show like that anyway.\u201d", "date": "\n05/01/2019", "href": "https://www.huffpost.com/entry/game-of-thrones-dark-battle-winterfell-scene-lightened-conan_n_5cc967d2e4b0e4d7572bd525", "tags": "brien alone lit frustrated gets battle brightened late-night winterfell wagner thrones dimly"}