{"title": "BBC Presenter Dry Heaves Recalling What 'Creepy' Donald Trump Once Told Her", "content": "A BBC presenter pretended to be sick after recalling what President Donald Trump once told her shortly before an interview.\n\u201cHe was creepy, man,\u201d Steph McGovern said on Friday\u2019s broadcast of topical panel show \u201cHave I Got News For You.\u201d\nMcGovern, 36, said Trump told her ahead of their 2012 sit-down\u00a0that he would \u201cleave the room\u201d to \u201cmake myself look better\u201d because she was \u201cso beautiful.\u201d\n\u201cBecause if we do this interview now, everyone is just going to be staring at you and not listening to me,\u201d Trump added, per McGovern.\nShe then did this:\nMcGovern thought Trump was trying to \u201cdisarm\u201d her with his comment.\n\u201cBecause he thought, as a female journalist, that was the best thing to say to me rather than: \u2018Oh, I watched your piece on mobile phone insurance last week,\u2019\u201d she joked.\nMcGovern reportedly responded to the then-reality TV personality: \u201cAye love, I\u2019ve heard better lines than that down Club Bongo.\u201d", "date": "\n10/27/2018", "href": "https://www.huffpost.com/entry/donald-trump-bbc-journalist-steph-mcgovern_n_5bd44537e4b055bc948c4195", "tags": "creepy pretended presenter shortly steph dry bbc recalling sick trump mcgovern heaves told donald"}