{"title": "Belarus profile - Media", "content": "Belarus has been heavily criticised by rights bodies for suppressing free speech, muzzling the press and denying the opposition access to state media.\nReporters Without Borders (RSF) ranked Belarus 155th out of 180 countries in its 2018 World Press Freedom Index.\nFreedom House says the government exercises almost total control over mainstream media and that the media law \"secures a state monopoly over information about political, social, and economic affairs\".\nTV is the main news source. The nine national channels are state-controlled. Their main competitors are Russian networks. Most Russian bulletins are not rebroadcast live, allowing censors to remove content.\nBelsat, a Polish-funded satellite TV station, has struggled to obtain official registration with the Belarus authorities.\nNewspapers owned by the state vastly outnumber those in private hands. Private titles include embattled pro-opposition paper Narodnaya Volya.\nThere were around 6.7 million internet users at the end of 2017 (InternetWorldStats).\nThe internet is the fastest developing and freest medium, but lags behind TV in terms of reach. The web is used by the opposition to make its voice heard. \nThe government has expressed a clear intention to control the internet and has introduced legislation to this end. Opposition websites have been subject to filtering.\nVKontakte is the most popular social network, followed by Russia's Odnoklassniki and Facebook. ", "date": "3 October 2018", "href": "https://www.bbc.co.uk/news/world-europe-17941331", "tags": "media profile heavily suppressing criticised belarus"}