{"title": "Beto O'Rourke Fundraising Triples Ted Cruz's In Texas Senate Race", "content": "Cruz\u2019s campaign said it raised a total of more than $12 million in the quarter.\u00a0O\u2019Rourke raised about half that amount online alone during the last several days of September.\nO\u2019Rourke\u2019s fundraising in the second quarter also dwarfed Cruz\u2019s effort, $10.4 million to $4.6 million, according to the Texas Tribune.\nO\u2019Rourke\u2019s campaign has a two-day goal of \u201cknocking 102,733 doors and making 102,733 phone calls\u201d this weekend, according to the Daily Beast.\nCORRECTION: An earlier version of this piece said that Sen. Krueger was elected to office and that he left the Senate in 1994. In fact, he was appointed by Gov. Ann Richards as an interim senator after the resignation of Lloyd Bentsen in 1993 and lost a special election later that same year.", "date": "\n10/12/2018", "href": "https://www.huffpost.com/entry/beto-orourke-raises-381-million-in-third-quarter-triple-what-ted-cruz-raised_n_5bc0a461e4b0bd9ed5597d92", "tags": "alone senate ted cruz beto rourke fundraising triples texas race"}