{"title": "Betsy DeVos\u2019 \u2018Painful and Awkward\u2019 Ignoring Of Reporter Sets Anderson Cooper Off", "content": "CNN\u2019s Anderson Cooper\u00a0poked fun Thursday at Education Secretary Betsy DeVos over her \u201cepic non-response\u201d to a reporter asking her questions about her proposal to cut money for the Special Olympics.\nThe host of \u201cAnderson Cooper 360\u00b0\u201d explained how, ahead of President Donald Trump\u2019s (not-strictly-true) claim that he\u2019d protected federal money for the organization, CNN\u2019s Ryan Nobles had grilled DeVos as she waited for an elevator.\nCooper rolled the footage and summarized: \u201cOh my God, that was so painful and awkward.\u201d\u00a0\n\u201cThat was something,\u201d he added. \u201cLet\u2019s keep that on hold for later use and just bring it up every now and then.\u201d\nCheck out the clip here:", "date": "\n03/29/2019", "href": "https://www.huffpost.com/entry/anderson-cooper-betsy-devos-special-olympics_n_5c9db9e1e4b0bc0daca59976", "tags": "cooper non-response epic betsy ignoring devos painful asking anderson poked awkward sets reporter"}