{"title": "Bette Midler Taunts Donald Trump For Claiming Democrats Will Turn Violent After Midterms", "content": "Bette Midler zinged President Donald Trump\u00a0on Thursday after he warned of\u00a0\u201cviolence\u201d should Democrats wrestle control of the House of Representatives from the GOP in the upcoming November midterm elections.\nEarlier this week, Trump reportedly told evangelical Christian leaders\u00a0that Democrats would \u201coverturn everything that we\u2019ve done, and they\u2019ll do it quickly and violently, and violently. There\u2019s violence. When you look at antifa and you look at some of these groups \u2014 these are violent people.\u201d\nThe Broadway star responded to this claim on Twitter:\nMidler,\u00a0who has just completed a run\u00a0of performances in the Broadway musical \u201cHello, Dolly!\u201d took similar aim at Trump earlier this week\u00a0over the way he responded to the death of Sen. John McCain\u00a0(R-Ariz.).\nMidler has previously called out Trump over all manner of issues, from the bizarre comments he makes at political rallies to his administration\u2019s rollback of environmental regulations:", "date": "\n08/31/2018", "href": "https://www.huffpost.com/entry/bette-midler-donald-trump-twitter-zing_n_5b88f9a6e4b0511db3d6c1ea", "tags": "bette zinged wrestle taunts midler claiming violent trump violently broadway midterms donald turn democrats"}