{"title": "Beyonce, Taylor Swift And Other Celebrities Send Prayers To Paris", "content": "The deadly attacks in Paris on Friday left the world saddened, angry and confused. More than 120 people\u00a0died and an outpouring of grief went out to the people of\u00a0France\u00a0on social media.\nBeyonce, Taylor Swift\u00a0and\u00a0Demi Lovato were among the celebrities who expressed sympathy on Instagram, posting their reactions and prompting their followers to #PrayForParis.\u00a0\nOther celebs including Katy Perry, Amy Schumer\u00a0and Harry Styles posted on Twitter. Mark Ruffalo's touching tweet seems to perfectly sum up how everyone's feeling, while Schumer's simple, \"All my love to Paris,\" couldn't really be said any better.\nTV personalities got involved, too. Notably, Jimmy Fallon's \"Tonight Show\"\u00a0canceled its customary live tweet of the broadcast and Bill Maher just called for terrorism to be unacceptable.\n#PrayForParis.\nAlso on HuffPost:", "date": "\n11/14/2015", "href": "https://www.huffpost.com/entry/beyonce-taylor-swift-and-celebs-send-prayers-to-paris_n_56473dafe4b06037734932b1", "tags": "taylor outpouring paris deadly grief prayforparis celebrities confused swift send prayers saddened beyonce angry"}