{"title": "Bill O'Reilly Announces Vacation Amid Reports He Could Get Booted From Fox", "content": "Fox News host Bill O\u2019Reilly announced Tuesday night that he\u2019s taking a vacation \u2015 and, according to at least one report, he may not be back.\u00a0\nNew York magazine cites four sources as saying the host of \u201cThe O\u2019Reilly Factor\u201d could lose his job as the company that owns the network investigates sexual harassment allegations.\u00a0\nO\u2019Reilly denies the accusations.\u00a0\n\u201cThe assumption is that he\u2019ll exit in a non-embarrassing way,\u201d a senior Fox News staffer was quoted as saying.\u00a0\nThe magazine said Rupert Murdoch and his two sons, James and Lachlan, are divided on what to do with O\u2019Reilly:\nHowever, a Fox News spokesperson told CNN that O\u2019Reilly will return:\u00a0\nThe New York Times reported last week that the network and O\u2019Reilly have paid out $13 million over the years to settle five claims of sexual harassment and inappropriate behavior.\nWhile\u00a0ratings for \u201cThe O\u2019Reilly Factor\u201d have increased\u00a0since the report,\u00a0several dozen advertisers have dropped the show.\u00a0\nO\u2019Reilly said his vacation had been planned since last fall.\u00a0\n\u201cWe all need R&R,\u201d he said, according to Variety.\u00a0\u201cPut it to good use.\u201d", "date": "\n04/12/2017", "href": "https://www.huffpost.com/entry/bill-oreilly-vacation-fox-news_n_58ed861ce4b0c89f91228c52", "tags": "bill fox get vacation reports amid booted announces could factor"}