{"title": "Bill Maher Torches Donald Trump\u2019s Caravan Fearmongering- \u2018Like A Racist Paul Revere\u2019", "content": "President Donald Trump\u2019s fearmongering about\u00a0the migrant caravan traveling through Mexico drew Bill Maher\u2019s ire on Friday night.\nThe \u201cReal Time\u201d host lamented how \u201cevery day it gets worse\u201d ahead of Tuesday\u2019s midterm elections.\n\u201cTrump is like a racist Paul Revere. \u2018The migrants are coming! The migrants are coming!\u2019\u201d he quipped. \u201cHe keeps calling it an invasion. Yes, an invasion of strollers.\u201d\nMaher also bashed Fox News over its coverage of the thousands of refugees fleeing violence and poverty. The group is currently around 800 miles from the U.S. border.\nThe conservative network \u201ctreats this like it\u2019s the zombie apocalypse. But zombies eat brains, why would they be heading toward America?\u201d he joked.\nCheck out the clip here:", "date": "\n11/03/2018", "href": "https://www.huffpost.com/entry/bill-maher-donald-trump-migrant-caravan_n_5bdd3cd4e4b09d43e31f176f", "tags": "invasion torches bill drew racist maher trump revere paul ire traveling caravan fearmongering- like donald fearmongering"}