{"title": "Bill Maher Confronts 'Dear Friend' Roseanne Barr Over Donald Trump Support", "content": "Bill Maher issued a heartfelt message to his \u201cdear friend\u201d actress Roseanne Barr about her support of President Donald Trump on Friday\u2019s \u201cReal Time.\u201d\n\u201cLike it or not you are now the face of the Trump supporter because you really do speak for a certain kind of American who knows they\u2019re being screwed by someone, they just don\u2019t know who,\u201d said Maher. \u201cBut here\u2019s what you\u2019re missing about Trump, when he says he\u2019s \u2018looking out for the little guy,\u2019 he\u2019s talking about his dick.\u201d\nThe comedian reminded Barr of her socialist roots. \u201cYou\u2019re not Archie Bunker, you\u2019re Bernie Sanders,\u201d he stated.\nMaher said he was confused with Barr\u2019s character Roseanne Conner coming back as a Trump-supporting Republican in the \u201cRoseanne\u201d reboot, and he likened it to \u201cWill & Grace\u201d returning with Will as a straight man.\nHe did offer Barr a get-out, however.\n\u201cSo, here\u2019s the deal. I get that you were mad as hell and wanted to throw a monkey wrench into the whole works, and I won\u2019t judge that,\u201d Maher said. \u201cBut if in the next six months you don\u2019t see Trump\u2019s magic starting to work for you, if you\u2019re still trading pills and driving an Uber, wouldn\u2019t the more realistic plot line for season two be your disillusionment with Donald Trump?\u201d\nCheck out the clip above.", "date": "\n04/28/2018", "href": "https://www.huffpost.com/entry/bill-maher-roseanne-barr-donald-trump_n_5ae418d0e4b055fd7fcbff6d", "tags": "time. bill heartfelt support dear maher confronts friend trump roseanne barr donald"}