{"title": "Bill Maher- America Must 'Start Penalizing Liars' Like Donald Trump", "content": "Bill Maher is calling time on liars.\nOn Friday\u2019s broadcast of \u201cReal Time,\u201d the comedian said people, including President Donald Trump,\u00a0should be held more accountable for their lies.\nSpeaking about Trump\u2019s \u201cvery disturbing\u201d Thursday interview with \u201cFox & Friends,\u201d Maher said the president had broken \u201chis own record for lying within a sentence.\u201d \u201cI swear to God, he was talking about CNN, and he said, \u2018I don\u2019t watch it at all. I watched it last night,\u2019\u201d he said.\nPeople had \u201cnormalized\u201d Trump\u2019s lies, Maher added, before claiming \u201cthe most important thing we have to do in America right now, is start penalizing liars.\u201d\n\u201c[Former President Barack]\u00a0Obama should sue Trump for saying that he wiretapped him,\u201d said Maher. \u201cI\u2019m just saying that I don\u2019t think we can leave this in the court of public opinion anymore. That\u2019s what the liars want.\u201d\nCheck out the clip above.", "date": "\n04/28/2018", "href": "https://www.huffpost.com/entry/bill-maher-liar-donald-trump-penalized_n_5ae41367e4b055fd7fcbfe5d", "tags": "liars penalizing must bill maher maher- trump like donald america"}