{"title": "Bill Maher- Donald Trump's Wall Emergency Is Part Of Slow-Moving Right-Wing Coup", "content": "Bill Maher began Friday\u2019s broadcast of \u201cReal Time\u201d with a blistering dissection of President Donald Trump\u2019s Rose Garden declaration of a national emergency to pay for a wall on the U.S.-Mexico border.\n\u201cHe did it, fucko did it today,\u201d said Maher, who described Trump\u2019s address as \u201cjust completely crackers.\u201d\n\u201cI know I\u2019ve said that before, but this was just one long, baseless, incoherent, stream of consciousness, call-the-nursing-home rant,\u201d he added.\nMaher later repeated his theory, which he previously made in the days before the 2016 election, about how a slow-moving right-wing coup is taking over the country. This is \u201cdemocracy-hanging-by-a-thread kind of stuff,\u201d he added.\nCheck out the clip here:", "date": "\n02/16/2019", "href": "https://www.huffpost.com/entry/bill-maher-donald-trump-national-emergency_n_5c67be31e4b05c889d1f808f", "tags": "bill wall emergency garden blistering maher maher- part trump right-wing dissection donald coup slow-moving"}