{"title": "Bill English becomes New Zealand Prime Minister", "content": " (CNN)Bill English has been sworn in as the next Prime Minister of New Zealand.\nEnglish was elected as the leader of the National Party, replacing former Prime Minister John Key. \nKey unexpectedly resigned on December 5 after leading his party for 10 years and the country for eight. \n\n\"I am both excited and humbled by this opportunity,\" English said in a statement. \"As Prime Minister, I will be committed to building a New Zealand which rewards hard work and enterprise and which cares for our most vulnerable.\"\nEnglish previously led the National Party to its worst-ever electoral defeat in the 2002 election. He has served as deputy prime minister and finance minister. \n\nPaula Bennett has been appointed deputy leader. She has most recently served as minister for climate change, social housing and state services. \nKey won three terms as prime minister but said the time had come to step down to spend more time with his family.\n\"Ten years at the top is a long time,\" he said, as he announced his shock resignation. \"A lot of leaders stay at the top too long.\"\nHe said that his adult children had faced \"an extraordinary level of intrusion and pressure because of their father's job.\"\nKey and his wife Bronagh have been married since 1984. They have two children, model and DJ Max, and Stephanie, an art student.", "date": "December 12, 2016 ", "href": "https://edition.cnn.com/2016/12/11/asia/bill-english-new-zealand/index.html", "tags": "zealand bill prime sworn minister english new becomes"}