{"title": "Boeing hits sales record -- and says 2019 will be even better", "content": "New York (CNN Business)Boeing had its best year ever in 2018, and it expects this year to be even better. \nThe airplane maker posted sales of more than $100 billion for the first time in its 102-year history because of increases in commercial and military jet deliveries. \nBoeing, the nation's leading exporter, was not slowed by concerns about trade disputes.\n\nSales rose 8% to $101 billion and topped forecasts. The company said it expects 2019 sales to come in between $109.5 and $111.5 billion. \nThe company delivered a record 806 commercial jets in the year, up nearly 6% from a year earlier. That lifted revenue in the unit by 5%, and income from commercial jets by 45%. \nSales in its defense, space and security business rose 13% for the year. But that unit reported lower income and thinner profit margins.\nStill, strong earnings from commercial jets allowed fourth quarter income to far exceed Wall Street forecasts. Companywide full-year operating income rose 20% to $10.7 billion. And the company said it also expects higher income this year.\nShares of Boeing (BA), one of the best performers on the Dow so far this year, shot up 6% in early trading Wednesday on the report. Shares had already been up 14% for the year.", "date": "January 30, 2019 ", "href": "https://edition.cnn.com/2019/01/30/business/boeing-earnings/index.html", "tags": "expects sales -- record boeing even better forecasts hits says"}