{"title": "Borat Dupes Donald Trump Supporters- 'I'm A Racist- It Is Nice-'", "content": "Borat Sagdiyev is back!\nBritish comedian Sacha Baron Cohen jumped back into character as the bumbling Kazakh journalist on Tuesday night\u2019s midterm election special broadcast of \u201cJimmy Kimmel Live!\u201d\nBorat went door to door in an unidentified Los Angeles neighborhood in a bid to drum up support for President Donald Trump and the GOP.\n\u201cRussia interfere with the presidential election,\u201d he said. \u201cBut now, all eyes are on them. So, it\u2019s up to Kazakhstan to swing the midterms for Premier Trump. I come to California to do election tampering.\u201d\nIn the process, he found out what some Trump supporters\u00a0really thought of the administration\u2019s border family separation policy, the \u201cfake news\u201d media and racism.\n\nCohen made headlines earlier this year with his Showtime series \u201cWho Is America,\u201d in which he donned disguises to dupe controversial political figures.\nCheck out the clip above.", "date": "\n11/07/2018", "href": "https://www.huffpost.com/entry/borat-jimmy-kimmel-donald-trump_n_5be29cbfe4b0e84388917a67", "tags": "supporters- sagdiyev jumped bumbling nice- baron trump racist- donald dupes sacha kazakh borat"}