{"title": "Britain's National Health Service Expertly Shut Down A Racist Twitter Troll", "content": "The British National Health Service has no time for racist Twitter trolls.\nIts official blood service account on Friday expertly destroyed a tweeter who posted a vile comment in response to an appeal for more black blood donors to help patients with sickle cell anemia.\nThe\u00a0@GiveBloodNHS\u00a0account issued its appeal back in June:\nThe inherited disease causes patients\u2019 red blood cells to alter shape in ways that block the flow of blood and oxygen. It\u00a0disproportionately\u00a0affects black people.\nFor some reason, Twitter user @lmGrunenWalde\u00a0took four months to come up with this sickening reply:\nThe tweet has since vanished following the suspension of the person\u2019s account.\nBut the @GiveBloodNHS account\u2019s fierce responses live on:\nThe National Health Service clapback went down well with other Twitter users and was going viral, with some people suggesting it inspired them to donate blood.", "date": "\n10/18/2017", "href": "https://www.huffpost.com/entry/nhs-racist-twitter-troll-black-blood-donors_n_59e73ec0e4b08f9f9edbce22", "tags": "service destroyed national tweeter twitter appeal racist trolls troll health givebloodnhs shut expertly britain"}