{"title": "Buzz Aldrin: Space Force is 'one giant leap in the right direction'", "content": " (CNN)He was there when man first landed on the moon in 1969 and on Friday, Buzz Aldrin endorsed a new galactic effort -- the Trump administration's Space Force.\n\"One giant leap in the right direction. #SpaceForce,\" the retired astronaut tweeted, quoting a message from Vice President Mike Pence about the initiative.\nPence calls for creation of Space Force by 2020\nOn Thursday, Pence called for the establishment of a Space Force by 2020 and noted the Department of Defense would be taking to steps to reform the military's approach to space. The announcement comes after President Donald Trump said in June that he was directing \"the Pentagon to immediately begin the process necessary to establish a Space Force as the sixth branch of the armed forces.\" The establishment of the new military service would require congressional approval. \n\nAlthough Aldrin praised the proposed program, at least one another retired astronaut panned it as unnecessary. \n\"I don't think it's necessary,\" Scott Kelly told CNN's Brooke Baldwin on \"CNN Newsroom with Brooke Baldwin\" Thursday. \"Space is an environment that we're supposed to work together peacefully in.\"\n\"The only person you hear promoting this is the President, so it'd be nice to get a little more of a buy-in from the experts and it doesn't seem like we have that,\" he added.", "date": "August 10, 2018 ", "href": "https://edition.cnn.com/2018/08/10/politics/buzz-aldrin-space-force-tweet/index.html", "tags": "force necessary aldrin right giant brooke direction buzz establishment leap space baldwin"}