{"title": "Cannabis and vaping more popular than smoking among US teens", "content": "US teenagers are using marijuana and vaporisers more than they smoke cigarettes, a government study shows.\nSome 15% of high school students said they had used marijuana within the previous 30 days, found the report for the National Institute on Drug Abuse.\nAnd 12.1% of students said they had used a vaping device. But only 5% had smoked cigarettes.\nOne in 10 high school seniors said he or she had vaped marijuana at least once in the past year. \n\"It's much higher than I expected,\" said Richard Miech, the University of Michigan researcher who led the study, of the cannabis vaping figure.\nThe findings suggest cannabis use is up about 1% overall among teenagers. \nNearly a quarter of students said they had vaped, smoked or eaten marijuana in the previous year. \nOne in 17 high school seniors said he or she had used marijuana every day.\nDr Nora Volkow, director of the National Institute on Drug Abuse, said: \"These are teens that are supposed to be learning at school. \n\"When you're stoned, you can't learn much.\"\nSome students surveyed said they used vaporisers to smoke nicotine or flavouring, instead of marijuana.\nThe study suggests this as a possible reason why daily cigarette smoking among 17 and 18-year-old students was down to 4.2% this year from a recorded high of 24.6% in 1997.\nSome 43,703 students aged between 13 and 18 years old in public and private high schools were questioned for the study.", "date": "14 December 2017", "href": "https://www.bbc.co.uk/news/world-us-canada-42358149", "tags": "among vaporisers teens popular cannabis smoked smoking us vaping smoke teenagers cigarettes"}