{"title": "Carol City Students Stage 'Walk Out' In Support Of Trayvon Martin -WATCH-", "content": "View more videos at: http://nbcmiami.com.\nThursday at 12:30 p.m., hundreds of Carol City High students walked out in support of their former classmate Trayvon Martin, who attended the school as a freshman and sophomore, reports CBS Miami.\nMartin, 17,  was shot by George Zimmerman, a neighborhood watchman in Sanford, Florida, on February 26. Zimmerman is claiming self defense for killing the unarmed teen and has not been arrested.\nCarol City students marched Thursday and chanted \u201cNo justice. No peace and justice for Trayvon,\u201d according to the Miami Herald.\n\"We decided to do this earlier, around 11, because, you know, we want justice for Trayvon. We were in the cafeteria, and everybody was talking about walking out of school after first lunch,\" one student told Local10.\nThe march was organized on Facebook, reports NBC Miami, and although school officials approved an on-campus demonstration, they did not give the students permission to leave school grounds. \nThe students walked for blocks with Miami Gardens Police escorts and wound up at Betty T. Ferguson Recreation Complex.  Miami-Dade Schools spokesman John Schuster told CBS Miami that buses were sent to bring the kids back to school.\nSchuster told NBC Miami that Martin's mother, Sybrina Fulton, had called Carol City's principal and told him to tell the kids not to do \"this sort of thing.\"\nFollow our reporting on the story on our Trayvon Martin news page.", "date": "\n03/22/2012", "href": "https://www.huffpost.com/entry/carol-city-student-stage_n_1373439?ref=miami+", "tags": "-watch- stage http martin support trayvon city walked schuster zimmerman students carol"}