{"title": "Celebrity Week In Review- Olivia's Pregnancy News, Julianne's Halloween Controversy And More", "content": "Halloween hit Hollywood this week as the stars showed off their best costumes.\nParis Hilton dressed as Miley Cyrus, Miley dressed as Lil Kim and Ellen DeGeneres dressed as Nicki Minaj. \nBut one person whose costume didn't impress was Julianne Hough's. The 25-year-old actress came under fire after she stepped out in blackface makeup, dressed as \"Crazy Eyes\" -- a character played by African-American actress Uzo Aduba -- from \"Orange Is The New Black. Hough apologized for her decision after news outlets criticized her choice of costume, saying, \"I am a huge fan of the show 'Orange is the New black,' actress Uzo Aduba, and the character she has created. It certainly was never my intention to be disrespectful or demeaning to anyone in any way. I realize my costume hurt and offended people and I truly apologize.\"\nIn other news, Olivia Wilde and Jason Sudeikis announced that they are expecting their first child together. Wilde took to Twitter to thank fans, writing: \nAlso this week, the music world suffered a tremendous loss after news of Lou Reed's death surfaced on Sunday (Oct. 27). The legendary musician died at 71 in Southampton, N.Y., of an ailment related to his recent liver transplant. To celebrate his achievements, friends and fellow celebrities tweeted out condolences and shared their favorite Reed tunes with their followers. \nSee the best photos of the week below:", "date": "\n11/02/2013", "href": "https://www.huffpost.com/entry/celebrity-week-in-review-olivia-julianne_n_4184015", "tags": "costume review- olivia wilde controversy uzo news week julianne aduba halloween celebrity dressed pregnancy miley reed hough"}