{"title": "Celebrities Followed By Ivanka Trump On Instagram Send Her A Scathing Message", "content": "Ivanka Trump will receive a scathing surprise when she scrolls through her Instagram feed this week.\nComedian\u00a0Amy Schumer, model\u00a0Alexa Chung,\u00a0filmmaker\u00a0Paola Mendoza\u00a0and many others followed by President Donald Trump\u2019s daughter and senior adviser posted this note on the social media site in protest of the White House\u2019s family border separation policy:\nMendoza, who co-founded the campaign, said Trump should take action \u201cotherwise her words are as false as her father\u2019s.\u201d\n\u201cThe separation of families is a tragedy\u00a0that Ivanka participated in and we will not stop shining the light of truth on her no matter how much she wants to hide from it,\u201d she told Bustle.\nCelebrities launched a similar \u201cDear Ivanka\u201d campaign via Instagram last Thanksgiving when they urged her to\u00a0protect young undocumented immigrants.", "date": "\n08/08/2018", "href": "https://www.huffpost.com/entry/dear-ivanka-trump-instagram-amy-schumer_n_5b6a93e3e4b0b15abaa85af2", "tags": "chung ivanka scathing followed scrolls surprise mendoza celebrities trump separation send amy alexa instagram message feed"}