{"title": "Chanel ends use of exotic skins in its fashion range", "content": "Chanel has become the first luxury fashion house in the world to stop using exotic animal skins, like snake, crocodile, lizard and stingray.\nThe company's head of fashion, Bruno Pavlovsky, said it had become harder to source such pelts ethically. \nHe also included fur in the list, of which Chanel uses little.\nAlthough Chanel's designer Karl Lagerfeld insisted the move was made independently, animals rights groups hailed the decision.\nPeta said in an Instagram post \"2018 is THE YEAR for designers coming out of the stone age\".\nMr Lagerfeld and Mr Pavlovsky spoke to industry publication Women's Wear Daily about the decision.\n\"We did it because it's in the air, but it's not an air people imposed to us,\" Mr Lagerfeld said, although he noted \"there was not much fur\" in Chanel's work to begin with. \nPython skin bags were reportedly taken down from the Chanel site on Tuesday, but Mr Pavlovsky said it would take a while for existing products to leave their shops. \nThe company would now focus developing leather and other material from \"agri-food\" industries, he said. \nOther luxury brands have also stopped using fur but campaigners hope they will follow Chanel in abandoning exotic skins.", "date": "4 December 2018", "href": "https://www.bbc.com/news/world-europe-46449396", "tags": "fur range chanel ends fashion luxury pavlovsky skins lagerfeld exotic use"}