{"title": "Charlottesville Declares State Of Emergency Ahead Of White Supremacist Rally Anniversary", "content": "RICHMOND, Va. (AP) \u2014 Virginia Gov. Ralph Northam and the city of Charlottesville have proactively declared a state of emergency ahead of the one-year anniversary of a violent white nationalist rally in Virginia that left a woman dead and dozens of others injured.\nOfficials said Wednesday the declaration would streamline state and local operations this weekend while also allocating $2 million in state funds. The declaration authorizes the Virginia National Guard to assist in security efforts.\nLaw enforcement officials say there will be a heavy police presence meant to deter any violence.\nOnly one organizer of last summer\u2019s rally seems intent on publicly marking the anniversary. Jason Kessler has vowed to press ahead with plans for an Aug. 12 rally in Washington, D.C., after Charlottesville denied him a permit.", "date": "\n08/08/2018", "href": "https://www.huffpost.com/entry/charlottesville-state-of-emergency_n_5b6b4701e4b0ae32af94d7d5", "tags": "rally state white ralph one-year emergency anniversary richmond va. northam supremacist proactively declares charlottesville ahead"}