{"title": "China's second quarter growth beats expectations at 6.9%", "content": "China's economy grew at an annual rate of 6.9% between April and June according to official figures, slightly higher than forecast.\nThe growth rate, which compares expansion with the same three months in the previous year, was the same as in the first quarter of 2017. \nBeijing is trying to rein in debt and a housing bubble with tough measures on the property sector and lenders. \nMany analysts expected China's economy to slow as those policies kicked in. \nBut the latest data is well above Beijing's 6.5% growth target for 2017.\nDespite efforts to slow down the housing market, property investment grew by 8.5% in the first half, which is up from the same period in 2016. \nSome analysts are predicting that tighter lending rules may not have the cooling effect that many expected. \n\"Property prices will have an impact in the second half, but the impact might not be as big as we thought. It is only on prime cities. The third-tier and fourth-tier cities might catch up a little bit and that will offset some of the slowdown in first tier cities,\" said Iris Pang, Greater China Economist with ING.  \nChina's economy grew at its weakest pace in 26 years during 2016, but other data released on Monday added to the picture of rebounding growth for the Chinese economy. \nIndustrial output for June grew by 7.6%, well above the forecast 6.5%. \nRetail spending grew 11% last month compared with June 2016.\nAnd growth in both imports and exports also came in above expectations.    ", "date": "17 July 2017", "href": "https://www.bbc.co.uk/news/business-40627737", "tags": "forecast slow second growth expectations grew beats china quarter"}