{"title": "China to hit US with tariffs on US imports worth $16bn", "content": "China's commerce ministry has announced that it will start imposing 25% import duties targeting $16bn (\u00a312.4bn) worth of US goods. \nThe Chinese counter-move will take effect immediately after the US imposes tariffs on the same amount of Chinese goods on 23 August.\nThe list of US imports affected by the taxes includes coal, oil, chemicals and some medical equipment. \nLast month, the US imposed duties of 25% on Chinese imports worth $34bn.\nThe US is also considering further tariffs on another $200bn worth of Chinese goods which could come into effect in September.\nFor its part, China has threatened to ratchet up the tit-for-tat trade war by slapping tariffs on another $60bn of American imports. \nAt the same time, Beijing reported a $28.1bn trade surplus with the US in July, just below the record $28.9bn seen in June. But it was 11% higher than in the same month last year.\nUS President Donald Trump started announcing new tariffs on imports in January as part of an attempt to negotiate what he called \"fair, bilateral trade deals that bring jobs and industry back onto American shores\".\nThe first tariffs were imposed in March and China responded in April. So far, despite the rhetoric, only $37bn worth of imports into China and the US have actually been affected.\nHowever, President Trump is also engaged in trade disputes with other countries, such as Canada and Mexico, and has imposed separate tariffs on items that include steel and aluminium, washing machines and solar panels.", "date": "8 August 2018", "href": "https://www.bbc.co.uk/news/business-45113866", "tags": "worth hit us imports tariffs china"}