{"title": "China looks at plans to ban petrol and diesel cars", "content": "China, the world's biggest car market, plans to ban the production and sale of diesel and petrol cars and vans. \nThe country's vice minister of industry said it had started \"relevant research\" but that it had not yet decided when the ban would come into force. \n\"Those measures will certainly bring profound changes for our car industry's development,\" Xin Guobin told Xinhua, China's official news agency\nChina made 28 million cars last year, almost a third of the global total.\nBoth the UK and France have already announced plans to ban new diesel and petrol vehicles by 2040,  as part of efforts to reduce pollution and carbon emissions.\nChinese-owned carmaker Volvo said in July that all its new car models would have an electric motor from 2019.\nGeely, Volvo's Chinese owner, aims to sell one million electric cars by 2025.\nOther global car firms including Renault-Nissan, Ford and General Motors are all working to develop electric cars in China.\nAutomakers are jostling for a slice of the growing Chinese market ahead of the introduction of new rules designed to fight pollution.\nChina wants electric battery cars and plug-in hybrids to account for at least one-fifth of its vehicle sales by 2025.\nThe proposals would require 8% of automakers' sales to be battery electric or plug-in hybrids by next year, rising to 12% in 2020.\nXin predicted the change would create \"turbulent times\" in the industry.\nThe shift will also have a knock-on effect on oil demand in China. The country is currently the world's second-largest oil consumer after the US.", "date": "10 September 2017", "href": "https://www.bbc.com/news/business-41218243", "tags": "ban petrol china diesel xin looks plans cars"}