{"title": "Choosing citizenship on India-Bangladesh border", "content": "In May, India's parliament approved a key agreement with Bangladesh enabling the two countries to exchange control of areas of land on each other's territory.\nTens of thousands of Bangladeshis live in 51 enclaves in India, while Indians live in 111 areas within Bangladesh. The residents lack access to public services.\nUnder the new agreement, more than 50,000 villagers from both sides will be given the option to choose where they want to live and which nationality they would prefer. \nPeople living in Indian enclaves inside Bangladesh are officially Indian citizens and those living in Bangladeshi areas inside India are Bangladeshis. The enclaves will cease to exist on 31 July.\nEarlier this month officials of two countries began asking the residents of the enclaves which nationality they want to opt for after the exchange of enclaves.\nReports say the two sides will finalise the list by the end of July and arrange for the rehabilitation of the citizens in the country of their choice.", "date": "16 July 2015", "href": "https://www.bbc.co.uk/news/world-asia-india-33532702", "tags": "choosing border india-bangladesh enclaves nationality citizenship bangladeshis"}