{"title": "Chrissy Teigen And Alexandria Ocasio-Cortez's Grammys Pizza Party Plan Sets Twitter Alight", "content": "All eyes will be on Chrissy Teigen and Rep. Alexandria Ocasio-Cortez\u2019s\u00a0(D-N.Y.) social media streams during the Grammy Awards this Sunday night.\nMaybe.\nCookbook author and model Teigen sent Twitter into a mini-meltdown Friday after she invited the freshman lawmaker \u2014 who she dubbed \u201cmy hero\u201d \u2014 over to her and husband John Legend\u2019s home to watch the show.\u00a0\n\u201cThere will be pizza,\u201d Teigen teased.\nOcasio-Cortez, amazingly, agreed.\nHere\u2019s the full Twitter exchange:\nNow, it\u2019s not clear if Ocasio-Cortez is really planning to rock up at Teigen\u2019s Beverly Hills home for her slice of the pie on Sunday night.\nBut Twitter had fun speculating about it, regardless:", "date": "\n02/09/2019", "href": "https://www.huffpost.com/entry/alexandria-ocasio-cortez-chrissy-teigen-grammys_n_5c5e8c39e4b0910c63f0a4bd", "tags": "sets streams party twitter ocasio-cortez alexandria grammys grammy pizza plan alight chrissy teigen"}