{"title": "Chrissy Teigen Reveals The Blunt Phrase Women Should Use More Often", "content": "Chrissy Teigen says there are two words women need to use more often.\nThe model and her husband, Grammy Award-winning singer/songwriter\u00a0John Legend, spoke at an event for House Democrats Wednesday night that was moderated by political commentator Melissa Harris-Perry, Politico reported.\u00a0Harris-Perry noted that House Speaker Nancy Pelosi (D-Calif.) had urged women to say \u201cno\u201d more often and asked Teigen if there was anything she\u2019d like to hear women say more frequently.\u00a0\n\u201cFuck you,\u201d Teigen suggested.\u00a0\nLegend responded by singing a little bit of his new tune, \u201cPreach.\u201d\u00a0\nVideo from the event, above, also showed Legend praising his wife for being an early member of the anti-Trump bandwagon.\u00a0\n\u201cShe knew well before a lot of America did that he was a joke and a con man and a clown,\u201d Legend said. \u201cAnd I think she was prescient in making fun of him early, long before he ever thought about running for president.\u201d\nIndeed, Teigen has been a longtime Trump critic on social media and was even blocked by the president for her often-viral replies to his Twitter rants.\u00a0She said the jokes she makes about Trump on Twitter were just one way of dealing with this presidency.\u00a0\n\u201cWe need the comedy to cover up the pain,\u201d she said, per The Hill. \u201cThat\u2019s our \u2018ha-ha\u2019 as we\u2019re crying inside. It\u2019s laughing through the pain.\u201d", "date": "\n04/11/2019", "href": "https://www.huffpost.com/entry/chrissy-teigen-what-women-should-say_n_5caec98fe4b09a1eabf7a6f2", "tags": "blunt often legend harris-perry phrase reveals women chrissy teigen use"}