{"title": "Chris Cuomo Tears Into Donald Trump Over His Most Disgusting Lie Yet", "content": "President Donald Trump\u00a0has a penchant for lying.\nIn fact, according to The Washington Post\u2019s Fact-Checker column, Trump has peddled more than 10,000 alternative facts since his inauguration.\nBut CNN\u2019s Chris Cuomo on Monday explained why he believed a falsehood that Trump peddled a rally in Wisconsin on Saturday could be \u201cthe worst\u201d yet.\nTrump falsely told supporters that doctors and mothers of newborn babies were conspiring to kill the infants soon after their birth.\n\u201cThe baby is born, the mother meets with the doctor, they take care of the baby, they wrap the baby beautifully,\u201d said Trump. \u201cThen the doctor and mother determine whether or not they will execute the baby.\u201d\nCuomo called it \u201ca damnable lie, maybe his worst of all 10,000.\u201d\nCheck out the segment here:\n\u201cI\u2019ve never heard him lie any worse, Don, than if he called himself \u2018Frankie,\u2019\u201d Cuomo added as he repeated his assertion when handing over to fellow CNN anchor Don Lemon.\nCheck out that clip here:", "date": "\n04/30/2019", "href": "https://www.huffpost.com/entry/chris-cuomo-donald-trump-10000-lies_n_5cc81211e4b05379114a67bf", "tags": "disgusting yet penchant tears peddled cuomo lie trump chris donald"}