{"title": "Chris Cuomo Names And Shames The Fox News Hosts Stoking Animosity", "content": "CNN anchor Chris Cuomo took aim at three Fox News hosts on Friday as he lamented the cheapening of political discourse.\nThe \u201cCuomo Prime Time\u201d host said anger in politics had been \u201cnotched up\u201d in recent years \u201cbecause it works\u201d in securing votes \u2014 and he called President Donald Trump the \u201ccaptain of capitalizing on this.\u201d\n\u201cNow it\u2019s in the media too. Media can be a feedback mechanism for what\u2019s out there. With Trump, it doesn\u2019t create the energy; it harnesses it, turbocharges it. That\u2019s Fox,\u201d he added.\nCuomo then played clips that he claimed highlighted Sean Hannity\u2019s \u201crighteous indignation,\u201d Laura Ingraham\u2019s \u201ccurled lip of disgust\u201d and Tucker Carlson\u2019s \u201cpissed puppy dog puss\u201d look.\n\u201cWhat are they doing? They\u2019re finding common enemies with their base, encouraging the animosity, using the word \u2018unhinged\u2019 a lot,\u201d said Cuomo.\n\u201cThis is not who we are, not at our best,\u201d he added.\nCheck out the clip here:", "date": "\n10/13/2018", "href": "https://www.huffpost.com/entry/chris-cuomo-fox-news-hosts-animosity_n_5bc19305e4b040bb4e828040", "tags": "aim lamented cheapening hosts stoking fox cuomo names news shames chris animosity anchor"}