{"title": "Chris Evans Taunts Donald Trump With Rewrite Of His 'Fake News Media' Rant", "content": "Chris Evans may be signing off as Captain America, but he\u2019s not done with trying to use his superhero powers against Donald Trump just yet.\nThe \u201cAvengers\u201d star taunted Trump on Monday by rewriting the president\u2019s earlier tweeted attack on the \u201cFake News Media.\u201d\n\u201cHelp! I\u2019ve never done anything wrong in my entire life, but somehow hostility is at an all time high,\u201d Evans imagined Trump as writing.\n\u201cJust because I kick beehives all day, it\u2019s not MY fault when people get stung!\u201d he added. \u201cNo one has EVER been treated so unfairly. Sad. Also, where\u2019s Obama\u2019s birth certificate?\u201d\nEvans later responded to White House counsel Kellyanne Conway\u2019s claim that Trump was \u201ctrying to heal the country\u201d with a metaphor involving his dog.\nEvans has a history of taking Trump to task on the president\u2019s favorite social media platform.\nHe\u2019s also used it to bash former Ku Klux Klan leader David Duke.\nAnd he had this to say about pro-Trump rapper Kanye West:", "date": "\n10/30/2018", "href": "https://www.huffpost.com/entry/chris-evans-donald-trump-tweets_n_5bd859a1e4b0dee6eece00db", "tags": "media captain taunts news trump rewrite chris rant superhero signing donald evans avengers"}