{"title": "Christine Blasey Ford Polygraph Regarding Kavanaugh Assault Allegation Released", "content": "WASHINGTON \u2015Dr. Christine Blasey Ford\u2019s legal team has released a copy of a polygraph examination report regarding her sexual assault allegation against Brett Kavanaugh.\nBlasey is set to testify on Thursday before the Senate Judiciary Committee, where she\u2019ll be questioned by Democratic Senators and an outside counsel hired by the all-male panel of Republicans on the committee.\nTwo other women \u2015 Julie Swetnick and Deborah Ramirez \u2015 have come forward to accuse Kavanaugh of sexual misconduct.\nWhile polygraphs are not considered reliable enough for use in court proceedings, the letter is another piece of evidence submitted by Blasey\u2019s team to back her claims that Kavanaugh assaulted her at a house party in the suburbs of D.C. in the early 1980s, when both were in high school. Her team previously submitted affidavits\u00a0indicating that she\u2019d told friends about the assault long before Kavanaugh was nominated to the nation\u2019s highest court.\nRepublicans have refused to subpoena Kavanaugh\u2019s friend Mark Judge, who Blasey said was present during the assault\nRead the report below.", "date": "\n09/26/2018", "href": "https://www.huffpost.com/entry/kavanaugh-christine-blasey-ford_n_5babcac1e4b0353bd2d0489b", "tags": "kavanaugh allegation blasey released \u2015dr regarding examination ford assault polygraph submitted christine copy"}