{"title": "Chuck Woolery's Typo Defense Of Donald Trump Deserves Game Show Prize Of Its Own", "content": "Chuck Woolery issued a blanket statement in apparent defense of President Donald Trump that elicited howls of laughter on Twitter.\nThe former game show host of \u201cWheel of Fortune\u201d and \u201cLove Connection\u201d argued Wednesday that the conclusion of special counsel Robert Mueller\u2019s Russia report was \u201cNOT QUILTY.\u201d\nThe online editions of the Merriam-Webster and Collins dictionaries offer no definitions for the term \u201cquilty.\u201d\nQuilty is, however, a fishing village in County Clare, western Ireland. And YourDictionary.com describes it as \u201cresembling or characteristics of a quilt.\u201d\nWoolery, 78, is the host of the \u201cBlunt Force Truth\u201d political podcast and describes himself in his Twitter bio as a \u201cHollywood Conservative.\u201d\nHe immediately held his hands up to the gaffe:\nBut not before the post went viral as people responded to his statement in all kinds of amusing ways:", "date": "\n05/02/2019", "href": "https://www.huffpost.com/entry/chuck-woolery-collusion-typo-twitter_n_5ccacd2fe4b0913d078d53a8", "tags": "prize apparent woolery blanket typo chuck show trump quilty. howls game donald describes laughter deserves defense elicited"}