{"title": "CNN's Jeffrey Toobin Rewrites Donald Trump Tweet About \u2018Treasonous\u2019 Andrew McCabe", "content": "CNN\u2019s chief legal analyst Jeffrey Toobin suggested a correction to one of President Donald Trump\u2019s tweets on Monday\u2019s broadcast of \u201cThe Situation Room with Wolf Blitzer.\u201d\nTrump accused former Deputy FBI Director Andrew McCabe and Deputy Attorney General Rod Rosenstein of \u201cplanning a very illegal act\u201d \u2014 which was their \u201ctreasonous \u2018insurance policy\u2019\u201d \u2014 in two tweets Monday morning.\nIt\u2019s unclear exactly what alleged \u201cillegal act\u201d Trump was referring to in his posts, but Toobin said in a discussion about McCabe\u2019s claim that Justice Department officials had discussed removing Trump from the office with the 25th Amendment\u00a0that \u201cthe correct term is not treasonous, but patriotic.\u201d\n\u201cI mean, they are thinking about the national security of the United States,\u201d Toobin said. \u201cThese are all career officials. These are not Democratic political appointees. These are people whose job it is to care about the national security of the United States and remember, all this evidence has only gotten stronger over the past two years.\u201d\nHe added, \u201cThe idea that they were treasonous is 180 degrees wrong.\u201d", "date": "\n02/19/2019", "href": "https://www.huffpost.com/entry/jeffrey-toobin-corrects-donald-trump-tweet-mccabe_n_5c6bb459e4b01cea6b88be1a", "tags": "toobin mccabe andrew tweet trump rewrites treasonous donald cnn jeffrey"}