{"title": "CNN's Chris Cuomo Names Possible Positive Consequence Of Donald Trump's Wall Emergency", "content": "Chris Cuomo\u00a0said Friday night that he saw \u201csomething of value\u201d from President Donald Trump\u2019s declaration of a national emergency to pay for a wall on the U.S.-Mexico border.\nThe host of CNN\u2019s \u201cCuomo Prime Time\u201d explained how \u201cleft and right came together\u201d in Congress to do a deal and keep the government open \u2015 at the same time as multiple Republican senators were criticizing Trump over the pronouncement.\n\u201cAnd now, in the face of this emergency,\u201d Cuomo continued, \u201cthey\u2019re more united against this kind of political stunt by this president than we\u2019ve seen them ever be about anything in the last two years.\u201d\nCuomo suggested that \u201cmaybe\u201d the GOP will \u201cfind its spine\u201d when it comes to tackling Trump \u201cbecause now we know something crystal clear, this president will clearly do only what he thinks is best for him.\u201d\nCheck out the clip here:", "date": "\n02/16/2019", "href": "https://www.huffpost.com/entry/chris-cuomo-donald-trump-national-emergency_n_5c67c53be4b033a79942de87", "tags": "u.s.-mexico possible wall emergency cuomo names positive trump chris consequence cnn donald"}