{"title": "Colbert Has A Genius Thesis Statement For Covering 'Heretic Against Reality' Trump", "content": "\u201cThe Late Show\u201d has a pretty simple thesis statement when it comes to its coverage of President Donald Trump, according to host Stephen Colbert.\nAnd that is telling the members of its audience that \u201cyou\u2019re not crazy\u201d \u2014 despite Trump\u2019s repeated attempts to gaslight them.\nIn a new interview with Rolling Stone magazine published Wednesday, Colbert also dubbed Trump a \u201cheretic against reality\u201d who \u201clives in this fantasy world where only his emotions count and therefore only his reality is real.\u201d\n\u201cYour reactions, your emotions are valid \u2014 you actually feel that way,\u201d Colbert added, referring to his audience. \u201cThe world is as you perceive it. Don\u2019t let anybody say you\u2019re crazy. This is not what America is meant to be about.\u201d\nColbert also called the backlash that fellow late-night comedian Jimmy Fallon received for ruffling Trump\u2019s hair on \u201cThe Tonight Show\u201d prior to the 2016 election as \u201chighly overblown,\u201d and reflected on the time he faced calls for \u201cThe Colbert Report\u201d to be canceled over an out-of-context tweet.\u00a0\nRead Stephen Colbert\u2019s full interview with Rolling Stone here.", "date": "\n08/30/2018", "href": "https://www.huffpost.com/entry/stephen-colbert-donald-trump-heretic-reality-rolling-stone_n_5b87b15ce4b0511db3d4f802", "tags": "genius emotions colbert statement simple trump thesis rolling covering reality crazy pretty"}