{"title": "Colbert Imagines Sexual Fantasy Democrats May Have Involving Mitch McConnell", "content": "On Friday\u2019s \u201cLate Show,\u201d host Stephen Colbert talked about\u00a0a Politico report that purportedly revealed the different sexual fantasies of Democrats and Republicans.\nPer the article, Republicans are more likely to fantasize about \u201cinfidelity, orgies and partner swapping.\u201d Democrats, however, are more prone to fantasies involving \u201cBDSM activities\u201d such as \u201cmasochism, which involves deriving pleasure from the experience of pain.\u201d\n\u201cOh, oh really? So getting their asses kicked by the Republicans was some kind of sick role playing?\u201d asked Colbert.\nHe then imagined a very specific fantasy that Democrats may have: \u201cBaby, I\u2019m begging you, dress up like Mitch McConnell and obstruct me,\u201d he quipped.\nCheck out the clip here:", "date": "\n11/03/2018", "href": "https://www.huffpost.com/entry/stephen-colbert-gop-sexy-thoughts_n_5bdd5409e4b09d43e31f21c7", "tags": "politico oh colbert imagines talked fantasy mitch mcconnell purportedly involving may fantasies sexual democrats"}