{"title": "Colin Kaepernick To Be The Face Of Nike's 'Just Do It' 30th Anniversary Campaign", "content": "Colin Kaepernick may not be currently signed to an NFL team, but he definitely scored a big coup with Nike.\nThe sportswear manufacturer has announced that it has chosen Kaepernick to be the face of its 30th anniversary \u201cJust do it\u201d campaign, according to\u00a0The Hollywood Reporter.\nThe new ad features the tagline \u201cBelieve in something, even if it means sacrificing everything. #JustDoIt.\u201d\nKaepernick has not played for an NFL team since 2016, when he began a wave of protests by NFL players by kneeling during the national anthem to protest police brutality and racial inequality.\nThe protests he inspired have polarized many sports fans and inspired President Donald Trump to urge NFL owners to suspend or fire players who demonstrate during the anthem.\nKaepernick may have not been signed to a football team, but ESPN reporter Darren Rovell said that Nike has been paying Kaepernick throughout the controversy.\nThe Kaepernick campaign is brave of Nike, considering that it\u00a0makes all NFL uniforms and the ads might put the company at odds with people who see the protests as anti-military or anti-flag.\nThe campaign comes on the heels of a decision by an arbitrator to let Kaepernick take his grievance with the NFL to trial. The quarterback is alleging that NFL owners conspired to keep him out of the league because of his protests against social injustice.", "date": "\n09/03/2018", "href": "https://www.huffpost.com/entry/colin-kaepernick-nike-anniversary-campaign_n_5b8d9114e4b0162f4725f609", "tags": "nike inspired kaepernick scored anniversary definitely face campaign colin"}