{"title": "Confederate Flag Truck Parade In Dalton, Georgia Ends With A Hilarious Bang", "content": "Bad luck, bad driving or just instant karma? \nWhatever the cause, a truck involved in a Confederate flag parade in Dalton, Georgia on Sunday rear-ended another truck, which then appeared to hit a third flag-waving truck as the vehicles paraded through the city bearing what President Barack Obama called \"a reminder of systemic oppression and racial subjugation.\"\n(NOTE: The video, and description below, contains profanity.)\nA man filming the procession can be heard expressing his disbelief that the parade was even taking place. \n\"Man, look at this shit,\" he says on the recording. \"They got a goddamn day for Confederate fucking flags. This is bullshit.\" \nWhen the trucks collide, his starts laughing. \n\"God don't like ugly,\" he concludes. \nCheck it out in the clip above, which was originally posted on LiveLeak. \nThe person recording the footage also complains that police had the roads blocked off for the parade, but the department said on Facebook that it was a safety issue. \n\u201cWe had a concern that the group may proceed without coordination and felt it would be safer for our community to have a presence there to keep it peaceful,\u201d Dalton Police Chief Jason Parker said.\nThe Atlanta Journal-Constitution reports that about 150 vehicles took part in the demonstration. ", "date": "\n06/29/2015", "href": "https://www.huffpost.com/entry/confederate-flag-truck-parade_n_7692696?utm_hp_ref=black-voices&ir=Black%20Voices", "tags": "instant karma flag georgia ends bang luck dalton whatever truck cause confederate hilarious parade"}