{"title": "Conrad Black stripped of Order of Canada", "content": "Canada has stripped former media baron, Conrad Black, of the Order of Canada, its highest honour.\nLord Black was also removed from the Queen's Privy Council for Canada.\nHe served three years in prison in the US for fraud and obstruction of justice, and was released in 2012.\nLord Black of Crossharbour remains a member of the UK House of Lords. He was awarded the Order of Canada, which recognises a lifetime of achievement, in 1990.\nIn a statement on Friday, the Canadian government said it had accepted a recommendation by the Advisory Council for the Order of Canada to remove Lord Black as an officer of the order.\nThe Queen's Privy Council is a board of prominent Canadians appointed to advise the head of state, the Queen, although for non-ministers it is normally only honorary.\nLord Black, who was born in Montreal and now lives in Toronto, hosts a Canadian television show.\nHe once controlled Hollinger International, which published the Daily Telegraph and the Chicago Sun-Times. \nIn 2007 he was found guilty in the US of conspiring with other executives to siphon off millions of dollars from the sale of newspapers as they unwound Hollinger.\nSome of those convictions were later overturned, and his sentence shortened to 42 months.\nLord Black, who renounced Canadian citizenship when becoming a British peer in 2001, moved back to Canada following his release from a Florida prison in May 2012.", "date": "1 February 2014", "href": "https://www.bbc.co.uk/news/world-us-canada-25996644", "tags": "highest privy baron stripped canada order black hollinger conrad honour"}