{"title": "Convicted Auschwitz guard Oskar Groening pleads for mercy", "content": "A former guard at the Auschwitz death camp has submitted a request for mercy to avoid jail in Germany.\nIn 2015 Oskar Groening, 96, was given a four-year prison sentence for being accessory to murder of 300,000 Jews in the camp in Nazi-occupied Poland.\nLast year, Germany's constitutional court rejected his appeal, ruling that Groening was fit to serve his sentence.\nGroening - who is known as \"the bookkeeper of Auschwitz\" - has admitted his \"moral guilt\".\nDuring his trial, he testified that he oversaw the collection of prisoners' belongings and ensured valuables and cash were separated to be sent to Berlin.\nHe was sentenced even though there was no evidence of his involvement in specific killings.\nOn Monday, a justice ministry spokesman in the northern Lower Saxony said Groening's plea had been passed on to prosecutors.\nBut Christian Lauenstein added: \"A plea for clemency does not have a delaying effect such as on starting the prison sentence.\"\n'Bookkeeper of Auschwitz'", "date": "16 January 2018", "href": "https://www.bbc.co.uk/news/world-europe-42698558", "tags": "pleads auschwitz groening guard mercy oskar avoid submitted convicted accessory four-year"}