{"title": "Countless Acts Of Hate Have Been Carried Out Since Trump's Win", "content": "Day one of Donald Trump\u2019s America came with countless acts of hate that were carried out by his supporters against several of the country\u2019s most marginalized groups.\u00a0\nDay two was no different, nor the days following.\nSince Election Day, there have been more than 200 acts of election-related intimidation and harassment across the U.S., according to a survey by the Southern Poverty Law Center. People from all types of communities \u2015 black, Latino, Muslim, Jewish, Asian, queer people, women \u2015 have been physically harmed, slandered with hate speech or been the targets of racist graffiti.\u00a0\nWhile we shouldn\u2019t have to live in fear for our safety,\u00a0Trump supporters feel more emboldened than ever to express their disdain for those they dislike or don\u2019t think matter. It\u2019s highly likely these disturbing acts will continue, so instead of ignoring this new reality, it\u2019s important, now more than ever, for America to stand unified and share a message of intolerance against these attacks. (If you\u2019re feeling overwhelmed,\u00a0here\u00a0are some things you can do.)\nIn the meantime, take a look at some of most egregious examples of hate and racism that have unfolded across the country in the days since Trump\u2019s win. We hope this fuels you into taking action: \u00a0\u00a0", "date": "\n11/11/2016", "href": "https://www.huffpost.com/entry/countless-acts-of-hate-have-been-carried-out-since-trumps-win_n_5825ee38e4b02d21bbc86211", "tags": "countless carried marginalized trump win since acts hate"}