{"title": "Country singer Daron Norwood dies at 49", "content": "Story highlightsNorwood hit the charts with his debut in 1995Problems with alcohol prompted him to quit the industry\n (CNN)Officials are investigating the death of country singer Daron Norwood, whose body was found in his Hereford, Texas, apartment on Wednesday, police said. He was 49. \nAccording to a police department statement, officers and medical personnel responded to a call to Norwood's apartment, where he was found dead in a bedroom.\n\nPolice said there were no signs of foul play.\nNorwood's debut single, \"If It Wasn't for Her, I Wouldn't Have You,\" came in 1993, with the follow-up, \"Cowboys Don't Cry,\" the next year. Both reached country music's Top 30 chart.\n\nA 2002 Country Weekly story described the singer as a \"Texas preacher's boy who came to Nashville in 1988 and slept in his truck for three years before scoring his mid-'90s hit.\"\nIn the article, Norwood talked about the drinking problem that led him to quit the industry in 1995 and about founding Keep It Straight, an anti-drug, alcohol and violence program for young people, in 1997.\n\"I didn't quit on life,\" Norwood told Country Weekly. \"But I quit the bus, I quit the band, I quit the record deal, quit the shows, the alcohol, the drugs. I quit it all with a phone call to my then-manager saying, 'I'm done. And I do mean done - with it all.' \"\nPeople we've lost in 2015", "date": "July 24, 2015 ", "href": "https://edition.cnn.com/2015/07/24/entertainment/daron-norwood-obit-feat/", "tags": "weekly apartment country norwood dies quit debut daron highlightsnorwood singer"}