{"title": "Dan Rather Subtly Zings Donald Trump With Immanuel Kant Quote About Lies", "content": "Veteran journalist Dan Rather got philosophical to take apparent aim at President Donald Trump on Thursday.\nThe former CBS News anchor tweeted the following quote attributed to 18th century German philosopher Immanuel Kant, in what appeared to be a swipe at Trump\u2019s habit of spreading misinformation.\n\u201cBy a lie a man throws away and, as it were, annihilates his dignity as a man,\u201d wrote Rather. \u201cA man who himself does not believe what he tells another \u2026 has even less worth than if he were a mere thing. \u2026 makes himself a mere deceptive appearance of man, not man himself.\u201d\nOn Wednesday, Trump admitted to making up trade deficit details during a meeting with Canadian Prime Minister Justin Trudeau \u2014 before then walking the entire story back.\nRather has not been shy about criticizing the White House in recent months, and previously used a food poisoning analogy to sum up the \u201cage of Trump.\u201d\u00a0\nHis latest dig was well-received on Twitter:", "date": "\n03/16/2018", "href": "https://www.huffpost.com/entry/dan-rather-donald-trump-kant_n_5aab8900e4b0337adf82c2d9", "tags": "apparent lies philosophical aim rather veteran immanuel mere trump \u2026 dan zings donald subtly quote kant"}