{"title": "Dan Rather Has Scathing Words For Sinclair News Anchors Reading 'Propaganda'", "content": "Renowned former CBS news anchor Dan Rather chimed in on the disturbing story that Sinclair Broadcast Group,\u00a0owner of more than 170 U.S. TV stations, had forced its local news outlets to read the same script decrying \u201cfalse news.\u201d\n\u201cNews anchors looking into camera and reading a script handed down by a corporate overlord, words meant to obscure the truth not elucidate it, isn\u2019t journalism,\u201d Rather tweeted on Monday.\u00a0 He went on to call the practice\u00a0\u201cOrwellian\u201d and \u201cpropaganda.\u201d\nSinclair came under fire over the weekend\u00a0after Deadspin released this video, which splices together dozens of the company\u2019s local affiliates reading from the same anti-\u201cfalse news\u201d script.\nSinclair, in turn,\u00a0released a lengthy memo\u00a0to its newsrooms across the country saying, \u201cThere is a lot of noise out there about our company right now, and what is lacking in that analysis is something we constantly preach: context and perspective.\u201d\nThe memo, written by Sinclair Senior Vice President Scott Livingston, then lists a number of accomplishments by the group\u2019s various newsrooms.", "date": "\n04/02/2018", "href": "https://www.huffpost.com/entry/dan-rather-sinclair-news-anchors_n_5ac29126e4b04646b64538d0", "tags": "rather scathing words news script anchors reading newsrooms dan chimed sinclair renowned anchor"}