{"title": "David Hockney's Woldgate Woods sells for \u00a39.4m at auction", "content": "A painting by David Hockney has sold for $11.7m (\u00a39.4m) at an auction in New York.\nThe Woldgate Woods landscape depicts trees near Bridlington, East Yorkshire. The piece, measuring 10.5ft (3m) wide, is made up of six individual canvases. \nAuctioneers Sotheby's said the sale had set a new record for the artist, breaking his previous auction record of $7.9m (\u00a36.3m), set in 2009.\nThe work had a guide price of between $9m and $12m.\nGr\u00e9goire Billault, head of contemporary art at Sotheby's, said: \"David Hockney stands alongside Francis Bacon and Lucian Freud as one of the pillars of post-war British art.\"\nHockney, who was born in Bradford, started painting the scenes at Woldgate, a Roman Road between Bridlington and Kilham, and Warter 10 years ago.\nHis method of connecting multiple canvases to create one huge piece of artwork was devised because he was not able to fit the large-scale painting up the stairs of his Bridlington studio, Sotheby's said. \nThe picture of Woldgate Woods was included in a Hockney exhibition at the Royal Academy in London in 2012. \nA major retrospective of the artist's work is due to open at Tate Britain in February following his '82 Portraits and 1 Still-life' show at the Royal Academy earlier this year.", "date": "18 November 2016", "href": "https://www.bbc.co.uk/news/uk-england-38026547", "tags": "woods canvases hockney sells david auction woldgate bridlington"}