{"title": "David Letterman Reveals The Question He'd Now Ask Donald Trump", "content": "David Letterman interviewed President Donald Trump numerous times during his 33-year stint on late-night television. But the former CBS \u201cLate Show\u201d host only has one question for Trump, should the pair ever come face to face again.\n\u201cI would say to him, Don, why are you such a putz?\u201d Letterman revealed in a preview clip of \u201cThe Ellen DeGeneres Show\u201d to be aired Thursday.\nThe veteran comedian also acknowledged in the \u201cBurning Questions\u201d segment that he was \u201cdisappointed\u201d in Trump\u2019s administration.\nIn a 2017 interview with GQ magazine, Letterman said Trump \u201cmakes me sick,\u201d even though he once valued him as a guest on his show.\n\u201cHe was just a big, wealthy dope who\u2019d come on and we would make fun of his hair. I would refer to him as a slumlord,\u201d Letterman explained. \u201cBut now, this goon ... I don\u2019t know.\u201d\nCheck out the clip here:", "date": "\n03/21/2019", "href": "https://www.huffpost.com/entry/david-letterman-donald-trump-question-ellen_n_5c932de1e4b01b140d358e81", "tags": "reveals ask letterman stint trump question late-night david numerous interviewed donald"}