{"title": "Daytime Emmys Fast Facts", "content": " (CNN)Here's a look at the Daytime Emmy Awards, which recognize television programming from the hours of 2 a.m. to 6 p.m.\nMay 5, 2019 - The 46th Annual Daytime Emmy Awards ceremony takes place.\nApril 29, 2018 - The 45th Annual Daytime Emmy Awards ceremony takes place.\n\n2019 Winners (selected):Outstanding Drama Series:\"The Young and the Restless\"\nOutstanding Lead Actor in a Drama Series:Maurice Benard, \"General Hospital\"\nOutstanding Lead Actress in a Drama Series: Jacqueline MacInnes Wood, \"The Bold and the Beautiful\"\nOutstanding Morning Program:\"CBS Sunday Morning\"\nOutstanding Talk Show/Entertainment:\"The Ellen DeGeneres Show\"\nOutstanding Talk Show/Informative:\"Rachael Ray\"\nFull list of nominees and winners\n2018 Winners (selected):Outstanding Drama Series: \"Days of Our Lives\"\nOutstanding Lead Actor in a Drama Series: James Reynolds, \"Days of Our Lives\"\nOutstanding Lead Actress in a Drama Series: Eileen Davidson, \"The Young and the Restless\"\nOutstanding Morning Program:  \"Good Morning America\"\nOutstanding Talk Show/Entertainment: \"The Talk\"\nOutstanding Talk Show/Informative: \"The Dr. Oz Show\"\nFull list of winners", "date": "May 6, 2019 ", "href": "https://edition.cnn.com/2013/07/04/us/daytime-emmys-fast-facts/index.html", "tags": "restless drama emmys facts daytime outstanding selected winners fast"}