{"title": "Disputed painting confirmed as Monet", "content": "An oil painting thought to have been created by French Impressionist Claude Monet has been proven to be genuine through scientific testing.\nA Haystack in the Evening Sun had not previously been authenticated because the work is largely unknown and the artist's signature is covered by paint.\nHowever researchers at the University of Jyvaskyla in Finland uncovered the signature using a hyperspectral camera.\nIt also revealed the date of the work's creation - 1891.\nThe special camera used by researchers studied the painting's elemental composition by measuring X-ray fluorescence.\nThat allowed them to \"see\" below the surface, and analyse the materials used to create the work. \n\"The camera is principally operating as a scanner, which scans one line at a time,\" researcher Ilkka Polonen said. \n\"When the camera is moved using the scanner, an image of the whole picture can be obtained.\"\nAn analysis of the pigments and canvas fibres also confirmed the painting was by the Impressionist.\nThe artwork is currently owned by Finland's Serlachius Fine Arts Foundation, which acquired it in the 1950s through a London art broker.\nThe institution said the authentication means the artwork is the first Monet painting to be held in a Finnish public collection.", "date": "25 March 2015", "href": "https://www.bbc.com/news/entertainment-arts-32048290", "tags": "disputed claude monet proven impressionist scanner painting finland signature confirmed artwork"}