{"title": "DOJ Watchdog To Review FBI Director James Comey's Handling Of Clinton Investigation", "content": "WASHINGTON \u2015 The Justice Department\u2019s internal watchdog will review the actions taken by FBI and DOJ officials in connection with an investigation into Hillary Clinton, Inspector General Michael E. Horowitz said Thursday.\nHorowitz said the review was being conducted in response to requests from member of Congress, outside organizations and members of the public. It will review \u201callegations regarding certain actions\u201d by the Department of Justice and the FBI \u201cin advance of the 2016 election.\u201d\nFBI Director James Comey has faced extensive criticism for his handling of the Clinton matter.\nFrom a press release, here are the issues the inspector general will look at:\nHorowitz\u2019s office said the review \u201cwill not substitute the [Office of the Inspector General\u2019s] judgment for the judgments made by the FBI or the Department [of Justice] regarding the substantive merits of investigative or prosecutive decisions.\u201d\nComey released a statement Thursday afternoon in response to the announcement.\n\u201cI am grateful to the Department of Justice\u2019s IG for taking on this review,\u201d he said. \u201cHe is professional and independent and the FBI will cooperate fully with him and his office. I hope very much he is able to share his conclusions and observations with the public because everyone will benefit from thoughtful evaluation and transparency regarding this matter.\u201d", "date": "\n01/12/2017", "href": "https://www.huffpost.com/entry/fbi-clinton-comey-inspector-general_n_5877c33ae4b0c42cb1757919", "tags": "watchdog comey investigation handling clinton regarding inspector review doj fbi director horowitz james"}