{"title": "Don Lemon Blasts Megyn Kelly- Never Been A Time In Her Life That Blackface Was OK", "content": "CNN\u2019s Don Lemon took NBC\u2019s Megyn Kelly to task after she defended the use of blackface in Halloween costumes.\nThe \u201cMegyn Kelly Today\u201d host sparked anger Tuesday morning when she said, \u201cWhen I was a kid, that was OK, so long as you were dressing up in character.\u201d Kelly has since apologized.\nOn Tuesday night, Lemon issued a stern rebuke of Kelly\u2019s comments as he spoke with fellow CNN host Chris Cuomo ahead of his \u201cCNN Tonight\u201d show.\n\u201cHow much time do you have Chris?\u201d Lemon asked \u201cSometimes you say stupid things when you\u2019re live, but I\u2019m just going to be honest.\u201d\n\u201cMegyn is 47 years old, she\u2019s our age. There has never been a time in that 47 years that blackface has been acceptable,\u201d Lemmon continued. He questioned \u201chow much diversity\u201d Kelly had on her staff \u201cbecause people would have informed her.\u201d\n\u201cI think people really need to educate themselves about this particular issue, and we need to realize in this culture that some people do have a privilege where they don\u2019t have to think about it,\u201d Lemon added.\nCheck out the clip here:", "date": "\n10/24/2018", "href": "https://www.huffpost.com/entry/don-lemon-megyn-kelly-blackface-chris-cuomo_n_5bd0284ae4b055bc94865ebd", "tags": "ok kelly- megyn blasts time task defended never lemon blackface life"}