{"title": "Donald Trump Gets Brutally Mocked Over 'Biggest Stadium' Pledge For Ted Cruz", "content": "President Donald Trump was widely mocked on Twitter over his \u201ccomplete and total endorsement\u201d of Sen. Ted Cruz (R-Texas) on Friday.\nTrump tweeted that he would be \u201cdoing a major rally\u201d in support of Cruz in October in \u201cthe biggest stadium in Texas we can find.\u201d Cruz faces tough competition for re-election in the upcoming November midterm elections from his challenger, Democratic Congressman Beto O\u2019Rourke.\nMany tweeters bashed Trump for hypocrisy, highlighting his past insulting comments about Cruz.\nTrump gave Cruz,\u00a0a rival in the 2016 GOP presidential nominee race, the nickname \u201cLyin\u2019 Ted.\u201d He has also touted a conspiracy theory that Cruz\u2019s father could have been involved in the assassination of President John F. Kennedy; Trump also made derogatory comments about Cruz\u2019s wife.", "date": "\n09/01/2018", "href": "https://www.huffpost.com/entry/donald-trump-ted-cruz-stadium-search_n_5b8a2e13e4b0cf7b00362eb5", "tags": "widely stadium brutally complete r-texas mocked ted gets pledge cruz trump endorsement donald"}