{"title": "Donald Trump Goes On Wild Retweet Rampage Over Firefighter Union's Biden Endorsement", "content": "President Donald Trump is\u00a0really not happy about a firefighters union\u2019s endorsement of Democratic 2020 rival\u00a0Joe Biden.\nTrump went on a wild retweeting rampage on Wednesday in response to the International Association of Fire Fighters\u2019 announcement backing the former vice president.\nThe president began his online freakout by sharing NRATV host Dan Bongino\u2019s claim that \u201cNONE of the Firemen\u201d I know are supporting Biden.\nTrump then retweeted around 60 posts praising him and criticizing Biden.\u00a0Some were from accounts with just a handful of followers.\nHe also shared a post from an account that\u00a0later reportedly changed its profile name to \u201cFuck Donald Trump.\u201d\nHarold Schaitberger, the Fire Fighters union president, said in an announcement video\u00a0Monday that Biden \u201crises above\u201d the other Democratic candidates.\n\u201cJoe\u2019s a lot like our firefighters,\u201d Schaitberger said. \u201cHe\u2019s a problem-solver who cares deeply about America and [who\u2019s] committed to making our country better. He\u2019s one of the staunchest advocates for working families. He knows that a strong middle class means a strong America.\u201d\nTrump\u2019s initial response to the endorsement was to claim on Twitter that the \u201cDues Sucking firefighters leadership will always support Democrats, even though the membership wants me.\u201d", "date": "\n05/01/2019", "href": "https://www.huffpost.com/entry/donald-trump-twitter-tantrum-firefighters-union-joe-biden_n_5cc9724fe4b0913d078ae690", "tags": "retweet union firefighter trump goes firefighters biden endorsement rampage wild donald schaitberger"}