{"title": "Donald Trump\u2019s \u2018Nationalist\u2019 Boast Leaves CNN's Don Lemon Almost Speechless", "content": "CNN anchor Don Lemon could barely contain his disgust after President Donald Trump casually boasted about being a \u201cnationalist\u201d at a rally in Houston on Monday night.\n\u201cWow,\u201d said the \u201cCNN Tonight\u201d host, after a lengthy pause.\nLemon explained how the word was \u201ca favorite of the alt-right\u201d that was \u201cloaded with nativist and racial undertones.\u201d\nHe also called out Trump for using the term \u201cglobalist\u201d in his stump speech for Sen. Ted Cruz (R-Texas) ahead of next month\u2019s midterm elections.\n\u201cWell, globalist has been used as a slur of sorts, sometimes even against those in the administration, often with anti-Semitic overtones,\u201d Lemon continued, later asking, \u201cWhat has happened here?\u201d\nCheck out the clip here:", "date": "\n10/23/2018", "href": "https://www.huffpost.com/entry/don-lemon-donald-trump-nationalist_n_5bcee576e4b055bc94846e24", "tags": "boasted disgust leaves almost cnn speechless globalist contain barely trump nationalist donald lemon boast anchor casually"}