{"title": "Donald Trump Asserts Executive Privilege On Mueller Report Materials", "content": "President Donald Trump is asserting executive privilege over Robert Mueller\u2019s special counsel report on Russian interference in the 2016 election.\nTrump\u00a0\u201chas asserted executive privilege over the entirety of the subpoenaed materials,\u201d Attorney General William Barr wrote Wednesday in a letter to House Judiciary Committee Chairman Jerry Nadler (D-N.Y.).\u00a0The assertion of executive privilege is a major escalation of the administration\u2019s war on congressional oversight.\u00a0\nBarr wrote that Trump was making an \u201cprotective assertion of executive privilege\u201d to ensure that the president had time to determine whether he\u2019d claim privilege on some of the documents.\nThe assertion came during a House Judiciary Committee hearing to advance a resolution holding Barr in contempt of Congress for refusing to turn over a full, unredacted version of the Mueller report and its underlying evidence. Barr didn\u2019t show up for a House Judiciary Committee hearing on the Mueller report last week because he objected to the format.", "date": "\n05/08/2019", "href": "https://www.huffpost.com/entry/mueller-report-executive-privilege_n_5cd2e536e4b0a7dffccfb38a", "tags": "executive privilege mueller trump asserts assertion report donald asserting materials"}