{"title": "Donald Trump Self-Owns With Sharing Of Fox News' Tucker Carlson Birther Clip", "content": "Fox News\u2019 Tucker Carlson\u00a0on Monday criticized President Donald Trump\u2019s role in pushing the racist birther conspiracy theory that falsely claimed former President Barack Obama was not born in the United States.\nAnd the \u201cTucker Carlson Tonight\u201d host\u2019s segment got a surprise endorsement from Trump himself, who shared the clip without comment on Twitter.\nCarlson said:\nCarlson\u2019s criticism came as he repeated his argument why he believed special counsel Robert Mueller\u2019s investigation into Russian interference in the 2016 election and possible Trump campaign collusion was a hoax.\nIt\u2019s likely that argument, and not the birther criticism, that prompted Trump to post the video.\nCarlson \u2015\u00a0who this month has been embroiled in his own scandal following the resurfacing of audio in which he made sexist, racist, misogynistic and homophobic comments \u2015 accused Democrats of pushing \u201ctheir own, far more harmful, conspiracy, the theory of Russian collusion.\u201d\nIt was \u201call invented by the Clinton campaign for short-term political gain,\u201d he added, calling the collusion claims made in the unverified dossier\u00a0by former British spy Christopher Steele\u00a0\u201cfake.\u201d Carlson has previously called the birther claim \u201ca dumb talking point.\u201d\nCheck out the segment, as shared by Trump, here:", "date": "\n03/19/2019", "href": "https://www.huffpost.com/entry/donald-trump-tucker-carlson-birther_n_5c9099c5e4b0d50544ff4a33", "tags": "birther carlson pushing tucker fox news self-owns trump segment argument sharing donald clip"}