{"title": "Donald Trump Sparks Outrage By Tweeting White Nationalist Talking Point", "content": "President Donald Trump faced more accusations of racism late Wednesday after he tweeted about white farmers in South Africa.\nIn an apparent response to a segment on Tucker Carlson\u2019s Fox News show, Trump said he\u2019d asked Secretary of State Mike Pompeo to \u201cclosely study the South Africa land and farm seizures\u201d:\nFellow tweeters accused Trump of promoting the white nationalist talking point that the South African government was waging a war against whites.\nKhusela Diko, South African President Cyril Ramaphosa\u2019s spokeswoman, told Reuters that Trump was \u201cmisinformed\u201d about the country\u2019s planned land reforms and that its government would \u201ctake up the matter through diplomatic channels.\u201d\n\u201cSouth Africa totally rejects this narrow perception which only seeks to divide our nation and reminds us of our colonial past,\u201d the South African government tweeted. \u201cSouth Africa will speed up the pace of land reform in a careful and inclusive manner that does not divide our nation.\u201d\nOther tweeters saw Trump\u2019s tweet as a \u201cthumbs-up\u201d to right-wing extremists and an attempt to distract people from the conviction of his former campaign manager Paul Manafort on eight charges and his former personal lawyer Michael Cohen pleading guilty to bank fraud, tax fraud and campaign finance violations:", "date": "\n08/23/2018", "href": "https://www.huffpost.com/entry/donald-trump-white-farmers-south-africa-tweet-racist_n_5b7e5253e4b07295150fc749", "tags": "point sparks white divide tweeting trump tweeters talking nationalist donald outrage"}