{"title": "Donald Trump Jr- Shares Pornhub Meme Of His 'Orange Man' Dad", "content": "Donald Trump Jr.\u00a0attacked Democrats Tuesday by posting a Pornhub-style meme of his father online.\nPresident Donald Trump\u2019s eldest son shared a doctored image, which purported to show his father as a thumbnail for a porn video as an Instagram story:\n\u201cOrange Man Fucks Entire Democratic Party,\u201d read the caption.\nTrump Jr. had earlier shared the New York Post\u2019s spoof March Madness-style bracket, which called out members of the media who\u2019d criticized the president about special counsel Robert Mueller\u2019s Russia investigation.\nWhite House Press Secretary Sarah Huckabee Sanders sparked outrage with her posting of the same bracket on Twitter.\n\u00a0Trump Jr. has previously shared this questionable meme about his father:\nAnd in 2017, he posted this image of his dad as\u00a0a Superman-style character:", "date": "\n03/27/2019", "href": "https://www.huffpost.com/entry/donald-trump-jr-porn-hub-meme-donald-trump-instagram_n_5c9b2a2ce4b072a7f601612a", "tags": "pornhub meme man bracket pornhub-style trump shares eldest posting jr- dad purported donald doctored"}