{"title": "Donald Trump- 'I Don't Know' If Obama Birth Certificate Is Authentic", "content": "Donald Trump, who made headlines months ago by questioning the authenticity of President Obama's birth certificate, is back in the spotlight with more skepticism about the document.\nTrump and the birth certificate issue were brought up again in Parade Magazine's recent interview with GOP presidential candidate Rick Perry. Below is the key excerpt from the interview:\nNational Review pressed Michael Cohen, a senior Trump adviser, about Perry's comments. Cohen said that \"serious questions remain\" about Obama's birth certificate. Cohen provided similar statements to Talking Points Memo.\nTrump released his own statement about the birth certificate, saying, \"Is it authentic? - I don't know - but I am proud of the fact that I was able to get him to do something that nobody else was able to get him to do - release the 'certificate.'\"\nTrump went on to say that \"more important issues need to take center stage; such as our failing economy, unemployment and our unsustainable debt.\"\nBack in April, when the President released his \"long form\" birth certificate, Trump stated that he was \"proud\" of himself because he \"accomplished something that no one else has been able to accomplish.\" \nOn Monday, Republican strategist Karl Rove slammed Perry's interview comments, saying, \"You associate yourself with a nutty view like that, and you damage yourself.\" Rove went further, explaining that Perry's birth certificate skepticism could \"maginalize\" him with voters.", "date": "\n10/25/2011", "href": "https://www.huffpost.com/entry/donald-trump-obama-birth-certificate_n_1029679", "tags": "skepticism trump- authentic know obama donald certificate rove birth perry"}