{"title": "Donald Trump's Taco Bowl Hilariously Backfires", "content": "Donald Trump celebrated Cinco de Mayo by posing with a taco bowl and claiming \"I love Hispanics\" in a photo posted on social media.\u00a0\nThe image went viral, but in all the wrong ways for the presumed Republican presidential nominee.\nHere's the original image:\u00a0\nTrump has made building a wall to keep Mexicans out of the United States a cornerstone of his campaign.\u00a0He's also said of Mexican immigrants: \"They're bringing drugs.\u00a0They're bringing crime. They're rapists. And some, I assume, are good people.\"\nSo naturally, social media had a field day with his Cinco de Mayo post.\u00a0Here are some of the many responses:\u00a0\n\u00a0\nEditor\u2019s note:\u00a0Donald Trump regularly\u00a0incites political violence\u00a0and is a\u00a0serial liar,\u00a0rampant xenophobe,\u00a0racist,\u00a0misogynist\u00a0and\u00a0birther\u00a0who has repeatedly pledged to ban all Muslims \u2014 1.6 billion members of an entire religion \u2014 from entering the U.S.", "date": "\n05/06/2016", "href": "https://www.huffpost.com/entry/donald-trump-taco-bowl_n_572bf20be4b096e9f090e1c5", "tags": "celebrated claiming hilariously posing trump hispanics bringing cinco taco bowl donald backfires mayo"}