{"title": "Donald Trump's 'Disgusting' Soccer Red Card Warning To The Media Sets Twitter Alight", "content": "Donald Trump\u2019s Oval Office exchange with FIFA President Gianni Infantino became a trending topic on Twitter Tuesday \u2015 for all of the wrong reasons.\nDuring the meeting to discuss the U.S. hosting of the 2026 FIFA World Cup alongside Canada and Mexico,\u00a0Trump appeared to show a red card to journalists, underestimated the popularity of soccer and reignited the football-naming debate.\nInfantino gifted Trump with his own red card and explained it was used by soccer referees \u201cwhen you want to kick out someone.\u201d\nTrump immediately flashed the card at members of the media. USSF President Carlos Cordeiro pointed at the card and said, \u201cnext media session.\u201d The encounter prompted much reaction online:\nTrump also caught heat for appearing to understate soccer\u2019s popularity, which he claimed was \u201cone of the fastest-growing\u201d sports in the world. (It is still growing, but is also the most popular\u00a0by a long way, per Nielsen).\nTrump\u2019s suggestion that we should rename soccer to football or vice versa also sowed confusion online:\nOf course, the meeting sparked a myriad of other amusing replies as well:\n\u00a0", "date": "\n08/29/2018", "href": "https://www.huffpost.com/entry/donald-trump-soccer-football-fifa-meme_n_5b865871e4b0162f471dcf07", "tags": "sets media oval twitter popularity infantino red soccer trump alight warning donald gianni card"}