{"title": "Donald Trump's 'Cheif Hostage Negotiator' Typo Sends Another Nonsense Word Viral", "content": "Want to know why the nonsense word \u201ccheif\u201d is trending worldwide on Twitter?\nLook no further than President Donald Trump\u2019s Twitter account.\nThe commander-in-chief misspelled the word \u201cchief\u201d as \u201ccheif\u201d in this bonkers roundabout boast about being the greatest hostage negotiator in the history of the U.S.\nThe president has previously made other nonexistent words \u2015 such as\u00a0 \u201chamberders\u201d and \u201ccovfefe\u201d \u2015 go viral with similar typos on the social media platform.\nThe online editions of the Merriam-Webster and Collins dictionaries do not list the word \u201ccheif.\u201d\u00a0The crowdsourced slang-documenting UrbanDictionary.com, however, defines it as \u201cto smoke or inhale a drug\u201d or \u201ca weak person.\u201d\nTwitter users quickly offered their own takes on Trump\u2019s hail to the cheif:", "date": "\n04/26/2019", "href": "https://www.huffpost.com/entry/donald-trump-twitter-typo-goes-viral_n_5cc2ef94e4b081706968094b", "tags": "cheif bonkers worldwide negotiator sends word another nonsense viral typo trump misspelled commander-in-chief donald trending hostage"}