{"title": "Donald Trump Jr- Attacks Alexandria Ocasio-Cortez With Dog-Eating Meme", "content": "Donald Trump Jr. used Instagram to attack Rep.-elect Alexandria Ocasio-Cortez\u00a0(D-N.Y.) on Thursday.\nPresident Donald Trump\u2019s eldest son shared a meme featuring photographs of his father and Ocasio-Cortez, 29, which suggested that her progressive policies would result in Americans having to eat dogs.\n\u201cIt\u2019s funny cuz it\u2019s true!!!\u201d Trump Jr. captioned the post.\nIn reality, hunger in the U.S. is already a widespread problem.\nOcasio-Cortez became the youngest woman ever elected to Congress\u00a0in November, winning her race for a U.S. House seat in New York\u2019s 14th District. As of Friday morning, she had not responded to Trump Jr.\u2019s post.\nHowever, Ocasio-Cortez did fire back at former Gov. Mike Huckabee (R-Ark.) earlier this week after he dubbed her \u201clooney\u201d for likening her election victory in November, and those of several other progressive candidates, to the U.S. moon landings.", "date": "\n12/07/2018", "href": "https://www.huffpost.com/entry/donald-trump-jr-alexandria-ocasio-cortez-dog-meme_n_5c0a1ed6e4b0de79357b7269", "tags": "meme rep.-elect ocasio-cortez alexandria trump dog-eating jr- eldest donald attacks"}