{"title": "Donald Trump Jr- Fails Miserably In Twitter War With Joy Reid", "content": "MSNBC commentator Joy Reid didn\u2019t mince words on Twitter as she dissected\u00a0 President Donald Trump\u2019s State of the Union speech Tuesday night.\nIn the process, she managed to irk Donald Trump Jr., who felt obliged to defend his dad against what previous administrations might have called \u201cfair comment,\u201d \u201cfree speech\u201d\u00a0or \u201cFirst Amendment freedoms.\u201d\nThe end result wasn\u2019t so much a Twitter war as a social media massacre.\nIt all started when Reid posted this comment:\nTrump Jr. responded on Wednesday.\nSounds good? Perhaps, but Reid\u2019s thoughtful thread exposed the hypocrisy of the Trump administration and the notes he struck in his speech.\nSo far, Trump Jr. hasn\u2019t addressed the rest of Reid\u2019s argument.\nCORRECTION:\u00a0A previous version of this story mistakenly indicated that part of Joy Reid\u2019s thread was in response to Donald Trump Jr.\u2019s tweet, which he posted the next morning.", "date": "\n01/31/2018", "href": "https://www.huffpost.com/entry/donald-trump-jr-joy-reid-twitter-war_n_5a722c1ce4b03699143ef9ae", "tags": "msnbc mince thread dissected joy twitter fails commentator war trump jr- reid miserably donald"}