{"title": "Donald Trump Says Other Countries Aim Machine Guns At Migrants, But U-S- Won\u2019t", "content": "President Donald Trump on Wednesday night said that aiming machine guns at undocumented immigrants was a \u201cvery effective\u201d deterrent, but not one that he would like the U.S. to use.\n\u201cThey are pouring in. We\u2019re capturing these people, we\u2019re getting \u2019em,\u201d Trump said in a live telephone interview with Fox News host Sean Hannity.\n\u201cBut we don\u2019t do like other countries,\u201d Trump claimed. \u201cOther countries stand there with machine guns ready to fire.\u201d\n\u201cWe can\u2019t do that and I wouldn\u2019t want to do that, OK?\u201d he added, before noting \u201cit\u2019s a very effective way of doing it\u201d, but he \u201cwouldn\u2019t want to do it, we can\u2019t do it.\u201d\nCheck out the clip here:\nIn the same interview, Trump claimed that special counsel Robert Mueller\u2019s investigation into Russian interference in the 2016 election and possible Trump campaign collusion would \u201cnot have happened\u201d had William Barr been in his present role as Attorney General at the time.\nHe also railed against CNN and MSNBC and thanked Hannity\u2019s Fox News colleague Jeanine Pirro, who returns to the network Saturday following a two-week absence for making Islamaphobic comments about Rep. Ilhan Omar (D-Minn.).", "date": "\n03/28/2019", "href": "https://www.huffpost.com/entry/donald-trump-sean-hannity-machine-guns-migrants-fox-news_n_5c9c7921e4b08c450cd17c51", "tags": "aim machine effective trump guns u-s- countries donald migrants says"}