{"title": "Donald Trump- Obama Birth Certificate Should've Been Released Long Ago -VIDEO-", "content": "Donald Trump reacted to the release of President Barack Obama's long-form birth certificate by the White House on Wednesday morning.\nSpeaking at a press conference in New Hampshire, the potential presidential contender said that he's \"proud\" in light of the disclosure. He added, however, \"it is rather amazing that all of the sudden\" the document surfaces. He suggested it should be inspected to ensure its authenticity.  \nIn recent weeks, Trump has captured headlines and sparked controversy with his persistence in raising doubt over the president's birthplace. He released his own official birth certificate to ABC News last month and has repeatedly called on Obama to do the same. Legal documentation of the president's birth, however, has been accessible online for more than three years.\nThe AP reports:\nOn Wednesday, Trump took credit in the White House's decision to release the president's birth records. \"I am really honored to play such a big role in hopefully, hopefully getting rid of this issue,\" he said. \n\"Today I'm very proud of myself, because I've accomplished something that no one else has been able to accomplish,\" said Trump on the release of the president's birth certificate, according to NBC News. \"I want to look at it, but I hope it's true. ... But he should have done it a long time ago.\"", "date": "\n04/27/2011", "href": "https://www.huffpost.com/entry/donald-trump-obama-birth_n_854267", "tags": "trump- reacted long -video- ago released hopefully long-form obama certificate donald birth"}