{"title": "Donald Trump's Boast About Ted Cruz Rally Comes Back To Haunt Him- Again-", "content": "President Donald Trump\u00a0has been dragged on Twitter over his upcoming rally for Sen. Ted Cruz (R-Texas) yet again, after it was moved to a larger venue.\nTrump\u2019s 2020 campaign manager Brad Parscale claimed Thursday that ticket demand for Monday\u2019s event at the NRG Arena in Houston, which seats about 8,000, had been so \u201cHUGE and unprecedented\u201d that the rally would now take place at the city\u2019s Toyota Center (capacity about 18,000).\nFolks online were quick to flag Trump\u2019s summer boast that he would find \u201cthe biggest stadium\u201d in the state to stump for Cruz:\nJust as they did when the initial venue was announced, they reminded the president that the Toyota Center is still vastly smaller than Texas A&M University\u2019s Kyle Field \u2015 the largest stadium in Texas with 102,000-plus seats.\nTrump was initially accused of hypocrisy over his \u201ccomplete and total endorsement\u201d of Cruz \u2015 who is being challenged by Democratic Rep. Beto O\u2019Rourke \u2015 given his past insulting comments toward the senator, especially during the 2016 presidential primaries.", "date": "\n10/19/2018", "href": "https://www.huffpost.com/entry/donald-trump-ted-cruz-rally-size_n_5bc9ba29e4b0a8f17eeb613d", "tags": "rally him- ted comes venue toyota cruz upcoming trump again- donald boast dragged back haunt"}