{"title": "Donald Trump Defends Steve Bannon- 'He's Not A Racist'", "content": "President Donald Trump defended his chief strategist Steve Bannon on Tuesday, yet left the door open to further speculation as to whether he\u2019ll remain in the White House.\n\u201cI like him. He\u2019s a good man. We\u2019ll see what happens with Mr. Bannon,\u201d Trump told reporters during a press conference on infrastructure reform in New York City.\n\u201cHe\u2019s not a racist. He\u2019s a good person,\u201d the president added.\nThe New York Times reported on Monday that Bannon \u2015 an ardent nationalist who previously ran the website Breitbart, which traffics in white nationalist sentiment \u2015 was in \u201climbo\u201d and faced \u201cinternal exile\u201d in the White House following a deadly white supremacist rally in Charlottesville, Virginia, over the weekend.\nAnthony Scaramucci, the former White House communications director, also said he believed that it was time for Bannon to go.\n\u201cWhat I don\u2019t like though is the toleration of [white supremacist views in the White House]. It\u2019s something that should be completely and totally intolerated,\u201d Scaramucci told Stephen Colbert on Monday.\n\u201cIf it was up to me, [Bannon] would be gone,\u201d he added.", "date": "\n08/15/2017", "href": "https://www.huffpost.com/entry/trump-steve-bannon_n_5993568de4b04b19336104af?utm_hp_ref=donald-trump", "tags": "defends bannon- racist trump defended donald steve"}