{"title": "Donald Trump Jr.\u2019s Two Different Explanations for Russian Meeting", "content": "In less than 24 hours, President Trump\u2019s eldest son, Donald Trump Jr., has given two different explanations for a meeting he held during the 2016 campaign with a Kremlin-connected Russian lawyer who promised to provide damaging information about Hillary Clinton.\nMr. Trump\u2019s meeting with that lawyer, Natalia Veselnitskaya, was first reported by The New York Times on Saturday. In response, Mr. Trump said the meeting was brief and focused mostly on the issue of adoption.\nThis was Mr. Trump\u2019s statement to the news media on Saturday:\nThe statement made reference to Jared Kushner, President Trump\u2019s son-in-law, and Paul J. Manafort, the president\u2019s former campaign manager.\nMr. Trump\u2019s version of the meeting changed Sunday, when three advisers to the White House briefed on the meeting and two others with knowledge of it told The Times that Mr. Trump met Ms. Veselnitskaya after she promised to provide damaging information on Mrs. Clinton.\nMr. Trump acknowledged on Sunday that Ms. Veselnitskaya offered him information on Mrs. Clinton but that her statements \u201cmade no sense\u201d and the information was not \u201cmeaningful.\u201d\nThis is the statement Mr. Trump gave to the news media on Sunday:", "date": "July 9, 2017", "href": "https://www.nytimes.com/2017/07/09/us/donald-trump-jrs-two-different-explanations-for-russian-meeting.html", "tags": "damaging jr. two trump promised meeting different donald explanations russian"}