{"title": "Donald Trump Jr- Just Self-Owned While Criticizing House Women\u2019s SOTU Outfits", "content": "If they gave out Oscars for self-owns, Donald Trump Jr. would be the frontrunner based on the tweet he sent Wednesday.\nThe president\u2019s son decided to question the patriotism of the dozens of women members of the\u00a0House of Representatives\u00a0who wore white to Tuesday night\u2019s State of the Union address.\nTrump\u2019s beef? None of the congresswomen wore American flag pins on their lapels, based on the photo in his tweet.\u00a0\nAlthough Trump Jr. probably thought he was scoring political points among the base, things came back to bite him.\nThat\u2019s because another Twitter user found a very interesting photo of the Trump family also taken at the State of the Union.\nGuess what: None of them are wearing flag pins either.\nAs you probably suspected, Twitter users piled on hard.\nOne Twitter user noticed some other people weren\u2019t wearing the flag pins either: some Republican politicians, for example.", "date": "\n02/06/2019", "href": "https://www.huffpost.com/entry/donald-trump-jr-self-own-flag-pin_n_5c5b605ee4b08710475a84b0", "tags": "none wore either sotu self-owned house self-owns trump outfits pins oscars jr- women donald criticizing"}