{"title": "Donald Trump Jr- Just Shared The Weirdest Picture Of His Dad", "content": "Twitter users are gleefully poking fun at\u00a0Donald Trump Jr. after he posted a bizarre image of his father as a superhero online.\nPresident Donald Trump\u2019s eldest son shared this fake Time magazine cover to Instagram on Friday night:\nIt showed a bearded Trump wearing a Superman-style costume with the letter \u201cT\u201d instead of \u201cS\u201d emblazoned across his chest.\nThe post caught the attention of Twitter user\u00a0@goldengateblond, who couldn\u2019t quite believe her eyes:\nHer tweet went viral, and fellow Twitter users couldn\u2019t help joining in.\nSome referenced Time\u2019s request to the Trump Organization, asking it to remove fake covers of the magazine on display at the first\u00a0family\u2019s business properties. Others, meanwhile, called it a \u201cfresh hell\u201d and \u201cdisturbing.\u201d\nA search through Time\u2019s cover archive proves that it is indeed bogus.\nHere\u2019s a sampling of the responses:", "date": "\n10/21/2017", "href": "https://www.huffpost.com/entry/donald-trump-jr-weird-picture-donald-trump_n_59eb2ccfe4b0a484d0638624", "tags": "poking gleefully weirdest trump shared jr- superhero picture bizarre donald dad"}