{"title": "Donald Trump Jr- Attacks Olympian Adam Rippon On Twitter", "content": "Like father, like son.\nDonald Trump Jr. used Twitter to launch an unprovoked attack on U.S. Olympic figure skater Adam Rippon on Tuesday night.\nPresident Donald Trump\u2019s eldest son responded to a report in The Hill that said Rippon, 28, didn\u2019t want his experience at the Winter Olympics in Pyeongchang, South Korea, to be defined by his stance against Vice President Mike Pence.\nTrump Jr.\u00a0overlooked one key detail. Pence mentioned Rippon on Twitter just last week, and also reportedly asked to meet\u00a0with him before the Winter Games.\nRippon, the\u00a0first openly gay U.S. figure skater\u00a0to compete in the Olympics, helped Team USA win a\u00a0bronze medal\u00a0in the figure skating team event on Monday.\u00a0Last month,\u00a0he called out Pence\u2019s intolerance\u00a0toward the LGBTQ community, and blasted the vice president\u2019s decision to lead the U.S. delegation at the opening ceremony. The athlete also said he\u2019d rebuff a White House invite to a post-Games party.\nRippon has not commented on Trump Jr.\u2019s tweet.\nSome respondents suggested the skater should leave politics out of the Olympics. The majority, however, called out Trump Jr.:", "date": "\n02/14/2018", "href": "https://www.huffpost.com/entry/donald-trump-jr-adam-rippon-pence-olympics_n_5a83f42ae4b0adbaf3d8e392", "tags": "twitter olympian adam trump jr- skater donald attacks rippon"}