{"title": "Donald Trump Jr- Delivers Yet Another Spectacular Self-Own On Twitter", "content": "Twitter users dunked on Donald Trump Jr.\u00a0after he shared yet another inaccurate meme on Friday.\nPresident Donald Trump\u2019s son likened his father\u2019s declaration of a national emergency to pay for a wall on the U.S.-Mexico border to former President Barack Obama\u2019s 2010 enaction of the Affordable Care Act with this image of Kermit the Frog sipping tea:\nThe caption read: \u201cRemember when we weren\u2019t given a choice about Obamacare? Enjoy your wall.\u201d Trump Jr. wrote: \u201cTrue story.\u201d\nHowever, dozens of people were at pains to point out that the ACA was passed following votes\u00a0by elected lawmakers in Congress \u2015 and not via Obama bypassing the House and Senate and declaring an emergency.\nTrump Jr. has this month alone caught heat on the social media platform for repeating his father\u2019s lie about the number of people who attended former Democratic Rep. Beto O\u2019Rourke\u2019s rally in Texas and insulting \u201closer teachers.\u201d\nHe also hypocritically criticized Democratic congresswomen for not donning American flag pins for the State of the Union,\u00a0despite not wearing one himself.", "date": "\n02/16/2019", "href": "https://www.huffpost.com/entry/donald-trump-jr-obamacare-meme-kermit_n_5c67e050e4b033a79942ebe3", "tags": "self-own spectacular meme yet twitter delivers trump dunked jr- inaccurate donald another"}