{"title": "Donald Trump Gets Fact-Checked By Reporter Right To His Face, Walks Away", "content": "A reporter earned praise Monday after she called out President Donald Trump, over one of his more questionable claims, right to his face.\nCBS\u2019 Paula Reid challenged Trump over his discredited assertion that his administration\u2019s policy of separating migrant children from their families at the U.S.-Mexico border was the same as that conducted by former President Barack Obama.\n\u201cObama had a separation policy. We all had the same policy,\u201d Trump said. \u201cYou did not have it, sir. No,\u00a0you didn\u2019t,\u201d Reid fired back.\nTrump said he \u201ctried to do it differently\u201d and claimed \u201cObama had a separation policy\u201d but\u00a0\u201cpeople don\u2019t like to talk about it.\u201d As Trump walked away, Reid said: \u201cSir, it was different.\u00a0You decided to prosecute everyone at the border.\u201d\nCheck out the clip here:\nAnd some of the responses below:", "date": "\n11/27/2018", "href": "https://www.huffpost.com/entry/donald-trump-fact-checked-by-reporter_n_5bfd0cb8e4b0771fb6bda02e", "tags": "questionable gets trump separation earned walks right away reid fact-checked donald face praise reporter"}