{"title": "Double negative trends after Trump remarks on Russian meddling", "content": "It might not be as snappy as \"I can't get no satisfaction\" or \"We don't need no education\", but could another phrase - \"I don't see any reason why I wouldn't\" - be set to join the list of famous double negatives?\nOn Monday, to the shock of many US lawmakers, US President Donald Trump said he couldn't see any reason why Russia would meddle in the 2016 US election.\nBut he has now sought to clarify, saying he had misspoken. \n\"The sentence should have been: 'I don't see any reason why I wouldn't' or 'why it wouldn't be Russia'. Sort of a double negative,\" he said.\nIt is the last reference that has been seized on. Fans of easy-to-read sentences might want to avert their eyes.\nFirst, a definition.\nDouble negatives might be frowned upon - Oxford Dictionaries advises \"you should avoid them in all but very informal situations\" - but they are common and generally understood.\nIn its look at the topic, VOA discusses President Obama's phrase \"time is not unlimited\" in reference to the Iranian nuclear issue. \nBut Mr Trump's explanation has raised eyebrows.\nA Conservative critic of Mr Trump, Ben Shapiro, joined in.\nHistory has been revisited.\nSong lyrics have been adjusted\nThere were also references to other esoteric bits of grammar...\n... as well as another famous Trump phrase.", "date": "17 July 2018", "href": "https://www.bbc.com/news/world-us-canada-44868050", "tags": "negatives famous meddling phrase reason double trends trump reference remarks negative snappy russian"}