{"title": "Dozens Of Hollywood Celebrities Oppose Georgia Abortion Bill", "content": "ATLANTA (AP) \u2014 More than 40 Hollywood celebrities have signed a letter sent to Georgia Gov. Brian Kemp and House Speaker David Ralston saying they will urge TV and film production companies to abandon the state if a \u201cheartbeat\u201d abortion bill becomes law.\nThe bill prohibits most abortions after six weeks from conception and could come to a House vote as early as Thursday. If approved, it will go to Kemp, who\u2019s expected to sign it.\nWhile TV and film production companies have largely stayed on the sidelines regarding the bill, these actors and the Writers Guild of America are going public in their opposition. The Atlanta Journal-Constitution reports those who signed the letter, spearheaded by Alyssa Milano, include Alec Baldwin, Amy Schumer, Gabrielle Union, Ben Stiller, Don Cheadle, Mia Farrow and others.", "date": "\n03/28/2019", "href": "https://www.huffpost.com/entry/hollywood-celebrities-oppose-georgia-abortion-bill_n_5c9d6c30e4b0bc0daca528ce", "tags": "brian bill atlanta georgia oppose celebrities dozens hollywood abortion"}