{"title": "Dutch lawyer who pleaded guilty in Mueller probe serving sentence in Pennsylvania", "content": "Washington (CNN)Dutch lawyer Alex van der Zwaan, who pleaded guilty in February to lying to special counsel Robert Mueller's investigators, is serving his prison sentence at a low-security facility in Pennsylvania, according to records from the Federal Bureau of Prisons.\nHe is at the low-security federal prison in Allenwood, a small town in central Pennsylvania, and reported on Monday.\nVan der Zwaan -- the first person imprisoned as part of the Mueller investigation -- is one of 1,243 inmates at the facility, according to the Federal Bureau of Prisons. \n\nDutch lawyer is first person to be sentenced in Mueller probe, gets 30 days in prison\nHe is scheduled to be released on June 4. He is listed as inmate #35255-016.\nVan der Zwaan, who worked with Trump deputy campaign chairman Rick Gates and former Trump campaign chairman Paul Manafort while he practiced law at a large international firm, admitted to lying and failing to turn over emails to Mueller's team in February. \nHe was sentenced in April to 30 days in prison and a $20,000 fine.", "date": "May 9, 2018 ", "href": "https://edition.cnn.com/2018/05/09/politics/alex-van-der-zwaan-prison-sentence/index.html", "tags": "guilty low-security lawyer pleaded pennsylvania serving prisons mueller sentence probe dutch zwaan"}