{"title": "Eighth Amendment repealed as Irish President signs bill into law", "content": "The Eighth Amendment which effectively banned abortion in the Republic of Ireland has been formally repealed.\nIrish President Michael D Higgins signed the abortion referendum bill into law on Tuesday.\nIn May, the country voted overwhelmingly to overturn the abortion ban by 66.4% to 33.6%. - a landslide win for the repeal side.\nThe Eighth Amendment had granted an equal right to life to the mother and the unborn child.  \nWith the repeal of the Eighth, the Irish government's recommendation is that women will be able to access a termination within the first 12 weeks of their pregnancy.\nPresident Higgins signed the 36th Amendment of the Constitution Bill 2018.  \nTaoiseach (Irish Prime Minister) Leo Varadkar told the D\u00e1il (Irish Parliament) on Tuesday that legislation would be introduced in the first week of October.\nMr Varadkar said the timeline would mean services would be in place in the new year.\nAnti-abortion groups called the May referendum result a ''tragedy of historic proportions''.\nOne group said it was already making plans to protest outside abortion clinics when they eventually open in Ireland.\nThe result in the Republic has shone a light on Northern Ireland's similarly strict abortion laws.\nThere have been calls for UK Prime Minister Theresa May to step in.\nFrom October, Northern Ireland will be the only part of the British Isles with an almost blanket ban on terminations.", "date": "18 September 2018", "href": "https://www.bbc.co.uk/news/world-europe-45568094", "tags": "law president bill higgins signs eighth irish amendment varadkar repeal repealed"}