{"title": "Elizabeth Warren Explains Why Voters Aren't Asking Her About The Mueller Report", "content": "The conclusion of special counsel Robert Mueller\u2019s Russia investigation may have sent Washington and the media into a frenzy.\nBut Sen. Elizabeth Warren (D-Mass.) revealed on Monday\u2019s broadcast of \u201cThe Late Show with Stephen Colbert\u201d that it appeared to be of minor concern to the hundred-or-so voters she received questions from while campaigning in New Hampshire at the weekend.\n\u201cDo you know the number (of questions) that were about the Mueller report? Zero,\u201d said Warren. \u201cBecause what people are talking about, what they\u2019re asking about, are the things that touch their lives every day.\u201d\nAttorney General William Barr summarized Mueller\u2019s report in a letter to Congress on Sunday. The investigation reportedly found no evidence of collusion between President Donald Trump\u2019s 2016 campaign and Russia. The letter also maintains that the evidence\u00a0\u201cis not sufficient to establish that the president committed an obstruction of justice offense.\u201d\nWarren acknowledged the report is \u201cimportant\u201d and made a further call for Mueller\u2019s full findings to be made public. But \u201cwhat people are focused on is what\u2019s happening in their lives,\u201d she added.\nCheck out the clip here:", "date": "\n03/26/2019", "href": "https://www.huffpost.com/entry/elizabeth-warren-democratic-voters-mueller-report_n_5c99ed15e4b0f7bfa1b603e1", "tags": "conclusion voters mueller explains report elizabeth warren asking"}