{"title": "Elon Musk says Tesla will have robo-taxis operating next year", "content": "Washington DC (CNN Business)Tesla CEO Elon Musk announced at an investor event Monday that he expects the company to operate robo-taxis next year. \nThe full self-driving vehicles would compete with ride-hailing services such as Uber and Lyft. Musk pitched the robo-taxis as a way for Tesla owners to make money when they aren't using their vehicles.\nTesla's program would let a Tesla owner rent out their vehicle for rides, with Tesla taking a cut of the revenue and the rest of the money going to the vehicle's owner. \n\n\"It's financially insane to buy anything other than a Tesla,\" Musk said. \"It'll be like owning a horse in three years.\"\nTesla forecasted the robo-taxis would last 11 years, drive 1 million miles and make $30,000 gross profit per car annually.\nIt's another aggressive prediction from Musk about Tesla's technology. His company has missed a previous self-imposed deadline for having an autonomous Tesla drive across the country. Musk also said he expects to convince regulators by the end of next year that self-driving Teslas are sufficiently safer than a human driver.\nMusk also acknowledged his pattern of missing deadlines. \n\"The only criticism and it's a fair one, sometimes I'm not on time. But I get it done and the Tesla team gets it done,\" Musk said.", "date": "April 22, 2019 ", "href": "https://edition.cnn.com/2019/04/22/tech/tesla-robotaxis/index.html", "tags": "expects next operating year musk tesla robo-taxis drive elon says"}