{"title": "Emilia Clarke Reveals Which Remaining \u2018Game Of Thrones\u2019 Episode Is 'Even Bigger'", "content": "\u201cGame of Thrones\u201d star Emilia Clarke has revealed which of the show\u2019s final three episodes deserves to be watched on a huge television because of its scale.\nThe British actress, who plays Mother of Dragons Daenerys Targaryen in HBO\u2019s epic fantasy drama, on Wednesday told late-night comedian Jimmy Kimmel that Episodes 4, 5 and 6 \u201care all insane.\u201d\nBut one of them, in particular, is \u201cgoing to be mental,\u201d she said.\nAnd it is \u2026\n\n\u201cEpisode 5 is bigger!\u201d Clarke told Kimmel. \u201cEpisode 5 is huuhh,\u201d she added, with an appropriate arm gesture.\nWhat?!? Even bigger than Sunday\u2019s epic Battle of Winterfell?\nApparently so.\nClarke advised viewers to \u201cfind the biggest TV you can\u201d to watch it.\nLet\u2019s hope the scenes are a bit lighter.\nShe also spilled the beans on a very awkward chat with Beyonc\u00e9 at an Oscars after-party and revealed what she really thought about that weird waxwork of Daenerys that\u2019s been unveiled by Dublin\u2019s National Wax Museum Plus.\nCheck out one part of the interview above, and the other segment below:\u00a0", "date": "\n05/02/2019", "href": "https://www.huffpost.com/entry/emilia-clarke-game-of-thrones_n_5cca9f52e4b0913d078c9e36", "tags": "emilia episode clarke kimmel reveals deserves epic remaining daenerys bigger game episodes thrones"}