{"title": "Eric Trump Gets Schooled Over Health Care Claim On 'Fox & Friends'", "content": "President Donald Trump\u2019s second son, Eric Trump, was cut down to size while stumping for the GOP on \u201cFox & Friends\u201d Tuesday morning.\nAfter bragging that America was \u201cwinning at everything we do\u201d on his father\u2019s watch, Eric Trump claimed to not know what Democrats were standing for in the 2018 midterm elections. He suggested they were only running on stylistic themes such as doubling taxes or attacking law enforcement.\nHost Steve Doocy interrupted Eric Trump to note that this year, many Democratic candidates were \u201crunning on health care.\u201d Eric Trump replied by alleging that Democrats \u201cbroke\u201d America\u2019s health care system.\nHis claim was given short shrift by fellow host Brian Kilmeade, however:\nEric Trump also claimed that his father\u2019s predecessor, former President Barack Obama, had a \u201cpersonal problem\u201d with him and was \u201ctaking credit for a lot of\u201d his father\u2019s accomplishments.\nCheck out the full clip here.", "date": "\n11/06/2018", "href": "https://www.huffpost.com/entry/eric-trump-fox-friends-health-care-democrats_n_5be1a5a2e4b09d43e32311b3", "tags": "stumping care claim friends gets schooled eric trump health"}