{"title": "Eric Garner's Family Suing New York City Over His Death", "content": "The family of Eric Garner, the 43-year-old man who died in July after police put him in a chokehold, is planning to sue New York City over his death, the New York Times reported.\nThe lawsuit also targets the New York Police department as well as several individual officers who were present when he died. According to the Staten Island Advance, family members are seeking $75 million in damages for wrongful death, among other claims.\nOn July 17th, Garner was arrested for illegally selling cigarettes. During his arrest, an officer named Daniel Pantaleo put him in a chokehold and pushed his head into the ground. He died minutes later of a heart attack. \nA leaked video of the incident sparked massive criticisms of police tactics and cries for justice.\nThe New York City medical examiner ruled his death a homicide. Pantaleo and another officer were reassigned but remain on the force.\nLast month, it was announced that a grand jury would be convened into Garner's death to determine if criminal charges would be brought against the officers involved.\nBelow is the Garner family's full claim:\n   Eric Garner Redacted Notice of Claim", "date": "\n10/07/2014", "href": "https://www.huffpost.com/entry/eric-garner-lawsuit_n_5948460", "tags": "death family york city eric chokehold new suing sue garner pantaleo"}