{"title": "Estonia profile - Media", "content": "Television is Estonia's most popular medium, while print media are losing ground to online outlets.\nThe media market is lightly regulated. Three major companies, including Sweden's MTG, run the top commercial TVs. \nEesti Televisioon and Eesti Raadio are public broadcasters. Digital TV platforms offer stations in Finnish, Swedish, Russian and Latvian.\nEstonia has a free media, according to groups such as Freedom House and Reporters Without Borders. \nIt has not followed the example of Lithuania and Latvia, which in 2014 and 2015 imposed rebroadcasting bans on some Russian TVs.\nEstonia has a reputation for being at the cutting edge of information technology. By 2016, 1.2 million Estonians (around 91% of the population) were online (Internetlivestats.com). \nThe leading social network is Facebook. Russian-speakers favour Russian social media, especially Odnoklassniki and VKontakte.", "date": "20 April 2016", "href": "https://www.bbc.co.uk/news/world-europe-17220813", "tags": "media estonia regulated eesti profile losing print medium lightly tvs"}