{"title": "EU approves airline passenger records directive", "content": "The European Parliament has approved a joint system for police and justice officials to access airline passenger data on all flights to and from the EU.\nThe measure was passed by 461 votes to 179 against.\nCounter-terrorism officials have lobbied for years for the introduction of Passenger Name Records (PNR), arguing that sharing data will help them trace suspicious itineraries. \nEU countries will have two years to turn it into national law.\nThe data in question is already collected by airlines but the new legislation sets out detailed rules for national authorities to access it when tackling serious crime.\nGun and bomb attacks by the Islamic State (IS) group in Paris last year and Brussels this year have boosted support for such data monitoring in the EU.\nThe European Commission welcomed Thursday's vote, calling it a \"strong expression of Europe's commitment to fight terrorism and organised crime\".\nFrance's Interior Minister Bernard Cazeneuve said in a statement (in French) the new system would be a \"precious tool to strengthen the security of European citizens\".\n\"Passenger Information Units\" (PIUs) will be set up in each member state to store data.\nThe text of the new measure rules out any processing of data revealing a person's race or ethnic origin, religion, political opinion, trade union membership, health or sexual life. \nPIUs will be obliged to delete any such data if they receive it. \nThe new system will still require the approve of the European Council, which represents member states.", "date": "14 April 2016", "href": "https://www.bbc.com/news/world-europe-36044655", "tags": "approves records airline eu directive passenger pius"}