{"title": "EU to curb thinnest plastic bags in anti-pollution push", "content": "The European Parliament has voted to limit the use of plastic bags in Europe, in a drive to curb pollution.\nThe vote has been hailed as an important environmental step. But critics say the targets should not be mandatory and countries should be allowed to take their own measures.\nThe law applies to lightweight plastic bags thinner than 0.05mm - the most commonly used in the EU.\nSuch bags are less reusable and often pollute seas and rivers.\nIn the future, EU countries will have two ways to implement the agreement:\nA Danish MEP, Margrete Auken, steered the legislation through parliament and said it was a major step for the environment.\n\"We are talking about an immense environmental problem, with hundreds of billions of plastic bags being used every year.\n\"We will make sure that action is taken,\" she said. \"The [European] Commission says countries should do these things themselves, but they are not doing them themselves! This is a genuine win-win situation.\"\nBut the Irish MEP Luke Flanagan from the European United Left political group disagreed.\n\"I agree with the concept of introducing taxes to reduce the consumption of plastic bags. It has been introduced in Ireland to great effect. \n\"However, the other side of the argument has to be looked at: what has it driven us to use? More paper bags, rather than... reusable bags.\n\"If you force member states to do something, they won't do it right, you do something because you want to do it! Leave it up to the member states.\"", "date": "28 April 2015", "href": "https://www.bbc.com/news/world-europe-32495059", "tags": "mep bags thinnest curb eu anti-pollution reusable push drive plastic"}