{"title": "Eurovision 2018: The night in pictures", "content": "It was a night of many memorable performances and moments - here is a selection of some of them.\nIsrael's Netta Barzilai was greeted with her prize by last year's winner Salvador Sobral, who handed the glass microphone over with a smile - despite having previously said the song was \"horrible\". \nNetta was evidently delighted with her win...\nAs were her many fans - she stormed the final vote at the last minute.\nHot favourite Eleni Foureira, singing for Cyprus, ended up in second place. \nAustria's Cesar Sampson came a very respectable third place, drawing comparisons with Rag'n'Bone Man. \nSuRie was widely praised for her calm handling of a stage invader in the middle of her performance. The man was arrested and held in custody by police. \nIf ever there's a night to wear an outrageously huge dress, this is it. Estonia's Elina Nechayeva was happy to oblige.\nLithuania's Ieva Zasimauskaite competed in Eurovision as part of the junior song contest when she was 14, returning aged 24.\nA very perky Benjamin Ingrosso sang for Sweden this year, but despite some solid scores he ended up in seventh place out of the 26 acts.\nThe Netherlands' Waylon was a crowd-pleaser with Outlaw in 'Em.\nClaudia Pascoal performed O Jardim for Portugal, but after the country's victorious performance last year, she came bottom of the leaderboard - with just 39 points. \nFollow us on Facebook, on Twitter @BBCNewsEnts, or on Instagram at bbcnewsents. If you have a story suggestion email entertainment.news@bbc.co.uk.", "date": "13 May 2018", "href": "https://www.bbc.com/news/entertainment-arts-44096619", "tags": "greeted netta performances selection memorable ended eurovision night pictures barzilai"}