{"title": "Ex-Pakistan leader Pervez Musharraf hospitalized over heart condition", "content": "Story highlightsFormer military leader of Pakistan is in intensive care, his spokeswoman saysHe is receiving treatment for complications related to a heart condition but is stable\nIslamabad, Pakistan (CNN)Former Pakistani President Pervez Musharraf is in intensive care in the hospital after falling ill Thursday, his spokeswoman told CNN.\nMusharraf became breathless and was taken to PNS Shifa Hospital in Karachi, spokeswoman Aasia Ishaque said.\n\nHe is receiving treatment in an intensive care unit for complications related to a heart condition and is in stable condition, she said.\nThe former army general, who became president in 1999 after leading a bloodless coup, resigned as Pakistan's leader in 2008.\nFacing charges that he had violated the constitution by unlawfully declaring emergency rule, Musharraf fled Pakistan for the United Kingdom in 2009 but returned four years later with the aim of running in national elections. \nLast month an anti-terrorism court acquitted him in the killing of a Baloch nationalist leader in 2006.", "date": "February 11, 2016 ", "href": "https://edition.cnn.com/2016/02/11/asia/pakistan-former-president-musharraf-hospitalized/", "tags": "leader receiving spokeswoman condition hospitalized intensive complications ex-pakistan stable heart musharraf pervez"}