{"title": "Facial scans to identify bad Elvises at Porthcawl festival", "content": "Elvis impersonators will have their faces scanned by police in a bid to catch troublemakers and criminals. \nAbout 35,000 fans of The King are expected to attend the world's largest Elvis festival in Porthcawl, Bridgend, on 22 September.\nSouth Wales Police will use facial recognition technology - used at the Champions League - to seek out wanted criminals and known troublemakers.\nInsp Scott Lloyd said it would help stamp out anti-social behaviour.\nThe technology was trialled on 3 June at the UEFA Champion's League Final in Cardiff, with 70,000 fans' faces scanned and matched against 500,000 \"custody images\" during the match at the Principality Stadium.\nIt will be used at the Porthcawl festival, which takes place over three days, to seek out those who have caused problems at the festival in the past.\nOfficers will then engage with identified suspects \"one-to-one\" in a bid to help the festival run without any problems.\nThe force said while people's privacy would be respected the move would help prevent crime.\nInsp Lloyd said: \"We want them to enjoy the festival without causing the issues that they may have been involved in during previous years.\n\"The facial recognition technology is just one of the tools that we will be using to help with preventing crime and disrupting anti-social behaviour at the event,\" he added.", "date": "18 September 2017", "href": "https://www.bbc.co.uk/news/uk-wales-south-east-wales-41307830", "tags": "porthcawl elvises identify facial criminals elvis seek bad scans insp festival troublemakers scanned bid"}