{"title": "Federal judge overturns Montana's ban on same-sex marriage", "content": "Story highlightsU.S. District Court Judge Brian Morris' order is effective immediatelyMontana can no longer deprive same-sex couples of the \"chance to marry their loves\"Morris was appointed by President Barack Obama in December 2013\nA federal judge overturned Montana's same-sex marriage ban Wednesday, making it the 34th state in the nation to allow such unions.\nU.S. District Court Judge Brian Morris' order was effective immediately.\n\"Montana no longer can deprive Plaintiffs and other same-sex couples of the chance to marry their loves. This Court recognizes that not everyone will celebrate this outcome,\" he wrote in the ruling.\nEvangelicals step back from gay marriage fight\n\"This decision overturns a Montana Constitutional amendment approved by the voters of Montana. Yet the United States Constitution exists to protect disfavored minorities from the will of the majority,\" the judge said.\nMorris added: \"The time has come for Montana to follow all the other states within the Ninth Circuit and recognize laws that ban same-sex marriage violate the constitutional right of same-sex couples to equal protection of the laws.\"\nFederal court overturns South Carolina same-sex marriage ban\nAccording to the ruling, Montana is one of 34 states that now permit same-sex marriage.\nMorris was appointed by President Barack Obama in December 2013.", "date": "November 19, 2014 ", "href": "https://edition.cnn.com/2014/11/19/us/montana-same-sex-marriage/", "tags": "judge brian marriage montana effective ban deprive same-sex morris loves overturns federal marry"}