{"title": "Former Donald Trump Aide Explains Why He Won't Fire Kellyanne Conway", "content": "President Donald Trump won\u2019t likely fire or publicly trash White House counselor Kellyanne Conway for one big reason, according to one of the president\u2019s former aides.\nCliff Sims \u2014 whose tell-all book Team of Vipers, about his 500 days working as Trump\u2019s director of message strategy, was published Tuesday \u2014 told \u201cThe Late Show\u201d host Stephen Colbert on Monday that Conway\u2019s standing was all about loyalty.\n\u201cOne thing that never goes out of style in the Trump White House is someone who\u2019s willing to go out on TV and just fight it out with somebody,\u201d\u00a0Sims explained. Trump, according to Sims, knew Conway was willing to \u201cgo out there on any show and defend him.\u201d\nThat was even amid rumors that Conway had been criticizing Trump in private, and her attorney husband George Conway\u2019s very public criticism of the president on Twitter.\nColbert asked if public loyalty was more important to Trump than private loyalty.\n\u201cI think that there\u2019s no doubt that public loyalty to the president is of utmost importance to him,\u201d Sims replied.\nCheck out the clip here:", "date": "\n01/29/2019", "href": "https://www.huffpost.com/entry/donald-trump-fire-kellyanne-conway-cliff-sims-colbert_n_5c504c8ee4b0f43e410af810", "tags": "wo conway fire kellyanne trump explains willing donald former aide loyalty sims"}