{"title": "Former Bush Ethics Attorney Richard Painter Explains Why Donald Trump Has To Go", "content": "Richard Painter, the former chief ethics attorney for President George W. Bush, has explained why he believes President Donald Trump\u00a0has to be removed from office immediately.\nPainter described Trump\u2019s declaration of a national emergency to pay for his promised wall on the U.S.-Mexico border as \u201cclearly illegal\u201d on Monday\u2019s broadcast of MSNBC\u2019s \u201cThe 11th Hour with Brian Williams.\u201d\n\u201cI think we need to understand, though, why we\u2019re in this situation,\u201d he said. \u201cThe president is not well at all mentally. I think he\u2019s an extreme narcissist. He has been denied what he wants, his wall, and he is having a hissy fit. He is out of control, and he will not take \u2018no\u2019 for an answer from Congress.\u201d\nPainter claimed Trump\u2019s emergency declaration is \u201cunconstitutional,\u201d \u201cillegal\u201d and warned it would \u201ctear the country apart\u201d and do \u201cenormous damage\u201d to the Republican Party.\nTrump \u201cdoes need to be removed under the 25th amendment, but he stocked his cabinet with people who are unwilling to do that, and Congress is apparently unwilling to even try to remove him through impeachment,\u201d he added.", "date": "\n02/19/2019", "href": "https://www.huffpost.com/entry/richard-painter-donald-trump-removed_n_5c6bbd5ee4b0b9cc78ffd688", "tags": "unwilling painter trump explains w. go attorney richard former donald ethics bush"}