{"title": "Former Sotheby\u2019s Auctioneer to Advise on Newhouse Art Collection", "content": "The art world has long wondered what would become of S.I. Newhouse Jr.\u2019s formidable art collection after his death, since the media mogul had been ill for some time.\nNow \u2014 with Mr. Newhouse\u2019s death earlier this month \u2014 the beginning of its fate has been determined. The Newhouse family has appointed as its representative Tobias Meyer, the art adviser and former principal auctioneer at Sotheby\u2019s.\n\u201cMr. Meyer is working closely with us on all matters related to the art collection, and will be advising us in the coming months and years,\u201d the family said in a statement. \u201cWe look forward to working with him.\u201d\nMr. Meyer said in a statement: \u201cSi Newhouse possessed an incredible eye, and with astuteness and passion assembled one of the greatest collections of 20th century art. He was my mentor and friend, and I am honored to now work with his family.\u201d\nStill ahead for the Newhouse family are decisions like how much of the art to sell, when to sell it and where. Every auction house would love to get all or at least some of the collection, which includes such works as Andy Warhol\u2019s 1964 painting of Marilyn Monroe \u201cOrange Marilyn,\u201d and Lucian Freud\u2019s 1993 self-portrait \u201cPainter Working, Reflection.\u201d", "date": "Oct. 11, 2017", "href": "https://www.nytimes.com/2017/10/11/arts/design/si-newhouse-art-collection-tobias-meyer-sothebys.html", "tags": "collection marilyn newhouse advise meyer art former auctioneer wondered sotheby"}