{"title": "Four hurt in baseball bat attack at Australian university", "content": "Four people have been injured by a student wielding a baseball bat in a classroom at an Australian university, according to police.\nThe suspect, an 18-year-old man, had been seated when he rose and assaulted a lecturer at the Australian National University in Canberra, police said.\nHe then allegedly attacked students who went to her aid, before being subdued.\nPolice said it was too early to determine a motive for the attack. The suspect was not known to authorities.\nDetective Supt Ben Cartwright said campus security had restrained the man until police arrived.\n\"I believe one the students has actually taken the baseball bat from the student with it, and run away with it, and then returned later and given it to police,\" he said.\nThree women and a man were taken to hospital with injuries not considered to be life-threatening, police said.\nDetective Supt Cartwright said the suspect was not known to police or intelligence agencies.\n\"It is too early to know the motivation behind this alleged assault and at this stage [police] have not ruled anything out,\" he said.\nThe university's deputy-vice chancellor, Marnie Hughes-Warrington, called it an \"isolated and random incident\".\n\"The second thing I want to do is to acknowledge the remarkable bravery of our students and our staff during this incident,\" she said.", "date": "25 August 2017", "href": "https://www.bbc.co.uk/news/world-australia-41045781", "tags": "detective supt bat four hurt attack cartwright australian university baseball"}