{"title": "Fox News\u2019 Chris Wallace- Previous Presidents' National Emergencies Have Been \u2018Real\u2019", "content": "Fox News\u2019\u00a0Chris Wallace picked apart\u00a0Donald Trump\u2019s declaration of a national emergency to release money for his proposed U.S.-Mexico border wall by suggesting that those enacted by previous presidents were \u201con real\u201d issues.\nWallace explained on Friday\u2019s broadcast of \u201cShep Smith Reporting\u201d how \u201cthere are 30 or 31 emergencies\u201d that have \u201cbeen enacted by earlier presidents that are still active.\u201d\n\u201cBut they are on very different matters,\u201d he noted. \u201cThey\u2019re on real national emergencies, just things like freezing the funding, the assets in this country of terrorists.\u201d\nWallace said he didn\u2019t think \u201cthere\u2019s ever been a declaration of emergency\u201d like Trump\u2019s over the wall, which he noted followed a years-long debate.", "date": "\n02/16/2019", "href": "https://www.huffpost.com/entry/fox-news-chris-wallace-donald-trump-national-emergency_n_5c67b431e4b05c889d1f7bed", "tags": "picked national enacted fox apart news previous chris presidents wallace emergencies real wallace-"}