{"title": "Fox News' Jesse Watters Gets Schooled Over Nonsensical Winter Solar Panels Claim", "content": "Fox News host Jesse Watters demonstrated on Thursday that he clearly has no idea how solar panels actually work.\n\u201cThe Five\u201d host was attempting to pour cold water on the Green New Deal\u00a0put forward by left-leaning Democrats, including Rep. Alexandria Ocasio-Cortez (D-N.Y.), when he asked:\nCheck out the clip, via Media Matters, here:\nWatters\u2019 comment echoed a similar claim made by Jim Hoft of the right-wing website Gateway Pundit:\nOcasio-Cortez fired back at Hoft\u2019s tweet:\nThe freshman lawmaker also copied in known climate change-denier President Donald Trump on a further post:\nThe Department of Energy released this video in 2017 to explain how solar panels work just as well in winter and snow as in the summer:\nTwitter users were unforgiving to both Watters and Hoft:", "date": "\n02/01/2019", "href": "https://www.huffpost.com/entry/fox-news-jesse-watters-solar-panels_n_5c540aa7e4b043e25b1b2168", "tags": "solar claim jesse clearly panels attempting fox news gets schooled nonsensical pour winter hoft demonstrated watters"}