{"title": "Fox News' Laura Ingraham- New York Times Is Selling Its 'Own Version Of Reality'", "content": "Fox News host Laura Ingraham hypocritically accused The New York Times of selling its \u201cown version of reality\u201d on Wednesday night.\n\u201cThe Ingraham Angle\u201d host \u2015 who has previously likened child immigrant detention centers to summer camps or boarding schools \u2015 made the claim while attacking former President Barack Obama\u2019s\u00a0lamenting of the shift in the media landscape which meant Fox viewers now had an \u201centirely different reality\u201d to that of Times\u2019 readers.\n\u201cObama is spending his non-retirement pining away for the bygone era when liberals dominated all media platforms,\u201d said Ingraham.\n\u201cOh yes, it is entirely different. We see the world as it is, while The New York Times and certain other networks sell their own version of reality,\u201d she added.\nCheck out the clip here:", "date": "\n11/29/2018", "href": "https://www.huffpost.com/entry/fox-news-laura-ingraham-new-york-times-reality_n_5bffd358e4b08506231a08ae", "tags": "selling version ingraham- fox news york reality laura new hypocritically entirely times"}