{"title": "Fox Business' Lou Dobbs Turns On Donald Trump- Nancy Pelosi \u2018Just Whipped\u2019 Him", "content": "Fox Business\u2019 Lou Dobbs on Friday chided President Donald Trump for agreeing to temporarily reopen the federal government and backtrack on his demand that Congress fund a wall on the U.S.-Mexico border.\nHouse Speaker Nancy Pelosi (D-Calif.) has \u201cjust whipped the President of the United States,\u201d the \u201cLou Dobbs Tonight\u201d host told his guests,\u00a0former acting ICE director\u00a0Thomas Homan and former Trump aide Sebastian Gorka.\n\u201cYou know I\u2019m an animated, energetic supporter of this president. But you\u2019ve got to call it as it is,\u201d explained Dobbs. \u201cThis president said it was going to be conditional, border security, building that wall, and he just reversed himself. That\u2019s a victory for Nancy Pelosi.\u201d\n\u201cIt will be perceived as such on every television monitor and screen in the country,\u201d he added. \u201cAnd to deny it is to try to escape from reality. And that, we ain\u2019t going to do here.\u201d\nGorka tried to spin the developments by claiming it was \u201ca masterstroke\u201d by Trump.\u00a0But Dobbs was adamant. Pelosi was the \u201cwinner\u201d and Trump \u201cgot rolled on this,\u201d he said in the clip shared online by Media Matters:", "date": "\n01/26/2019", "href": "https://www.huffpost.com/entry/fox-business-lou-dobbs-donald-trump-nancy-pelosi_n_5c4c3188e4b0e1872d440fb9", "tags": "trump- dobbs lou fox gorka business turns whipped chided donald nancy pelosi"}