{"title": "Fox News' Tucker Carlson Stuns Himself By Agreeing With Alexandria Ocasio-Cortez", "content": "Fox News host Tucker Carlson admitted Tuesday, in a rare moment of nonpartisanism, that he actually agreed on something with Democratic Congresswoman-elect Alexandria Ocasio-Cortez.\nCarlson said it was \u201chard to argue with\u201d the progressive newcomer\u2019s criticism of e-commerce giant Amazon, which has received $2 billion in tax incentives in exchange for locating its two new headquarters in Long Island City, New York, and Arlington, Virginia.\nOcasio-Cortez, who won her race for a U.S. House seat in New York\u2019s 14th District at last week\u2019s midterm elections,\u00a0railed against Amazon\u2019s announcement in a series of tweets:\n\u201cHate to admit it but Alexandria Ocasio-Cortez has a very good point,\u201d Carlson responded on his show.\n\u201cThat\u2019s the only time I\u2019ve ever agreed with Alexandria Ocasio-Cortez, but it\u2019s hard to argue with the internal logic of her point. The richest man in the world just got $2 billion in taxpayer subsidies? How does that work?\u201d he added.", "date": "\n11/14/2018", "href": "https://www.huffpost.com/entry/fox-news-tucker-carlson-alexandria-ocasio-cortez_n_5bebd78ce4b0caeec2bf7087", "tags": "carlson agreeing ocasio-cortez fox tucker news stuns alexandria argue rare admitted"}