{"title": "Fox News' Sean Hannity Issues Warning To People Saying Donald Trump 'Caved'", "content": "Many right-wing figures lined up Friday night to criticize President Donald Trump for temporarily ending the government shutdown for three weeks without having convinced Congress to fund his proposed U.S.-Mexico border wall.\nControversial commentator Ann Coulter called Trump \u201cthe biggest wimp ever to serve as president\u201d and Fox Business host Lou Dobbs said Trump had been \u201cwhipped\u201d by House Speaker Nancy Pelosi (D-Calif.).\nFox News\u2019\u00a0Sean Hannity, however, had a different take.\nThe \u201cHannity\u201d host, who is a staunch supporter of the president and even joined him on stage at a Missouri rally ahead of the 2018 midterms, insisted that Trump still \u201cholds all the cards\u201d when it comes to negotiating with Congress for the wall.\nHannity claimed that Trump would simply declare a national emergency to obtain the funds if he couldn\u2019t seal a deal for the wall with Congress during the next three weeks that the government is reopened.\n\u201cAnyone out there, by the way, thinking President Trump caved today, you don\u2019t really know the Donald Trump I know,\u201d Hannity claimed in the clip shared online by Media Matters. \u201cHe will secure the border, one way or another.\u201d", "date": "\n01/26/2019", "href": "https://www.huffpost.com/entry/fox-news-sean-hannity-donald-trump-shutdown_n_5c4c5405e4b06ba6d3bd6dfd", "tags": "sean saying fox news hannity trump warning issues donald people"}