{"title": "Fox News' Laura Ingraham Trolls Taylor Swift With Song Lyrics", "content": "Taylor Swift\u2019s own lyrics were used against her by Fox News host Laura Ingraham after the pop star\u2019s preferred candidate was defeated in Tuesday\u2019s midterm elections.\nIngraham tweeted at Swift \u201chaters gonna hate,\u201d with the hashtag #shakeitoff.\nSwift had earlier revealed her vote for former Gov. Phil Bredesen (D) in the Tennessee Senate race, who eventually lost out to Rep.\u00a0Marsha Blackburn\u00a0(R).\nSwift broke her silence on politics with an impassioned plea on Instagram in October,\u00a0in which she urged people to register to vote. It reportedly\u00a0spurred thousands of new registrations.\n\u201cSo many intelligent, thoughtful, self-possessed people have turned 18 in the past two years and now have the right and privilege to make their vote count,\u201d she wrote.", "date": "\n11/07/2018", "href": "https://www.huffpost.com/entry/laura-ingraham-taylor-swift-midterms-taunt_n_5be2b940e4b0dbe871a504d3", "tags": "taylor fox news lyrics defeated ingraham trolls laura song preferred swift"}