{"title": "Fox News Legal Analyst Calls Out Donald Trump's Latest \u2018Very Dangerous Trend\u2019", "content": "Fox News senior judicial analyst Andrew Napolitano has accused President Donald Trump of thrice violating the separation of powers in the last week.\nHe described it as a \u201cvery dangerous trend\u201d in a \u201cJudge Napolitano\u2019s Chambers\u201d segment that the widely watched conservative network\u2019s website shared online Wednesday.\nNapolitano said Trump\u2019s reported instruction to acting Defense Secretary Patrick Shanahan to divert money that Congress had authorized to buy a missile defense system to instead pay for a section of his promised U.S.-Mexico border wall one was instance.\n\u201cHe asked Congress for the money, and the Congress said no, and he took the money anyway,\u201d Napolitano explained. \u201cThat violates the separation of powers.\u201d\nOther instances were Trump\u2019s direction for Shanahan to send troops to the southern border and his hiking of tariffs on products imported from China, which Napolitano described as \u201ca national federal sales tax imposed by the president and not by the Congress.\u201d\nNapolitano last month dubbed Trump \u201cunlawful, defenseless and condemnable,\u201d\u00a0which earned him a rebuke from the president on Twitter.\nHe concluded:\nCheck out the clip here:", "date": "\n05/16/2019", "href": "https://www.huffpost.com/entry/andrew-napolitano-donald-trump-3-instances_n_5cdd1a01e4b01571365c2199", "tags": "andrew latest trend fox news analyst calls napolitano trump separation shanahan legal dangerous donald"}