{"title": "France Stadium Attack Survivor Says Phone Saved His Life", "content": "A reported survivor of one of several devastating attacks that rocked Paris on Friday night says that his phone saved his life.\u00a0\n\"This was the phone that took the hit -- that's what saved me,\" the man told iTele news channel. \"Otherwise my head would have been shattered.\"\niTele identified the witness as Sylvestre, who says he was in Paris' main stadium when two suicide bombings and an explosion hit the field. At least three people were killed and several more were injured.\nIn the video,\u00a0Sylvestre says his abdomen and foot were also hit, and showed some of the damage to iTele.\nThe attack on Stade de France\u00a0occurred during a soccer match between France and Germany. It was one of at least six attacks that took place, the deadliest of which was a shooting in the Bataclan theater.\nAlso on HuffPost:", "date": "\n11/14/2015", "href": "https://www.huffpost.com/entry/france-stadium-attack-survivor-cellphone_n_5646c1f0e4b045bf3def3d2c", "tags": "rocked stadium sylvestre phone france survivor itele saved devastating attack life says"}