{"title": "Franklin Graham Gets Holy Hell After Telling Pete Buttigieg To Repent For Being Gay", "content": "Evangelist Franklin Graham is being called out for hypocrisy after slamming 2020 Democratic presidential hopeful Pete Buttigieg for \u201csin\u201d because he is gay.\u00a0\nIn a series of tweets on Wednesday, Graham said being gay is \u201csomething to be repentant of, not something to be flaunted, praised or politicized,\u201d and criticized Buttigieg for being in a same-sex marriage.\u00a0\u00a0\nButtigieg has talked openly about his sexuality and his Episcopalian faith, and has called out evangelicals who support anti-LGBTQ policies.\u00a0\n\u201cI don\u2019t have a problem with religion. I\u2019m religious, too,\u201d he told Ellen DeGeneres earlier this month. \u201cI have a problem with religion being used as a justification to harm people.\u201d\u00a0\nButtigieg also has pointed out the \u201cunbelievable\u201d hypocrisy of the religious right for unwavering support of President Donald Trump.\nThat group would include Graham, who applies his biblical principles very differently when it comes to Trump,\u00a0defending him through more than 8,000 documented lies and even dismissing the alleged affair with porn star Stormy Daniels.\u00a0\nPeople on Twitter were quick to remind Graham of this double-standard:\u00a0", "date": "\n04/24/2019", "href": "https://www.huffpost.com/entry/franklin-graham-pete-buttigieg_n_5cc10fb8e4b01b6b3efc6e6c", "tags": "graham pete hopeful gets evangelist holy hell telling repent buttigieg gay slamming franklin hypocrisy"}