{"title": "France passes bill banning 'excessively thin' models", "content": "French MPs have adopted a bill aimed at banning the use of fashion models deemed to be \"excessively thin\". \nModels will need a doctor's certificate that their health is \"compatible with the practise of the profession\".\nEmployers who break the law could face up to six months in jail and a \u20ac75,000 fine (\u00a354,000, $81,000). \nA previous version of the bill had suggested a minimum Body Mass Index (BMI) for models, prompting protests from modelling agencies in France. \nBut the final draft approved on Thursday allows doctors to decide whether a model is too thin by taking into account their weight, age, and body shape.\nIt also says that digitally altered images making a model's silhouette \"narrower or wider\" should be labelled \"touched up\".\nFrance is not the first country to legislate on underweight models - Italy, Spain and Israel have all done so.\nAnorexia affects between 30,000 to 40,000 people in France, 90% of whom are women.", "date": "18 December 2015", "href": "https://www.bbc.co.uk/news/world-europe-35130792", "tags": "thin bill passes aimed france models deemed banning excessively compatible adopted"}