{"title": "Franklin Graham Comes Up With A Brazen New Way To Excuse 8,000- Trump Lies", "content": "President Donald Trump has made more than 8,000 \u201cfalse or misleading claims\u201d in his first two years in office, according to the Washington Post. But evangelical leader Franklin Graham doesn\u2019t see it that way.\u00a0\nWhen pressed by MSNBC\u2019s Craig Melvin, Graham refused to acknowledge a single one of the falsehoods, saying only that Trump misspeaks sometimes, just like \u201call of us.\u201d\u00a0\n\u201cYou and I both know that this president has said things, over and over, that aren\u2019t true,\u201d Melvin said.\u00a0\n\u201cNo, I don\u2019t know that,\u201d said Graham. \u201cI don\u2019t sit around and try to find every fault in the president every day, looking for everything that he might have misspoken or mis-said. I don\u2019t do that.\u201d\nMelvin tried again: \u201cBut you can acknowledge that the president has said things that aren\u2019t true?\u201d\nBut Graham wouldn\u2019t bite:\u00a0\nGraham, son of the late Christian leader\u00a0Billy Graham, was an early Trump supporter during the presidential campaign and has since been a frequent defender.\u00a0", "date": "\n01/31/2019", "href": "https://www.huffpost.com/entry/franklin-graham-trump-lies_n_5c529489e4b093663f5b2335", "tags": "graham lies way comes acknowledge trump melvin brazen new misleading franklin excuse"}