{"title": "France bans extremely thin models", "content": "A law in France banning the use of unhealthily thin fashion models has come into effect. \nModels will need to provide a doctor's certificate attesting to their overall physical health, with special regard to their body mass index (BMI) - a measure of weight in relation to height.\nThe health ministry says the aim is to fight eating disorders and inaccessible ideals of beauty.\nDigitally altered photos will also have to be labelled from 1 October.\nImages where a model's appearance has been manipulated will need to be marked photographie retouch\u00e9e (English: retouched photograph).\nA previous version of the bill had suggested a minimum BMI for models, prompting protests from modelling agencies in France. \nBut the final version, backed by MPs 2015, allows doctors to decide whether a model is too thin by taking into account their weight, age, and body shape.\nEmployers breaking the law could face fines of up to 75,000 euros (\u00a363,500; $82,000) and up to six months in jail.\n\"Exposing young people to normative and unrealistic images of bodies leads to a sense of self-depreciation and poor self-esteem that can impact health-related behaviour,\" said France's Minister of Social Affairs and Health, Marisol Touraine, in a statement on Friday, French media report.\nFrance is not the first country to legislate on underweight models - Italy, Spain and Israel have all done so.\nAnorexia affects between 30,000 to 40,000 people in France, 90% of whom are women.", "date": "6 May 2017", "href": "https://www.bbc.co.uk/news/world-europe-39821036", "tags": "thin bans extremely france bmi models banning unhealthily"}