{"title": "George Conway Reveals Why Donald Trump 'Couldn't Be Allowed' To Talk To Robert Mueller", "content": "George Conway risked reigniting his Twitter feud that\u2019s been raging with Donald Trump this week as he offered an explanation Thursday as to why the president hadn\u2019t spoken to special counsel Robert Mueller as part of his Russia investigation.\nConway claimed that a lawyer for Trump told him the president \u201ccouldn\u2019t be allowed\u201d to talk to Mueller because\u00a0\u201che\u2019d lie his ass off.\u201d\nThe conservative attorney, who is married to White House counselor Kellyanne Conway, doubled down in other posts on his suggestion that Trump is mentally unfit for office.\nHe also bashed him for lying \u201ceven when it makes no sense to lie\u201d and said\u00a0\u201cthe two keys to understanding Trump\u201d were his \u201cnarcissism and compulsive prevarication.\u201d Trump was the \u201cworst kind of dumb,\u201d he added.\nTrump has fired back at Conway\u2019s earlier attacks, calling him the \u201chusband from hell\u201d and a \u201cstone cold LOSER,\u201d but has yet to respond to the latest tweets.\nCheck out Conway\u2019s posts here:", "date": "\n03/21/2019", "href": "https://www.huffpost.com/entry/george-conway-donald-trump-worst-kind-of-dumb_n_5c93762ce4b08c4fec34e6c3", "tags": "robert explanation talk risked reveals mueller feud spoken lie trump george allowed donald conway reigniting raging"}