{"title": "George Conway Taunts Donald Trump With Stream Of Consciousness Tweet About Kim Jong Un", "content": "George Conway risked renewing hostilities\u00a0with President Donald Trump on Wednesday when he posted a sarcastic stream of consciousness-style tweet about North Korea.\nThe conservative attorney, who is married to White House counselor Kellyanne Conway, responded with a withering post to a story in The New York Times reporting North Korean dictator Kim Jong Un had supervised the testing of a new tactical guided weapon.\nTrump has twice met with Kim in a bid to curb North Korea\u2019s missile program.\nHowever, their February summit in Vietnam ended abruptly without a nuclear deal.\nConway, who has become a prominent critic of his wife\u2019s boss, last month accused Trump of being \u201cincompetent\u201d and \u201csimply inept\u201d following his unexpected reversal of day-old North Korea-linked sanctions:", "date": "\n04/18/2019", "href": "https://www.huffpost.com/entry/george-conway-donald-trump-kim-jong-un_n_5cb8229ce4b096f7d2dc1e0f", "tags": "jong kim hostilities tweet consciousness-style risked taunts sarcastic consciousness trump un george stream renewing donald conway"}