{"title": "George Clooney Melts Hearts With Surprise Visit To 87-Year-old Superfan", "content": "George Clooney made a retiree\u2019s dreams come true when he showed up to celebrate her 87th birthday.\nThe Hollywood movie star gave Pat Adams the surprise of her life when he paid her an unexpected visit at Sunrise Senior Living UK\u2019s residential home in Sonning, southeast England, on Sunday.\nClooney presented Adams with a beautiful bouquet of flowers and a card before talking with her for around 15 minutes.\n\u201cThis was a classy gesture\u00a0from a wonderful man,\u201d said a Sunrise spokesman. \u201cShe was absolutely thrilled to meet her great icon, and it was such a lovely surprise to see George greet her with flowers and a card.\u201d\u00a0\nClooney\u2019s visit came about after Adams had repeatedly wished, through the home\u2019s \u201cWish upon a star\u201d program, that she\u2019d one day come face-to-face with her idol.\nAs the actor lives nearby with his wife, human rights lawyer Amal Clooney, a spokesman for the home said he\u2019d been \u201cinspired to make a visit\u201d after receiving several requests from staff on Adams\u2019 behalf.\nAdams later described Clooney as \u201ccharming\u201d and said she\u2019d \u201ctreasure\u201d the card he gave her.\u00a0She also invited Clooney to return with his twins\u00a0once they are born. \u201cI wish him well with them, because he\u2019s a very nice man,\u201d she added.", "date": "\n03/21/2017", "href": "https://www.huffpost.com/entry/george-clooney-retiree-flowers_n_58d1152fe4b0be71dcf7ca19", "tags": "adams melts retiree superfan surprise wish clooney sunrise hearts george visit"}