{"title": "George Conway Offers Fishy Explanation For Donald Trump's Lies", "content": "George Conway isn\u2019t buying former White House communications director Anthony Scaramucci\u2019s claim that President Donald Trump lies \u201cbecause he thinks it\u2019s fun.\u201d\nThe conservative attorney, who is married to White House counselor Kellyanne Conway, on Friday appeared to suggest that Trump\u2019s fondness for telling untruths is actually more deep-seated.\nHe used a fish-themed tweet to explain:\n\u201cThink of fish,\u201d Conway wrote. \u201cFish don\u2019t swim because they think it\u2019s fun; they swim because they\u2019re fish.\u201d\nThe Washington Post reports that, as of Mar. 31, Trump had made 9,451 false or misleading claims since his inauguration.\u00a0That is an average of 11+ lies for each of his 801 days in office.\nConway has, despite his wife\u2019s position within the Trump White House, repeatedly used Twitter to criticize the president and question his mental health.\nTrump finally fired back in March when he called Conway a \u201chusband from hell\u201d and a \u201cstone cold LOSER.\u201d The lawyer remains undeterred, however, as these recent tweets and retweets that are critical of the president prove:", "date": "\n04/06/2019", "href": "https://www.huffpost.com/entry/george-conway-anthony-scaramucci-donald-trump-fishy_n_5ca87033e4b0dca03301db85", "tags": "lies explanation buying trump george swim communications fishy donald conway offers"}