{"title": "George Clooney's Ex-Anchorman Dad Isn't Having It With Sinclair", "content": "Veteran journalist Nick Clooney, the father of movie star\u00a0George Clooney, says that Sinclair Broadcast Group\u2019s scripted editorial stunt is \u201cbeyond the pale\u201d and would never have happened in his day.\nThe right-wing media giant faced widespread criticism this week after video emerged showing\u00a0a small army of local news anchors at its 170-plus TV stations nationwide reading a carbon-copy script bashing the \u201cfalse news\u201d and \u201cfake stories\u201d of other outlets.\nClooney was a news anchor for more than a decade in the 1970s and 1980s on Cincinnati\u2019s Channel 12 WKRC-TV, which is now owned by Sinclair.\n\u201cI have no idea what these folks\u00a0are doing for a living, but it isn\u2019t news,\u201d Clooney told the Cincinnati Enquirer on Monday.\nClooney acknowledged that scripted editorials written by the station\u2019s owners would have been read on air during his time at the station.\nBut they would have been clearly identified as such, or the owners would have read them out themselves, he said.\n\u201cTo borrow the credibility of the anchor and the reporter is beyond the pale,\u201d Clooney told the Enquirer. \u201cIf all they want is a puppet, a marionette, you can get them a lot cheaper.\u201d", "date": "\n04/03/2018", "href": "https://www.huffpost.com/entry/george-clooney-nick-clooney-sinclair-news-station_n_5ac36f1ae4b00fa46f862dbc", "tags": "beyond ex-anchorman veteran clooney pale george sinclair dad anchor cincinnati nick scripted"}