{"title": "George Conway Mocks Donald Trump's Negotiating Skills With 'Art Of The Deal' Rewrite", "content": "George Conway went all in with his latest attack on President Donald Trump.\nThe conservative attorney, who is married to Trump\u2019s top aide and adviser Kellyanne Conway, went on a blistering tweet binge Friday, calling Trump a \u201cjoke\u201d and \u201can incompetent fool.\u201d\nIt followed Trump\u2019s temporary backtracking over his demands that Congress allocate money for a wall on the U.S.-Mexico border, which saw him strike a deal\u00a0to reopen the federal government\u00a0after the longest shutdown in U.S. history.\nConway also mockingly rewrote the title of Trump\u2019s 1987 memoir, The Art Of The Deal.\nConway later shared the Merriam-Webster dictionary\u2019s report on spikes in search for the term \u201ccave.\u201d\u00a0\nAnd he suggested this would be a better word to describe the president:", "date": "\n01/26/2019", "href": "https://www.huffpost.com/entry/george-conway-donald-trump_n_5c4c11fbe4b0287e5b8ad30e", "tags": "aide kellyanne blistering skills trump rewrite george deal donald negotiating conway mocks"}