{"title": "George Clooney Torches Donald Trump's 'Rampant Dumbf--kery' In Parody PSA", "content": "George Clooney is done with the \u201crampant dumbfuckery\u201d of people like President Donald Trump who question scientific research and spread disinformation on issues like climate change and vaccinations.\nThe movie star called for people to counter the \u201cepidemic of dumb fuck idiots\u201d (including White House press secretary Sarah Huckabee Sanders and Fox News host Tucker Carlson) who spread scientific disinformation in a parody public service announcement on Tuesday\u2019s broadcast of \u201cJimmy Kimmel Live!\u201d\nClooney noted science had given \u201cunprecedented knowledge of the natural world from subatomic particles to the majesty of space.\u201d\nBut \u201crampant dumbfuckery\u201d now threatens \u201cour health, our security and now our planet,\u201d he added. Clooney did offer a comedic way to \u201cwin the war against dumbfuckiness,\u201d however.\nFind out how in the clip above.", "date": "\n05/08/2019", "href": "https://www.huffpost.com/entry/george-clooney-donald-trump-jimmy-kimmel_n_5cd28489e4b0e524a47cf276", "tags": "kery torches dumbfuckery -- psa rampant disinformation clooney trump george donald parody scientific dumbf"}