{"title": "George Clooney And Sandra Bullock's Plan To Fix Hollywood Sexism", "content": "Sexism runs rampant in Hollywood.\u00a0\nBut in the Q&A following a screening of the film \"Our Brand Is Crisis\" at the Toronto Film Festival on Friday, George Clooney and Sandra Bullock discussed one potential method to fight it.\u00a0\nIn the\u00a0Clooney-produced film, Bullock plays a Machiavellian political strategist -- a role that was originally written as a man.\u00a0\n\u201cSandy called and said she wanted to do the role that was originally developed for a man to do,\u201d Clooney said, according to Vulture. \u201cAnd once we realized that you could change it really easily, it made you realize that there are an awful lot of women\u2019s roles that could be out there if people just started thinking in this way.\u201d\nGood point. Execs could also try giving the go-ahead to scripts that are already written with complicated women characters -- maybe even written by women themselves! Increasing representation of women\u00a0directors, producers and characters with actual arcs would be good too.\u00a0\nJust as a little reminder, a University of Southern California study\u00a0found that of 700 movies released between 2007 and 2014, a mere 1.9 percent were directed by women. Also, women made up less than one-third of all characters with lines or even a name.\u00a0\nGreat work,\u00a0world!\nAlso on HuffPost:\u00a0", "date": "\n09/12/2015", "href": "https://www.huffpost.com/entry/george-clooney-sandra-bullock-hollywood-sexism_n_55f485c5e4b077ca094f5a60", "tags": "runs fix clooney sandra bullock george originally plan sexism hollywood"}