{"title": "Germany steps up monitoring of far-right AfD party", "content": "Germany's domestic intelligence agency is to step up monitoring of the far-right Alternative for Germany (AfD) party for suspected extremism.\nBut the BfV agency is not yet going as far as to use informants or phone taps in its nationwide watch on AfD.\nAfD is the main opposition party. It entered the federal parliament for the first time in 2017, winning 94 seats in the 709-seat lower house (Bundestag).\nAfD sees Islam as a threat to German values, urging tough immigration curbs.\nThe party is expected to do well in the European Parliament elections in May, like nationalists in many other EU countries.\nThe BfV will impose a higher level of surveillance on the AfD youth organisation JA and on an AfD grouping called Fl\u00fcgel (Wing).\nFl\u00fcgel is led by Bj\u00f6rn H\u00f6cke, a controversial figure who drew sharp criticism when he labelled the Berlin Holocaust monument a \"memorial of shame\".\nThe BfV has previously put a watch on some socialist politicians in Die Linke, a party with roots in the old East German Communist Party.\nThe BfV is empowered under the German constitution to act against perceived threats to the democratic order.\nSome statements by AfD leaders have been condemned as encouraging neo-Nazi extremism. AfD activists took part in far-right rallies in the eastern city of Chemnitz last year, marred by clashes with police.", "date": "15 January 2019", "href": "https://www.bbc.com/news/world-europe-46882968", "tags": "suspected party bfv fl\u00fcgel monitoring alternative extremism far-right germany steps afd"}