{"title": "German pizza giant Dr Oetker reveals Nazi-era past", "content": "The head of Dr Oetker - one of the world's biggest frozen pizza makers - has revealed the family firm's links to Germany's Nazi party.\nCompany chairman August Oetker was speaking ahead of a new book that studies the history of the family's links with the Nazis.\nHis father, Rudolf-August Oetker, was a member of Adolf Hitler's Waffen SS.\nRudolf-August Oetker ran the company, based in Bielefeld, northern Germany, after World War II and died in 2007.\n\"My father was a National Socialist,\" August Oetker said in an interview with Die Zeit newspaper. \n\"He didn't want to talk about this time. He said, 'children, leave me in peace'.\"\nHe said his father, who had joined the Nazi party in the 1930s, had been influenced by his step-father, Richard Kaselowsky, who was a staunch supporter of Hitler and ran Dr Oetker before him.\nMr Oetker said he welcomed the publication next week of the book Dr Oetker and National Socialism, written by a German historian and funded by the company.\n\"I feel now we know the facts, now the fog has lifted,\" he said.\nOver the decades, many German companies have come under pressure to come to terms with their links to the Nazis and their actions during the 1930s and 1940s.", "date": "18 October 2013", "href": "https://www.bbc.co.uk/news/world-europe-24580073", "tags": "dr german hitler reveals oetker rudolf-august ran nazi-era pizza links giant past"}