{"title": "Golf Club Calls Cops On 5 Black Women Members Playing --- Golf", "content": "A golf club in York County, Pennsylvania, apologized for making five black women \u201cuncomfortable\u201d on its course, but one of the players said Tuesday that she and her companions \u2015 all members \u2015 remain undecided about how to respond after club officials told them to leave.\nThe officials also called police during the incident.\n\u201cWe are processing information and the club called to meet and we have not decided when,\u201d Myneca Ojo told HuffPost.\nOjo and the four others were playing at the Grandview Golf Club on Saturday when the tense encounter unfolded.\nThe women said the men\u2019s approach, captured in part on Thompson\u2019s cell phone video, was \u201chostile.\u201d\n\u201cWe were frightened,\u201d one of the women told WPMT Fox43.\nThe station\u2019s report also included a segment of the cell phone video in which Jordan Chronister says sardonically to one of the women, \u201cCongratulations, you\u2019re a real winner.\u201d\nAccording to the women, the men accused them of taking too long a break \u2015 a complaint the players refuted. Club officials informed the women that the cops had been summoned and asked them to leave the premises.", "date": "\n04/24/2018", "href": "https://www.huffpost.com/entry/golf-club-calls-cops-on-five-black-women-members-playing-golf_n_5adf28fce4b0b2e811332d01", "tags": "ojo -- golf calls cell black cops playing women members club"}