{"title": "GOP Lawmaker Matt Gaetz Ripped For Tweet Politicizing Death Of MLB Star Jose Fernandez", "content": "Republican lawmaker Matt Gaetz used the death of Miami Marlins\u2019 star pitcher Jose Fernandez as an excuse to criticize other athletes who refuse to stand during the national anthem.\u00a0\nShortly after tweeting that he was \u201ccrushed\u201d by the news, Gaetz fired off this message about Fernandez, who escaped Cuba to live in the United States:\u00a0\nGaetz, a Trump supporter who serves in Florida\u2019s House of Representatives and is currently a candidate for U.S. Congress, immediately came under fire:\u00a0\nAfter reading the tweets, the Florida lawmaker stood by his comments, adding:\u00a0\n\u00a0\nGaetz is running against Democrat Steven Specht for a congressional seat considered \u201csafely Republican\u201d by Ballotpedia.\u00a0", "date": "\n09/25/2016", "href": "https://www.huffpost.com/entry/matt-gaetz-jose-fernandez-tweet_n_57e878d9e4b0e80b1ba2bdc7", "tags": "gaetz fernandez tweet marlins mlb death matt refuse lawmaker politicizing star pitcher jose ripped gop criticize excuse"}