{"title": "Harvey Weinstein: Ten women have now reported him to UK police", "content": "A 10th woman has reported Harvey Weinstein to British police for alleged sexual assault.\nThe woman, who has not been named, went to the police on 8 February to accuse the movie mogul of assaulting her in central London in the mid-1990s.\nThe Metropolitan Police has now received a total of 15 complaints against Weinstein from the 10 women, dating from the early 1980s to 2015.\nWeinstein has denied all allegations of non-consensual sex.\nScotland Yard said: \"Officers from the Met's Child Abuse and Sexual Offences Command have received allegations of sexual assault from 10 victims under Operation Kaguyak.\"\nIt added: \"On 8 February an allegation was received that the man sexually assaulted a woman (Victim 10) in Westminster in the mid-1990s.\"\nOfficers in New York and Los Angeles have also opened investigations into allegations against the film producer.\nFollow us on Facebook, on Twitter @BBCNewsEnts, or on Instagram at bbcnewsents. If you have a story suggestion email entertainment.news@bbc.co.uk.", "date": "28 February 2018", "href": "https://www.bbc.co.uk/news/entertainment-arts-43227627", "tags": "uk mogul weinstein reported accuse women ten police harvey assaulting"}