{"title": "Harvey Weinstein indicted on rape and sex offence charges", "content": "A grand jury in New York has indicted disgraced Hollywood producer Harvey Weinstein on charges of rape and a criminal sexual act.\nThe offences relate to an alleged attack on a woman in 2013 and another woman in 2004. Neither woman has been named.\nHe was initially charged by prosecutors last week. This latest step moves the case towards a trial.\nMr Weinstein's lawyer has said he will deny all the charges against him.\nHe could face up to 25 years in prison if convicted of either offence.\nNew York district attorney Cyrus Vance said Mr Weinstein was now one step closer to accountability, adding that his office would try the case not in the press but in the courtroom.\nMr Weinstein did not testify before the grand jury, whose decision to indict him is a reflection of their view that enough evidence exists to pursue a prosecution.\nThe former film producer has been accused of sexual misconduct by more than 70 women.\nHe faces additional investigations in Los Angeles, London, and by the US federal government.\nHis lawyer Benjamin Brafman said the indictment did not come as a surprise. He argues that unfair political pressure was placed on prosecutors to secure a conviction because of the high-profile nature of the case and the rise of the #MeToo movement highlighting sexual harassment. \nMr Weinstein is currently free on $1m (\u00a3751,000) bail, and has agreed to wear a GPS tracker and to surrender his passport.", "date": "31 May 2018", "href": "https://www.bbc.co.uk/news/world-us-canada-44315194", "tags": "sex charges weinstein indicted offence disgraced rape harvey"}