{"title": "Haters Mocked For Wrecking Their Own Nike Stuff To Protest Kaepernick Deal", "content": "Nike\u2019s announcement on Monday that it plans to make Colin Kaepernick the face of its\u00a030th-anniversary campaign was met with plenty of cheers and jeers.\u00a0\nWhile many supporters of the former 49ers quarterback took to social media to congratulate him, some conservatives said they have had enough. Before they were angry over the protests Kaepernick launched in which players took a knee during the national anthem to call attention to police brutality and racial injustice. Now, they\u2019re calling for a\u00a0boycott\u00a0of Nike for choosing him as their spokesman.\u00a0\nOthers took their anger to a dramatic new level, threatening to destroy their own Nike items and even sharing images of the damage:\u00a0\nOthers, however, only saw consumers destroying merchandise they had already paid for \u2015 and were having a field day pointing that out:\u00a0", "date": "\n09/04/2018", "href": "https://www.huffpost.com/entry/nike-colin-kaepernick-protest_n_5b8defe2e4b0162f472627e9", "tags": "plenty nike mocked haters stuff kaepernick cheers wrecking quarterback deal jeers protest colin"}