{"title": "Heidi Cruz Torched Over 'Tone-Deaf' Lament About Ted Cruz's 6-Figure Senate Salary", "content": "Heidi Cruz was mocked on Twitter for appearing to suggest that she and husband Sen. Ted Cruz (R-Texas) couldn\u2019t afford a second home because his lawmaker salary is only\u00a0$174,000 per year.\nCruz,\u00a0a Goldman Sachs managing director, said in an interview with The Atlantic that she was working 70-hour weeks as the family\u2019s \u201cprimary breadwinner.\u201d She said she nevertheless was supportive and \u201cmission-driven\u201d on what her spouse is \u201caccomplishing.\u201d\u00a0\n\u201cI really hope he wins his re-election,\u201d she said of her husband, who is challenged in the November midterms by Democrat Beto O\u2019Rourke.\nBut the couple would not be \u201cbuying a second home anytime soon,\u201d Cruz added in the piece published Thursday.\nHer comment was dubbed \u201ctone-deaf\u201d by some people on social media. Her husband\u2019s Senate wage alone is almost four times the $46,000 U.S. average.\u00a0And when Ted Cruz released his family\u2019s tax filings during the 2016 presidential campaign, they showed he and Heidi had made $5 million between 2011 and 2014 (including\u00a0$970,000 his first year in the Senate).\nRead the full interview\u00a0in The Atlantic here.\nThis story has been updated to include more detailed information about the Cruz family income.", "date": "\n10/19/2018", "href": "https://www.huffpost.com/entry/heidi-cruz-ted-cruz-senate-salary-complaint_n_5bc989d8e4b0d38b5876b52a", "tags": "salary senate mocked r-texas ted torched cruz lament appearing suggest heidi atlantic"}