{"title": "Here's How Damn Hard It Is To Provide Abortion Care In Texas", "content": "On Wednesday, the Supreme Court began hearing oral arguments on one of the most important abortion cases in decades, with the potential to fundamentally change the landscape of abortion care in this country.\nIn question is a controversial Texas law, HB-2, which requires that abortion care providers have admitting privileges at local hospitals, and that clinics upgrade their facilities to strict surgical standards -- measures that have resulted in the shuttering of nearly half\u00a0of the state's abortion clinics.\nOpponents, including the American College of Obstetricians and Gynecologists, have argued vigorously that the measures are wholly unnecessary. \"Barriers to care -- under the guise of concerns about patient safety -- are bad medicine,\" the group said in a statement on Wednesday. \"Other needed forms of health care are not subject to these unfounded restrictions and attacks.\"\u00a0\nTo find out what the realities of providing abortion care in Texas look like right now, The Huffington Post spoke with staff members from\u00a0Planned Parenthood of Greater Texas,\u00a0which has 20 health centers in the state, three of which provide abortion care. Here, they talk about the challenges of simply doing their jobs in a state with robust abortion restrictions and\u00a0widespread, unmet\u00a0reproductive health care needs -- and what it would mean to them if the law stands:\nThese accounts have been edited and condensed for length and clarity.\u00a0", "date": "\n03/02/2016", "href": "https://www.huffpost.com/entry/heres-how-damn-hard-it-is-to-provide-abortion-care-in-texas_n_56d70543e4b03260bf78bd4a", "tags": "oral care damn texas abortion hard provide"}