{"title": "Here's What's Next In Brett Kavanaugh's Supreme Court Confirmation Process", "content": "Republican lawmakers and White House officials have said they anticipate a smooth confirmation process for Brett Kavanaugh, President Donald Trump\u2019s nominee to replace\u00a0retiring Supreme Court Justice Anthony Kennedy. But his judicial history could make for a rocky few months.\nThough no date has been set for the confirmation hearings, GOP Senate leaders have said they would like to confirm Kavanaugh before the court\u2019s new term begins on Oct. 1, possibly holding a vote after Labor Day. Before that, Kavanaugh will make the rounds on Capitol Hill to meet with senators.\nDemocrats have already come out in opposition to Kavanaugh, a reliable conservative who was handpicked by the Federalist Society, and are hoping a handful of Republicans might break with their party. Some GOP lawmakers have suggested his record is not conservative enough.\nA handful of moderate Democrats could vote with Republicans to confirm Kavanaugh.\nLike the confirmation vote for Justice Neil Gorsuch, Kavanaugh\u2019s confirmation could come down to the votes of just a handful of senators.\nHere are some potential points of contention.", "date": "\n07/10/2018", "href": "https://www.huffpost.com/entry/brett-kavanaugh-supreme-court-confirmation_n_5b44970de4b07aea75440e55", "tags": "confirm kavanaugh next brett confirmation handful supreme process court"}