{"title": "Here's How Hillary Clinton Tried To Skip Donald Trump's Inauguration", "content": "Hillary Clinton did her best to get out of going to President Donald Trump\u2019s inauguration in January, she\u2019s revealed.\nOn Friday\u2019s broadcast of \u201cThe Graham Norton Show,\u201d the 2016 Democratic presidential nominee said she \u201creally tried\u201d to skip the ceremony to which she\u2019d been invited not as Trump\u2019s defeated opponent but as a former first lady.\nClinton explained how she and her husband, former President Bill Clinton, called around the other living former presidents and first ladies to see if they weren\u2019t attending \u2014 which would give her an excuse to do the same.\nBut after discovering that most of them were, she said that \u201cBill and I looked at each other and said \u2018well, we gotta go.\u2019\u201d\nCheck out the clip above, and hear Clinton\u2019s opinions on Trump\u2019s Twitter use in the segment below:", "date": "\n10/21/2017", "href": "https://www.huffpost.com/entry/hillary-clinton-donald-trump-inauguration_n_59eaea49e4b0a484d063725b", "tags": "inauguration clinton skip trump hillary donald tried"}