{"title": "Hey, Laura Ingraham, David Hogg Actually Did Get Into UC Irvine", "content": "Parkland shooting survivor David Hogg, famously mocked by Fox News\u2019 Laura Ingraham for not getting into several University of California schools, actually did get accepted to UC Irvine, according to TMZ.\nHogg, who has become a leading advocate for stronger gun laws in the wake of the Feb. 14 massacre at his high school in Florida, told TMZ Sunday that he received an acceptance letter from Irvine last week.\u00a0The outlet reported previously that Hogg had been rejected by that school and UCLA, San Diego and Santa Barbara despite a high grade-point average.\u00a0\nIngraham last month ridiculed Hogg on Twitter for failing to gain entry into the colleges.\u00a0The backlash\u00a0was fierce. Hogg encouraged his Twitter followers to contact Ingraham\u2019s sponsors.\u00a0Several advertisers\u00a0dropped the show, and the host departed on vacation. Ingraham is scheduled to return to the air\u00a0on \u201cThe Ingraham Angle\u201d Monday night.\nHogg, a senior at Marjory Stoneman Douglas High School who rallied supporters at the March For Our Lives demonstration last month in Washington, didn\u2019t say whether he accepted the offer to attend UC Irvine.\u00a0He didn\u2019t immediately respond to a HuffPost request for comment.\nU.S. News and World Report ranked UC Irvine\u00a0ninth among public universities and 42nd among universities nationally.\n\u00a0", "date": "\n04/09/2018", "href": "https://www.huffpost.com/entry/david-hogg-laura-ingraham_n_5acb480ee4b09d0a11959a4b", "tags": "hogg parkland uc irvine accepted get survivor ingraham david tmz hey laura actually famously"}