{"title": "House Democrat Mocks Absent William Barr With KFC Chicken- 'He's Here!'", "content": "A Democratic House lawmaker mocked Attorney General\u00a0William Barr\u2019s\u00a0refusal to\u00a0appear at a Judiciary Committee hearing on Thursday with some inventive props.\nRep. Steve Cohen (D-Tenn.) brought a bucket of Kentucky Fried Chicken and a ceramic chicken figurine to the hearing, which featured an empty witness chair and a name card with Barr\u2019s name. Barr said after Wednesday\u2019s contentious Senate hearing that he wouldn\u2019t attend the House session.\nCohen later placed the chicken figurine at the attorney general\u2019s empty seat.\n\u201cChicken Barr should\u2019ve shown up today and answered questions,\u201d Cohen said, holding up the chicken at a press conference, where other House Democrats bashed Barr for not showing up.\u00a0\nDemocrats pilloried Barr at Wednesday\u2019s Senate Judiciary Committee hearing for his vigorous defense of President Donald Trump by obfuscating and mischaracterizing special counsel Robert Mueller\u2019s report on Russian election interference and Trump.", "date": "\n05/02/2019", "href": "https://www.huffpost.com/entry/william-barr-empty-seat-house-hearing_n_5ccaeff4e4b0e4d7572ed5dd", "tags": "empty mocked house democrat chicken kfc william figurine barr absent mocks chicken-"}