{"title": "House Judiciary Committee To Ask AG William Barr To Testify On Mueller Report Conclusions", "content": "The House Judiciary Committee announced Sunday it plans to call Attorney General William Barr to testify before lawmakers, citing \u201cdiscrepancies\u201d in the Justice Department\u2019s handling of special counsel Robert Mueller\u2019s report.\nThe announcement came after Barr on Sunday released the principal conclusions of Mueller\u2019s report, which detailed a nearly two-year investigation into whether\u00a0Donald Trump\u2019s campaign conspired with Russia to influence the outcome of the 2016 presidential election. Barr\u2019s letter said Mueller found no evidence of collusion.\n\u201cIn light of the very concerning discrepancies and final decision making at the Justice Department following the Special Counsel report, where Mueller did not exonerate the President, we will be calling Attorney General Barr in to testify before [the House Judiciary] in the near future,\u201d House Judiciary Chairman Jerry Nadler (D-N.Y.) tweeted Sunday.\nOn the question of obstruction of justice, the attorney general said that Mueller \u201cultimately determined not to make a traditional prosecutorial judgment\u201d about whether there was enough evidence to establish the president\u2019s guilt. Barr said that he and Deputy Attorney General Rod Rosenstein came to the conclusion themselves that there was not enough evidence to bring obstruction of justice charges against Trump.", "date": "\n03/24/2019", "href": "https://www.huffpost.com/entry/house-judiciary-committee-ag-barr-testify_n_5c97e843e4b057f7330c4a6c?bu", "tags": "conclusions committee house ask mueller testify report william discrepancies barr judiciary ag"}