{"title": "Ilhan Omar- 'My Sisters And I Are Busting Through These Doors'", "content": "Rep.-elect Ilhan Omar celebrated the success of women of color in the 2018 midterms with an empowering message on Twitter.\u00a0\nOmar retweeted on Friday a post featuring The New Yorker\u2019s latest cover,\u00a0illustrated by artist Barry Blitt, that highlights the diversity among many of the newcomers elected to Congress earlier this week.\u00a0\u00a0\n\u201cMy sisters and I are busting through these doors and will hold them wide open!\u201d Omar wrote on Twitter.\u00a0\nOmar became the first Somali-American elected to Congress by winning Minnesota\u2019s 5th Congressional District seat.\nOmar also paid tribute to other women of color who broke barriers in the midterm vote, tagging in her tweet Alexandria Ocasio-Cortez of New York, the youngest woman ever elected to Congress;\u00a0Sharice Davids of Kansas and Deb Haaland of New Mexico,\u00a0the first Native American women elected to it;\u00a0Rashida Tlaib on Michigan,\u00a0who will be the first Palestinian-American congresswoman; and Ayanna Pressley, the first black woman Massachusetts is sending to the House.\nOmar and Tlaib also made history as the first Muslim women elected to Congress.\u00a0\nAlso tagged by Omar was Rep. Pramila Jayapal (D-Wash.), who\u00a0in 2016 became the first Indian-American congresswoman elected to Congress.\u00a0\n\u00a0In another tweet on Friday, Omar declared: \u201cHere in [Minnesota] we don\u2019t just welcome refugees and immigrants, we send them to Washington.\u201d\u00a0", "date": "\n11/10/2018", "href": "https://www.huffpost.com/entry/ilhan-omar-congress-women_n_5be6f353e4b0769d24cdc53b", "tags": "rep.-elect ilhan busting congresswoman doors tlaib sisters omar-"}