{"title": "Imams Sing French National Anthem At Bataclan", "content": "A group of imams gathered at a makeshift memorial outside the Bataclan concert hall in Paris on Sunday morning to pray and sing the French national anthem, \"La Marseillaise,\" with other mourners.\u00a0\nHassen Chalghoumi, an imam from a mosque in the Parisian suburb of Drancy, Hocine Drouiche, an imam from a mosque in the southeastern city of Nimes, and Marek Halter, a French Jewish author, were some of the notable visitors who took part in the singing at the memorial.\n(See more photos below)\nFrench TV channel TF1 News first\u00a0captured the scene, which was later reported in English media by The Guardian.\nThe Bataclan was the site of the worst violence on Friday night, when terrorists carried out a coordinated attack on the city.\u00a0At least\u00a0132 people are dead, with at least 90 of the casualties reported from the concert hall.\u00a0\u00a0\nThe American band The Eagles of Death Metal were performing on stage when attackers opened fire on concertgoers and threw explosives at those trapped inside.\u00a0\nOn Saturday, German pianist Davide Martello rolled a grand piano outside the theater to play John Lennon's \"Imagine\" as a crowd of journalists and mourners gathered.\u00a0\nThe French are observing three days of national mourning, including a large memorial service at Paris' famed Notre Dame Cathedral Sunday evening. \u00a0\n\u00a0\nAlso on HuffPost:", "date": "\n11/15/2015", "href": "https://www.huffpost.com/entry/imams-singing-french-national-anthem_n_5648d586e4b08cda34893eb8?nfr8jjor=", "tags": "imams imam makeshift bataclan national anthem french gathered sing mourners"}