{"title": "India's Bihar state bans alcohol", "content": "Authorities in the eastern Indian state of Bihar have announced a complete ban on the sale and consumption of alcohol.\nChief Minister Nitish Kumar had earlier announced that the ban would be gradually imposed across the state in the next six months.\nBut he advanced the deadline on Tuesday, saying \"now was the right time for social change in Bihar\".\nThe ban was one of Mr Kumar's campaign promises during last year's assembly elections.\nMr Kumar said he decided to go for a complete ban after he received \"great support\" from the public in the first four days of a ban on locally-brewed alcohol.\n\"In the first four days of the ban on country liquor [locally-brewed alcohol], it has become a social movement... And so I feel this is the right time for social change in Bihar,\" the NDTV website quoted him as saying.\nMr Kumar's decision has been supported by all political parties in the state as 243 lawmakers have taken a pledge to \"stay away from alcohol\".\nThe ban has received support from women because they generally link drinking by men with domestic violence, harassment and poverty. \nBut reports say Bihar, which is one of the most backward states in India, will lose nearly 50bn rupees ($752m; \u00a3529m) in tax collection due to the ban.\nAlcohol is completely banned in the western state of Gujarat while the southern state of Kerala and some other Indian states have imposed a partial ban.", "date": "5 April 2016", "href": "https://www.bbc.co.uk/news/world-asia-india-35969269", "tags": "bans kumar state complete bihar india alcohol"}