{"title": "Indie-rapper Pumpkinhead dead at 39", "content": "Story highlightsIndie rapper Pumpkinhead has died at age 39Cause of death was not made public\n (Billboard)Pumpkinhead, also known as PH -- a fixture on the underground and battle-rap circuits for nearly two decades, died Tuesday morning (June 9) at the age of 39. The cause of death was not made public at press time. He is survived by a wife and two sons, and only just days ago announced that the family was expecting a baby girl.\nPumpkinhead, born Robert Diaz, collaborated with Talib Kweli, Royce Da 5'9\", Murs, Del the Funky Homosapien, Jean Grae, Wordsworth, Immortal Technique, producer Marco Polo and other veterans of the indie-rap scene. A native of Park Slope, Brooklyn, praised for his distinctive gruff voice, a knack for hilarious punchlines and a humble personality, he was perhaps best known for his 2005 album Orange Moon Over Brooklyn, released by SoulSpazm and distributed via Rawkus Records, the label that helped launch the careers of El-P, Mos Def and others.\n\nMariah Carey: \"American Idol\" the worst experience of my life\nPumpkinhead was mourned on social media by Talib Kweli, Atmosphere and others. Funeral arrangements have not yet been made public.\nTaylor Swift praises Ariana Grande for \"sisterhood\" remarks\nGrateful Dead's last concerts to be broadcast live\nRead the original story on Billboard.\nPeople we've lost in 2015", "date": "June 10, 2015 ", "href": "https://edition.cnn.com/2015/06/09/entertainment/pumpkinhead-dead-feat/index.html", "tags": "indie-rapper billboard dead kweli ph highlightsindie talib fixture brooklyn pumpkinhead"}