{"title": "India girl kills herself over 'menstruation shaming'", "content": "A 12-year-old schoolgirl from southern India has killed herself after a teacher allegedly humiliated her over a blood stain from menstruation. \nIn a suicide note, she accused the teacher of \"torturing\" her.\nAlthough the girl did not mention period shaming in her letter, the mother says her daughter was asked to leave the class because of the stain. \nMenstruation is taboo in parts of rural India. Women are traditionally believed to be impure during their periods.\nPolice say they have registered a case of suicide and are investigating. The incident took place early on Sunday in Tirunelveli district in the state of Tamil Nadu. \n\"I do not know why my teacher is making complaints against me. I still can't understand why they are harassing and torturing me like this,\" the student said in her suicide note. \nIt began: \"Amma [mother], please forgive me.\" \nHer mother accused the teacher of having beaten her daughter in the past for not doing her homework. \n''My daughter got her periods while she was in school last Saturday,\" her mother told BBC Tamil. \"When she informed the teacher, she was given a duster cloth to use as a pad. \n\"The teacher made my daughter stand outside the class. How can a 12-year-old withstand such humiliation?\" she asked. \nThe girl killed herself a day later. \nThe school told the BBC it was co-operating with police.", "date": "31 August 2017", "href": "https://www.bbc.co.uk/news/world-asia-india-41107982", "tags": "teacher shaming periods india kills menstruation stain girl torturing"}