{"title": "Infowars Fails To Stop Parkland Shooting Lawsuit", "content": "Infowars, the conspiracy-theory website run by\u00a0Alex Jones, was dealt a blow in court Thursday, after a judge refused to dismiss a defamation lawsuit against the company brought by a man whom Jones\u2019 media outlet incorrectly identified as the Parkland, Florida, mass shooter.\nThe suit from Marcel Fonatine is one of several defamation cases against the right-wing conspiracy outlet. Jones was removed as a defendant in that case, but Infowars and Free Speech LLC, which Jones owns and operates, will still be defendants, along with Infowars contributor Kit Daniels.\nAs\u00a0first reported by HuffPost, Fontaine filed his defamation suit against Jones, Daniels and Infowars in early April. On Feb. 14, the day 17 people were killed at Marjory Stoneman Douglas High School in Parkland, Daniels wrote an article that falsely claimed Fontaine, then 24, was the suspect \u2015 even though Fontaine was from Boston and had never traveled to Florida. The article was later removed.", "date": "\n08/30/2018", "href": "https://www.huffpost.com/entry/alex-jones-fails-to-stop-parkland-shooting-lawsuit_n_5b62107be4b0b15aba9f60f2", "tags": "blow parkland dealt lawsuit defamation fails infowars stop outlet fontaine conspiracy-theory shooting"}