{"title": "Internet regulator considered for UK", "content": "The UK government is considering \"all options\", including a regulator, as part of new legislation governing the internet.\nIt has previously said it will publish a White Paper in the coming months, laying out its proposals.\nAccording to Buzzfeed News, the White Paper will propose a regulatory body similar to Ofcom, which regulates broadcasters and telecoms companies.\nThe government told the BBC it would publish the White Paper this winter.\nBut a spokesman for the department for Digital, Culture, Media and Sport (DCMS) said it had nothing to share at this time.\nA cross-party committee investigating misinformation and fake news has already suggested areas for new legislation ahead of the White Paper.\nIn July, it recommended:\nHowever, Buzzfeed News said the government's proposals would go further. It said it had seen details of the White Paper, which included:\nA spokesman for the DCMS said the report was speculation.\nIn a statement to Buzzfeed, it said: \"We are considering all options, including what legislation will be necessary and whether a regulator is needed.\"", "date": "20 September 2018", "href": "https://www.bbc.co.uk/news/technology-45590297", "tags": "uk options considered governing publish buzzfeed dcms regulator internet considering"}