{"title": "Iran nuclear deal: Plan put forward to dodge US sanctions", "content": "The remaining members in the Iranian nuclear deal say they will set up a new payment system to maintain business with Iran and bypass US sanctions.\nThe system would facilitate oil companies and businesses to continue trading, without relying on the US-led global market and dollar.\nExactly how the system would work is still being determined. \nEarlier this year, President Donald Trump pulled the US from the 2015 Iran nuclear deal and re-imposed sanctions.\nThe Joint Comprehensive Plan of action, as the nuclear deal is officially known, was negotiated during the US presidency of Barack Obama. \nIt saw Iran limit its nuclear activities in exchange for sanctions relief.\nEU foreign policy chief Federica Mogherini announced the plan after talks at the UN with the remaining members of the accord - Britain, China, France, Germany, Russia.\nA statement said they were determined to \"protect the freedom of their economic operators to pursue legitimate business with Iran\".\nMs Mogherini said the technical experts would discuss the details of the new payment mechanisms.\nAnalysts though doubt whether such a mechanism is feasible given the US could modify its sanctions to encompass any new system.\nMr Trump has called the deal \"one-sided\", \"disastrous\" and the \"worst I've ever seen\". \nHe believes renewed economic pressure, which went into force in August, will force Iran to agree to a new deal. \nThe value of Iran's currency, the rial, has been damaged by the new US policy.", "date": "25 September 2018", "href": "https://www.bbc.com/news/world-middle-east-45634448", "tags": "forward iran us determined remaining plan nuclear deal dodge mogherini put sanctions"}