{"title": "Iranian Group Now Off Terror List", "content": "Secretary of State Hillary Rodham Clinton formally removed an Iranian opposition group from the State Department\u2019s list of designated terrorist organizations on Friday. The decision, first reported last week, is expected to make it easier to find new countries for more than 3,000 members of the group, the Mujahedeen Khalq, who are currently in Iraq. The department took into account the group\u2019s public renunciation of violence and \u201cthe absence of confirmed acts of terrorism\u201d by the group, known as the M.E.K., for more than a decade. But the department said it would not forget the M.E.K.\u2019s past acts of terrorism, \u201cincluding its involvement in the killing of U.S. citizens in Iran in the 1970s and an attack on U.S. soil in 1992.\u201d It also expressed \u201cserious concerns\u201d about accusations that the group had committed abuses against some of its own members.", "date": "SEPT. 29, 2012", "href": "https://www.nytimes.com/2012/09/29/world/middleeast/iranian-group-now-off-terror-list.html", "tags": "iranian formally designated rodham list group terror m.e.k."}