{"title": "Irish president signs bill legalising abortion", "content": "Irish President Michael D Higgins has signed the bill that legalises abortion in the Republic of Ireland.\nThe new law allows for abortion services to be provided \"on demand\" up to the 12th week of a pregnancy.\nIt also applies in the case of a fatal foetal abnormality or where the physical or mental health of the mother is in danger.\nThe country overturned its abortion ban in a referendum in May. \nThe Regulation of Termination of Pregnancy Bill completed its passage through the Irish parliament last Thursday with a nine-hour debate in the senate.\nSince the bill's introduction to the Irish parliament in October, there have been some minor changes, including a decision to review the legislation after three years, rather than five years as was originally planned.\nTwo different doctors will be allowed to assess a woman in early pregnancy and the offences section has been moved from the front of the bill.", "date": "20 December 2018", "href": "https://www.bbc.com/news/world-europe-46638290", "tags": "legalising president bill higgins legalises signs irish abortion allows"}