{"title": "Italian tyre maker Pirelli to be bought by ChemChina", "content": "Chinese state-owned China National Chemical (ChemChina) is to buy Italian tyre maker Pirelli in a deal which values the firm at \u20ac7.1bn (\u00a35.1bn).\nThe move is the latest in a string of takeovers in Italy by cash-rich Chinese buyers.\nThe takeover gives ChemChina access to technology to make premium tyres and gives Pirelli greater access to the Chinese market.\nPirelli shares were 2.56% higher at \u20ac15.62 on Monday on the news.\nChemChina's tyre making unit, China National Tire & Rubber, is to buy the 26.2% stake in Pirelli owned by Italian investment firm Camfin. It will then launch an offer for the remaining shares.\nCamfin said the bid would be launched by a consortium controlled by ChemChina but also part-owned by Camfin investors, who include Pirelli boss Marco Tronchetti Provera, Italian banks UniCredit and Intesa Sanpaolo, and Russia's Rosneft.\nThe offer will be launched at \u20ac15 per share, valuing the group at \u20ac7.1bn excluding net debt of almost \u20ac1bn. \nFollowing reports of the deal on Friday, shares in Milan-listed Pirelli hit a 25-year high, closing at  \u20ac15.23. \nCurrent Pirelli chief executive Tronchetti Provera, who started working for tyre maker in 1986 after marrying a member of the Italian family that founded the firm, will remain in his post.\nPrevious Chinese acquisitions in Italy include stakes in power grid firms Terna and Snam, turbine maker Ansaldo and luxury yacht maker Ferretti.", "date": "23 March 2015", "href": "https://www.bbc.co.uk/news/business-32015529", "tags": "maker chemchina gives tyre pirelli tronchetti bought italian camfin"}