{"title": "Ivanka Trump's Motivational 'Socrates' Tweet Goes Hilariously Awry", "content": "Ivanka Trump was mocked on Twitter Tuesday morning after she appeared to misattribute a motivational quote to ancient Greek philosopher Socrates.\n\u201cThe secret of change is to focus all of your energy, not on fighting the old, but on building the new,\u201d\u00a0President Donald Trump\u2019s daughter and adviser tweeted.\u00a0\nHowever, some folks noted that Socrates the philosopher didn\u2019t actually coin the phrase. Instead, they said, it was originated by a\u00a0gas attendant character called Socrates in author Dan Millman\u2019s\u00a0bestselling fictionalized memoir,\u00a0Way Of The Peaceful Warrior: A Book That Changes Lives.\nThe Millman book theory was backed up by old posts on the QuoteInvestigator.com and WikiQuote.org websites.\nTrump\u2019s tweet was deleted after around 30 minutes of being online. It was later replaced with this post, which clarified that the Socrates she cited was indeed \u201ca fictional character.\u201d\nThe flub predictably caused much mirth online:", "date": "\n10/16/2018", "href": "https://www.huffpost.com/entry/ivanka-trump-socrates-quote_n_5bc5bfc3e4b055bc9479dce2", "tags": "philosopher ivanka tweet mocked awry socrates hilariously motivational trump goes misattribute quote ancient millman"}