{"title": "Ivanka And Tiffany Trump Mercilessly Mocked For Mar-A-Lago Christmas Video", "content": "Tiffany and Ivanka Trump posed together in swimsuits to wish their followers a Merry Christmas from Mar-a-Lago.\u00a0\nIn a video clip Tiffany posted to her social media accounts on Tuesday, the sisters smile and blow kisses at the camera while \u201cO Holy Night\u201d plays in the background.\u00a0\nSocial media users mercilessly mocked the sisters for their post.\u00a0\n\u201cI sure hope your fellow Americans in Puerto Rico who have been without power for 3 months enjoy this as much as you are,\u201d one commenter wrote on Instagram.\u00a0\nOthers tweeted out their feelings.\nTiffany seemed undeterred by the criticism and later posted a solo shot of herself on Instagram and Twitter wishing her followers a \u201chappy and peaceful\u201d new year.\u00a0\nPresident Donald Trump\u00a0and first lady\u00a0Melania Trump shared photos on their respective social media accounts to mark the Christmas holiday.\u00a0\nIvanka, who celebrates Hanukkah, shared photos of her son and husband fishing while they were down in Florida:\u00a0", "date": "\n12/27/2017", "href": "https://www.huffpost.com/entry/ivanka-and-tiffany-trump-christmas-video_n_5a43b963e4b06d1621b64da3", "tags": "ivanka mocked tiffany wish video posed mercilessly trump christmas sisters mar-a-lago merry swimsuits"}