{"title": "Jake Tapper Left Speechless By This 1999 Advice From Donald Trump", "content": "CNN\u2019s Jake Tapper could only say \u201cwow\u201d after airing footage circa 1999 in which Donald Trump issued advice to former President Bill Clinton about the Monica Lewinsky scandal.\nOn Thursday\u2019s broadcast of \u201cThe Lead,\u201d Tapper played an old \u201cTonight Show\u201d clip of Trump telling then-host Jay Leno that Clinton \u201cshould never have answered\u201d the question about whether he\u2019d had an affair with the former White House intern.\n\u201cWell, he could have come clean \u2015 and you gave me that answer just before the show so I\u2019m very happy, thank you,\u201d said Trump. \u201cOr he should have never answered the question. His lawyers could have fought a little bit harder.\u201d\nTrump also boasted about himself never being placed in the same situation and showed some sympathy for then-first lady Hillary Clinton.\n\u201cThis could not have been three years of fun for Hillary,\u201d he said.\nEarlier,\u00a0Tapper indicated that Trump would not testify in special counsel Robert Mueller\u2019s probe into Russian interference in the 2016 election and possible Trump campaign collusion \u201cif he takes advice from his former self.\u201d After playing the clip, however, the news anchor appeared to struggle to find the words to respond.\n\u201cI mean, wow. Wow,\u201d said Tapper, adding: \u201cI mean, I wish we could have like a \u2018Back to the Future\u2019 type thing where 2018 Donald Trump goes back or 1999 Donald Trump goes forward.\u201d\nCheck out the clip above.", "date": "\n08/24/2018", "href": "https://www.huffpost.com/entry/donald-trump-1999-advice-jake-tapper_n_5b7fb40de4b0cd327dfb79c9", "tags": "tapper speechless advice wow left answered goes trump donald jake"}