{"title": "James Corden Demonstrates How Easily Fox News Can Spin Any Headline", "content": "James Corden\u00a0on Wednesday highlighted how some Fox News personalities put a certain spin on political news.\n\u201cThe Late Late Show\u201d host cited as just one piece of evidence how \u201cFox & Friends\u201d anchors twisted\u00a0a New York Times report that President Donald Trump racked up almost $1.2 billion in business losses in the late 1980s and early 1990s. One co-host said the losses were \u201cpretty impressive.\u201d Another marveled at how Trump was a \u201cbold businessman.\u201d\nIt was \u201ca truly insane spin\u201d on the story, Corden noted.\nCorden then debuted a game called \u201cOutFoxed,\u201d in which he predicted how hosts at the widely watched conservative network would handle other news headlines.\nCheck out the clip here:", "date": "\n05/09/2019", "href": "https://www.huffpost.com/entry/james-corden-fox-news-headlines_n_5cd40f59e4b0a6cb31bdcc97", "tags": "headline easily fox news cited highlighted corden james demonstrates certain spin personalities"}