{"title": "James Corden Reveals The Worst Part Of The Royal Wedding Ceremony", "content": "James Corden said Prince Harry\u2019s royal wedding to Meghan Markle last Saturday was \u201cthe most wonderful and inclusive\u201d service he\u2019d ever attended.\nBut on Monday\u2019s broadcast of \u201cThe Late Late Show,\u201d the host also revealed one of the worst aspects of the ceremony. For himself, at least.\n\u201cThere were flowers everywhere, the most beautiful flowers you\u2019ve ever seen, and I get quite bad allergies if I\u2019m in such close proximity to flowers,\u201d said Corden. \u201cSo for a lot of the ceremony I just needed to sneeze.\u201d\nIt almost led to an embarrassing moment \u2015 which would have surely reverberated around the world \u2015 when the Archbishop of Canterbury, Justin Welby,\u00a0asked the congregation if they knew of a reason why the couple should not lawfully marry.\nCheck out what happened in the clip above.\nRoyal news doesn\u2019t stop at the wedding. If you want to continue receiving weekly royal family news after the wedding, subscribe to HuffPost\u2019s Watching the Royals newsletter for all things Windsor (and beyond).", "date": "\n05/22/2018", "href": "https://www.huffpost.com/entry/james-corden-royal-wedding-face_n_5b03cd08e4b07309e05ba6a7", "tags": "meghan royal wedding reveals part ceremony corden markle james wonderful worst"}