{"title": "James Corden Opens Tony Awards With Powerful Message To Orlando Shooter", "content": "James Corden began the 70th Tony Awards with a sobering tribute to the victims of the\u00a0mass shooting early Sunday morning\u00a0at a gay nightclub in Orlando, Florida.\u00a0\nBefore launching into a \"Hamilton\"-inspired opening number, a somber Corden addressed viewers at home on behalf of the entire theater community in a pre-recorded message.\u00a0\n\u201cGood evening. All around the world, people are trying to come to terms with the horrific events that took place in Orlando this morning,\u201d Corden said. \u201cOn behalf of the whole theater community and every person in this room, our hearts go out to all of those affected by this atrocity.\u201d\n\u201cAll we can say is you are not on your own right now,\" he continued. \"Your tragedy is our tragedy. Theater is a place where every race, creed, sexuality and gender is equal, embraced and loved. Hate will never win. Together, we have to make sure of that. Tonight\u2019s show stands as a symbol and a celebration of that principle.\u201d\nEarlier in the day, the award show announced that Sunday's ceremony would be dedicated to the friends and family of the victims of the attack.\u00a0\n\"Our hearts are heavy for the unimaginable tragedy that happened last night in Orlando,\u201d the statement read on Twitter. \u201cOur thoughts are with the families and friends of those affected. The Tony Awards dedicate tonight\u2019s ceremony to them.\u201d", "date": "\n06/12/2016", "href": "https://www.huffpost.com/entry/james-corden-opens-tonys-with-powerful-message-to-orlando-shooter_n_575dfa35e4b0ced23ca86c12?vl8uhm1bv4rjurf6r", "tags": "shooter tragedy hearts orlando opens behalf corden powerful james message awards tony"}