{"title": "Jamie Oliver closes six Jamie's Italian UK restaurants", "content": "Celebrity chef Jamie Oliver is closing six of his 42 UK Jamie's Italian restaurants.\nThe Aberdeen, Cheltenham, Exeter, Tunbridge Wells and in London, the Ludgate and Richmond outlets are all scheduled to close soon.\nThe move will affect 120 staff, whom the company said it would try to place in other parts of the chain. \nThe company said that the market was \"tough\" and the uncertainties caused by Brexit had intensified the pressures.\nThe price of ingredients bought in Italy has gone up because of the fall in the value of the pound against the euro since the vote to leave the EU.\nChief executive Simon Blagden said: \"As every restaurant owner knows, this is a tough market and, post-Brexit, the pressures and unknowns have made it even harder.\"\nHe said each restaurant in the chain needed to attract 3,000 diners a week to be profitable.\nJamie's Italian has 28 overseas outlets and the company also said it planned to open another 22 outside the UK.\nLast year, Jamie Oliver said he would buy back the Jamie's Italian restaurants business in Australia. \nHe moved after Keystone Group, which ran the operation, went into receivership and put the franchise up for sale. ", "date": "6 January 2017", "href": "https://www.bbc.co.uk/news/business-38528547", "tags": "uk restaurants pressures cheltenham closing aberdeen closes six celebrity italian jamie oliver"}