{"title": "Jared Kushner's Security Clearance Is Now A Step Below 'White House Calligrapher'", "content": "Jared Kushner, son-in-law of and adviser to President Donald Trump, lost his interim top secret security clearance, putting him below a number of other White House officials.\u00a0Among them is the calligrapher.\u00a0\nWhite House chief calligrapher Patricia Blair is among those with the top-secret clearance that Kushner lost,\u00a0CNN reported. One of Blair\u2019s predecessors told the network that the job didn\u2019t involve access to intelligence, but required knowledge of the president\u2019s schedule as calligraphers write documents such as certificates and invitations.\n\u201cAs calligraphers, we feel like we\u2019re playing an integral role. The invitation sets the stage for the whole event,\u201d\u00a0Rick Paulus, who served Presidents Bill Clinton and George W. Bush, told CNN. \u201cCalligraphers are helping, simply, to set the stage for diplomacy.\u201d\nKushner and more than three dozen other White House officials saw their clearances downgraded from \u201cTop Secret/SCI\u201d (sensitive compartmented information) to \u201cSecret\u201d\u00a0last week until their background checks are concluded.\u00a0\n\u201c[Kushner is]\u00a0a valued member of the team\u00a0and he will continue to do the important work that he\u2019s been doing since he\u2019s started in the administration,\u201d\u00a0White House press secretary Sarah Huckabee Sanders said,\u00a0per Politico.\u00a0\n\u00a0\n(h/t Mediaite)", "date": "\n03/02/2018", "href": "https://www.huffpost.com/entry/jared-kushner-security-clearance-white-house-calligrapher_n_5a98ddaae4b089ec3538bdb4", "tags": "son-in-law calligrapher house jared security kushner clearance step calligraphers blair"}