{"title": "Jeff Koons' Rabbit sculpture breaks record for living artist", "content": "A sculpture by US pop artist Jeff Koons has sold for $91.1m (\u00a371m), breaking the record price for a work by a living artist.\nChristie's in New York sold Rabbit - a 41in (104cm) steel cast of an inflatable created in 1986 - for more than $20m over its estimated price.\nIt beats the previous record set by British artist David Hockney in November.\nThe buyer was in the audience for the auction, but has not been named.\nOn its website Christie's described Rabbit as \"cute, sinister, cartoonish, imposing, vacuous, sexy, chilling, dazzling and iconic\".\nIt is one of Jeff Koons' most well-known pieces. The US artist's sculptures have provoked controversy for decades after he emerged as a leading figure in New York's art scene in the 1980s.\nKoons previously held the record price for a living artist's work for his piece Balloon Dog (Orange).\nBut he was overtaken last year by Hockney's Portrait of an Artist (Pool with Two Figures), which sold for just over $90m (\u00a370m) at the same auction house.\nThe sale comes in the same week a Claude Monet Haystacks painting sold in New York for $110.7m - a record for the French artist. ", "date": "16 May 2019", "href": "https://www.bbc.com/news/world-us-canada-48292277", "tags": "breaks jeff koons record artist rabbit breaking living sculpture"}