{"title": "Jeffrey Toobin Shreds William Barr- He 'Distorted' Report, Pissed Off Mueller", "content": "CNN chief legal analyst\u00a0Jeffrey Toobin didn\u2019t mince words on Tuesday over the revelation that special counsel Robert Mueller was unhappy about how Attorney General William Barr\u00a0summarized his report.\nAccording to The Washington Post, Mueller wrote to Barr to complain that the four-page memo sent to Congress in March \u201cdid not fully capture the context, nature and substance\u201d of the report.\u00a0\nToobin said Mueller\u2019s complaint proves Barr \u201cdistorted the meaning of the report\u201d\u00a0to create a narrative that helps President Donald Trump.\u00a0\n\u201cI just don\u2019t think there is any doubt now that we have read the vast majority of it that Mueller was right,\u201d Toobin told CNN\u2019s Anderson Cooper. \u201cBarr put out a misleading summary designed to spin it in a much more pro-Trump direction.\u201d\nToobin noted that Barr\u2019s letter would \u201dshape the public perception of the Mueller report forever\u201d since it would be weeks before the public would have the chance to read the redacted version of the full report.\u00a0\n\u201cAnd what we didn\u2019t know until today is that Mueller was pissed,\u201d Toobin said. \u201cMueller saw what was going on here and was powerless to do anything about it.\u201d\nSee the full discussion below. Toobin\u2019s comments start at about 5:30:\u00a0", "date": "\n05/01/2019", "href": "https://www.huffpost.com/entry/jeffrey-toobin-william-barr_n_5cc91617e4b0d123954c21c9", "tags": "toobin pissed mince mueller analyst report william revelation barr- shreds jeffrey"}