{"title": "Jim Inhofe Brings A Snowball To The Senate Floor To Prove Climate Change Is A 'Hoax'", "content": "\nWASHINGTON -- The Senate's most vocal critic of the scientific consensus on climate change, Jim Inhofe of Oklahoma, tossed a snowball on the Senate floor Thursday as part of his case for why global warming is a hoax.\nInhofe, who wrote the book The Greatest Hoax: How the Global Warming Conspiracy Threatens Your Future, took to the floor to decry the \"hysteria on global warming.\"\n\"In case we have forgotten, because we keep hearing that 2014 has been the warmest year on record, I ask the chair, 'You know what this is?'\" he said, holding up a snowball. \"It's a snowball, from outside here. So it's very, very cold out. Very unseasonable.\"\n\"Catch this,\" he said to the presiding officer, tossing the blob of snow.\nInhofe went on to list the recent cold temperatures across parts of the United States, which included 67 new record lows earlier this week according to the National Weather Service, as evidence that global warming claims are overhyped. \"We hear the perpetual headline that 2014 has been the warmest year on record. But now the script has flipped.\"\n \nDespite the record lows in some parts of the country, the nation overall has been experiencing a warmer than average winter. \nWatch the video above.", "date": "\n02/26/2015", "href": "https://www.huffpost.com/entry/jim-inhofe-climate-snow_n_6763868", "tags": "jim prove vocal senate brings floor climate change hoax inhofe lows critic scientific snowball warmest"}