{"title": "Jim Carrey Gives 'Monster' Donald Trump A Terrifying Halloween Makeover", "content": "Jim Carrey\u2019s latest portrait of President Donald Trump is definitely more trick than treat.\nThe actor-comedian-artist depicted Trump as a scary Cyclops-style creature in the\u00a0Halloween\u00a0cartoon he shared online Wednesday:\n\u201cSome people aren\u2019t pretending to be monsters,\u201d the frequent Trump critic, whose art HuffPost has been documenting in recent months, captioned the piece.\nOn Tuesday, Carrey urged voters not to \u201cFOLLOW THE RED HAT TO HELL\u201d in next week\u2019s midterm elections with this interpretation of Trump\u2019s America:\nCarrey last week used\u00a0his acceptance speech at the British Academy of Film and Television Arts, after receiving the Charlie Chaplin Award for Excellence in Comedy, to denounce Trump\u2019s \u201ccapitalism without a conscience.\u201d", "date": "\n11/01/2018", "href": "https://www.huffpost.com/entry/jim-carrey-donald-trump-halloween_n_5bdab062e4b0da7bfc1717b4", "tags": "depicted carrey trick creature scary gives trump cartoon terrifying halloween cyclops-style treat definitely actor-comedian-artist donald portrait jim makeover"}