{"title": "Jim Carrey Taunts Donald Trump By Painting Him As A Good-For-Nothing Scarecrow", "content": "In a new portrait of the president,\u00a0Jim Carrey has depicted Donald Trump as an ineffective scarecrow who\u2019s incapable of protecting U.S. farmers\u2019 crops.\nThe latest in the actor-comedian-artist\u2019s politically charged art series (as extensively documented by HuffPost here, here, here,\u00a0here, here, here, here and here) takes aim at Trump\u2019s offer of billions of dollars in aid to U.S. farmers who have been negatively affected by his trade wars.\nCarrey chronicled the latest developments in Trump\u2019s soured relationship with his former personal attorney Michael Cohen with this piece on Friday:\nExpect another Carrey picture to drop on Twitter anytime now.", "date": "\n07/31/2018", "href": "https://www.huffpost.com/entry/jim-carrey-donald-trump-scarecrow_n_5b60092ce4b0b15aba9c46d4", "tags": "jim depicted ineffective crops carrey taunts scarecrow trump painting good-for-nothing protecting actor-comedian-artist donald portrait politically incapable"}