{"title": "Jimmy Fallon Completely Messed Up Donald Trump's Hair", "content": "Donald Trump spoke about\u00a0his health, his rising poll numbers and his disdain for\u00a0the media\u00a0on \u201cThe Tonight Show\u201d Thursday night. But what the audience really ate up was the \u201chair moment.\u201d\nThe coiffed Republican presidential candidate let host Jimmy Fallon do something \u201cthat\u2019s just not presidential ... something we can do now that we\u2019re both just civilians.\u201d\n\u201cCan I mess your hair up?\u201d Fallon asked.\nSurprisingly, and to raucous applause, Trump agreed. Then he asked the people of New Hampshire, where he was headed for a speech, to understand his disheveled appearance.\nTrump also commented on the \u201cgrueling, but at the same time ... very satisfying\u201d presidential race, and said the experience had been \u201cfun\u201d and \u201camazing.\u201d His only criticism: the \u201cvicious\u201d media.\nAlthough the Trump campaign released a statement late Thursday saying the candidate no longer questioned President Barack Obama\u2019s citizenship, it\u2019s unlikely he\u2019ll be doling out an apology any time soon.\n\u201cI don\u2019t love apologizing,\u201d Trump said. \u201cI\u2019m not thrilled about apologizing, but I\u2019ll apologize if I\u2019m wrong.\u201d\nEditor\u2019s note: Donald Trump regularly\nincites\npolitical violence and is a serial liar, rampant xenophobe,\nracist, misogynist and birther who has\nrepeatedly pledged to ban all Muslims \u2014 1.6 billion members of an entire religion \u2014 from\nentering the U.S.", "date": "\n09/16/2016", "href": "https://www.huffpost.com/entry/donald-trump-hair_n_57db61f4e4b0071a6e066961?section=&", "tags": "jimmy messed completely trump hair donald fallon apologizing"}