{"title": "Jimmy Fallon Faces Backlash Over Morrissey's Far-Right Pin", "content": "Musician Morrissey\u00a0showed solidarity with a far-right British political party on \u201cThe Tonight Show Starring Jimmy Fallon\u201d on Monday.\nThe former Smiths frontman wore a pin with the logo of the anti-Islam For Britain as he performed his version of Jobriath\u2019s 1973 song \u201cMorning Starship\u201d from his new covers album \u201cCalifornia Son.\u201d\nFor Britain\u2019s\u00a0website calls for a reduction of immigration into the United Kingdom, protection of British culture and the \u201cend of the Islamisation of the UK.\u201d Anne Marie Waters, its leader, has previously described Islam as \u201cevil.\u201d\nMorrissey opened up about his support for the party in 2018.\nHe said in an interview published on blog platform Tremr:\nFor Britain uses Morrisey\u2019s support as a recruitment tool on both social media and its website.\nMorrissey, a famed vegan and animal rights activist, was fiercely criticized on Twitter for wearing the pin. NBC\u2019s \u201cThe Tonight Show\u201d also faced backlash for booking the singer as tweeters recalled Fallon\u2019s normalizing of then-GOP presidential candidate Donald Trump during that interview in 2016.\u00a0\nNBC did not immediately return HuffPost\u2019s request for comment.", "date": "\n05/15/2019", "href": "https://www.huffpost.com/entry/morrissey-far-right-pin-jimmy-fallon_n_5cdbd0e3e4b061f71b87f2b3", "tags": "morrissey jimmy starring pin faces far-right musician backlash fallon"}