{"title": "Jimmy Carter just became the oldest living former president ever", "content": " (CNN)Jimmy Carter was the first US president to be born in a hospital. On Friday, he marks a new milestone as the oldest living former president ever.\nAt 94 years and 172 days old, Carter has passed the previous record held by the late President George H.W. Bush. \n \n\"He and Mrs. Carter take walks, and they have followed a healthy diet for a lifetime,\"  Deanna Congileo, a spokeswoman for the Carter Center, told CNN. \n\n\"Both President and Mrs. Carter are both determined to use their influence for as long as they can to make the world a better place, and millions of the world's poorest people are grateful for their resolve and heart,\" she added.\nThe center is not planning a special celebration. \n\"But we at The Carter Center sure are rooting for him and grateful for his long life of service that has benefited millions of the world's poorest people,\" the center said in a statement.\nAs the winner of a Nobel Peace Prize and three separate Grammys, President Jimmy Carter can now add being the oldest living US president to his long and impressive resume.\nNOTE: The headline and introduction of this piece has been corrected to say that Carter will become the oldest living President ever on Friday.", "date": "March 22, 2019 ", "href": "https://edition.cnn.com/2019/03/21/us/jimmy-carter-oldest-living-former-president-trnd/index.html", "tags": "carter ever jimmy president oldest poorest grateful became former living"}