{"title": "Jimmy Kimmel Catches People Lying About Already Voting In The Midterms", "content": "People gave bizarrely detailed descriptions about what it was like voting in the 2018 midterm elections on Monday\u2019s broadcast of \u201cJimmy Kimmel Live!\u201d\nThere was just one problem with the accounts they gave of visiting their local polling station last week \u2014 because, of course, their stories were totally bogus.\n\u201cThe folks you are about to see are not early voters, voters by mail. These are people falsely claiming they went to their polling place that morning,\u201d said host Jimmy Kimmel, as he introduced the \u201cLie Witness News\u201d segment above.\nHere\u2019s hoping these people actually show up Tuesday on real\u00a0Election Day.\nKimmel also tweeted this \u201chandy list of candidates for Senate who voted to gut protections for people with pre-existing conditions.\u201d", "date": "\n11/06/2018", "href": "https://www.huffpost.com/entry/jimmy-kimmel-midterm-elections-2018-lie-witness-news_n_5be14a07e4b04367a87ffadf", "tags": "jimmy voting descriptions kimmel already detailed midterms catches people bizarrely lying"}