{"title": "Jimmy Kimmel Grills Sean Spicer Over His Relationship With 'Son Of A B---h Trump'", "content": "Sean Spicer\u2019s calamitous promotional tour for his new memoir The Briefing continues. Fresh from being eviscerated by \u2018BBC Newsnight\u2019s\u2019 Emily Maitlis last week for pushing President Donald Trump\u2019s lies and getting\u00a0heckled at a bookstore, the former White House press secretary took some knocks on \u201cJimmy Kimmel Live!\u201d Tuesday.\n\u201cYou\u2019re dressing like a pimp, what\u2019s going on?\u201d host Jimmy Kimmel\u00a0asked.\nKimmel described Spicer\u2019s tome as a \u201ctell-some\u201d account of his time working for Trump,\u00a0then grilled him on the issues that really matter. Such as, did Trump ever make him cry? Does Trump tweet on the toilet? And,\u00a0was Trump the \u201cbest boss\u201d he\u2019d ever had.\nKimmel wrapped up the interview by asking Spicer how his mother felt about the criticism he\u2019d received.\n\u201cDid she ever say, go in there and tell that son of a bitch Trump to stop making you lie?\u201d asked Kimmel.\n\u201cMy mother would never speak like that,\u201d Spicer replied. \u201cShe\u2019d say, \u2018I\u2019m praying for you.\u2019\u201d\nCheck out the full interview here:", "date": "\n08/01/2018", "href": "https://www.huffpost.com/entry/sean-spicer-jimmy-kimmel-donald-trump_n_5b61557be4b0b15aba9dda82", "tags": "sean spicer continues jimmy b kimmel grills -- calamitous -h trump relationship promotional memoir"}