{"title": "Jimmy Carter undergoes liver surgery", "content": "Washington (CNN)Former President Jimmy Carter had a \"small mass\" removed from his liver during surgery Monday, his office said.\nThe surgery at Emory University Hospital \"proceeded without issues, and the prognosis is excellent for a full recovery,\" according to a statement from the Carter Center, the Atlanta not-for-profit the former president opened after leaving the White House.\nCarter, 90, is the second-oldest living president but has led an active post-presidency, recently releasing a new autobiography, \"A Full Life,\" and promoting it in media appearances.\n\nThe former President has experienced some health concerns before. He cut a trip short to Guyana in May because he \"was not feeling well.\"\nFollow @CNNpolitics !function(d,s,id){var js,fjs=d.getElementsByTagName(s)[0],p=/^http:/.test(d.location)?'http':'https';if(!d.getElementById(id)){js=d.createElement(s);js.id=id;js.src=p+'://platform.twitter.com/widgets.js';fjs.parentNode.insertBefore(js,fjs);}}(document, 'script', 'twitter-wjs');", "date": "August 3, 2015 ", "href": "https://edition.cnn.com/2015/08/03/politics/jimmy-carter-surgery-mass-liver/index.html", "tags": "carter jimmy surgery undergoes liver emory"}