{"title": "Joe Scarborough\u2019s Analogy About Donald Trump\u2019s Wall Rhetoric May Make You Gag", "content": "Joe Scarborough\u2019s Friday morning analogy to describe the tactics President Donald Trump is using to argue for his promised U.S.-Mexico border wall was enough to put viewers off their breakfast.\nThe host of MSNBC\u2019s \u201cMorning Joe\u201d said Trump \u201cfailed historically\u201d in his bid to scare voters ahead of the 2018 midterms with fearmongering talk of dangerous caravans of migrants heading toward the U.S.\nAnd he likened Trump\u2019s current doubling down on that rhetoric, in his attempt to secure funding from Congress for the wall, to when Coca-Cola unsuccessfully tried to introduce a new recipe for its popular soft drink in 1985 in\u00a0what\u2019s now called New Coke debacle.\n\u201cExcept now we\u2019re moving from New Coke,\u201d Scarborough explained. \u201cIt would be as if the board of directors in Atlanta, Georgia, for Coca-Cola said, and forgive me for saying it this morning, \u2018Hey, you know what, New Coke didn\u2019t work, so we\u2019re going to add cat urine to it.\u2019\u201d", "date": "\n02/01/2019", "href": "https://www.huffpost.com/entry/joe-scarborough-donald-trump-wall-strategy-analogy_n_5c543c70e4b0bdf0e7da699b", "tags": "scarborough wall coke gag rhetoric trump analogy promised coca-cola argue tactics joe donald may describe make"}