{"title": "John Legend Issues Blistering Message To Donald Trump- Stop Winking At White Supremacy", "content": "John Legend has called on President Donald Trump to stop tacitly winking at white supremacist rhetoric in the wake of Friday\u2019s New Zealand mosque attacks in which at least 50 people were killed.\n\u201cWhen people of such influence and such stature are endorsing such a hateful, evil ideology, it emboldens those who will go out and do something really evil and nasty, like what happened in New Zealand,\u201d the singer said in a new interview with NowThis News.\nLegend, who has previously slammed Trump as a \u201cfucking embarrassment,\u201d said the president should apologize \u201cfor demonizing Muslims\u201d and \u201cbrown people who have tried to come here and have a better life.\u201d\nAnd he agreed that white nationalism is a global threat (contrary to Trump\u2019s claim following the attack) and said \u201ca lot of the inspiration is coming from America right now and the American president.\u201d\u00a0\nCheck out the video here:", "date": "\n03/19/2019", "href": "https://www.huffpost.com/entry/john-legend-donald-trump-rhetoric-massacres_n_5c9089bae4b04ed2c1adcf44", "tags": "trump- white evil blistering winking supremacy stop john wake donald issues legend message tacitly"}