{"title": "John Shimkus, GOP Rep- Who Denies Climate Change On Religious Grounds, Could Lead House Environmental Policy", "content": "The highest-ranking House official in charge of environmental and energy policy may soon be a Republican legislator who denies climate change on the grounds of his belief that nothing bad can come of the Earth unless it is preordained by God.\nRep. John Shimkus (R-Ill.), a member of the House Committee on Energy and Commerce since 1997, submitted a letter to his colleagues earlier this week asking for their blessing in his campaign to assume the gavel when Republicans take control of the chamber.\nSuch a possibility is likely to be particularly worrying to climate change scientists and their supporters, especially considering a specific incident in which Shimkus appeared to wholly reject any potential for man-made climate consequences  due to his faith that only God can \"destroy this Earth.\"\nThe Toronto Star relays the entire exchange, which took place during a 2009 subcommittee hearing:\nShimkus's rivals for the Energy and Commerce Committee chairmanship include BP apologist Rep. Joe Barton (R-Texas), discounted by some as a real contender, and Rep. Fred Upton (R-Mich.), who was recently criticized for his alleged embrace of \"radical environmentalism.\" Click here for the full Shimkus story from the Toronto Star.", "date": "\n11/13/2010", "href": "https://www.huffpost.com/entry/john-shimkus-climate-change_n_782664", "tags": "grounds rep- denies house policy religious john climate environmental lead shimkus gop could change highest-ranking"}