{"title": "John Kerry breaks record for secretary of state travel", "content": "Story highlightsJohn Kerry became the most traveled secretary of state in history Wednesday. Kerry has spent more than 2,300 hours -- roughly 96 days -- in the air since beginning his tenure in February 2013. \nManama, Bahrain  (CNN)John Kerry is now the most traveled secretary of state, breaking the record upon arrival in the Gulf nation of Bahrain Wednesday. \nThe trip pushed Kerry past 1.06 million miles, edging out Condoleezza Rice by roughly 1,000 miles. America's top diplomat under George W. Bush, Rice held the previous record at 1.059 million miles. \n\nKerry has spent more than 2,300 hours -- roughly 96 days -- in the air since beginning his tenure in February 2013. In all, he has been in a plane at least part of 467 separate days. \nThe former Massachusetts senator and one-time Democratic presidential nominee eclipsed Hillary Clinton's mileage tally in December.\nBut Kerry's predecessor still holds the record for most countries visited on the job, at 112. Kerry has only traveled to 80 countries -- the result of shuttling regularly to such destinations as Paris, London, Rome and Jerusalem. \nWith 10 months left in office, Kerry shows no signs of slowing down.\nHe flew to the Middle East from New York after speaking at an energy conference, stopping in Ireland to refuel. Later in the week he will visit Japan.", "date": "April 7, 2016 ", "href": "https://edition.cnn.com/2016/04/07/politics/john-kerry-travel-record/", "tags": "traveled state record bahrain travel john roughly beginning secretary tenure kerry breaks"}