{"title": "John Oliver- Sinclair Broadcasters 'Like Members Of A Brainwashed Cult'", "content": "When Deadspin released its now-viral video showing several Sinclair Broadcast Group news anchors reading the same message about \u201cfalse or biased\u201d news, John Oliver was ready.\u00a0\nThe host of HBO\u2019s \u201cLast Week Tonight\u201d had already dedicated a segment last July to Sinclair\u2019s \u201cmust runs,\u201d pieces of content the conservative media giant demands its local news stations across America air to their audiences.\nHe was back Sunday night with this message:\u00a0\n\u201cNothing says \u2018we value independent media\u2019 like dozens of reporters forced to repeat the same message over and over again like members of a brainwashed cult.\u201d\u00a0\nThe comedian also called out the broadcasting giant for pushing commentary by President Donald Trump\u2019s former aide, Boris Epshteyn, as must-run content.\nBut Oliver added that the company\u2019s recent message on \u201cmedia bias\u201d was taking things to a whole new level.\u00a0\nCheck out his response in the video above.", "date": "\n04/02/2018", "href": "https://www.huffpost.com/entry/john-oliver-sinclair-broadcasters-like-members-of-a-brainwashed-cult_n_5ac2a4d5e4b04646b64551bc", "tags": "now-viral brainwashed oliver- cult john deadspin sinclair anchors members showing broadcasters oliver"}