{"title": "John Oliver Exposes The Right-Wing Media Empire Taking Over Your Local News", "content": "Local news might be getting a lot less local.\u00a0\nAs John Oliver pointed out on HBO\u2019s \u201cLast Week Tonight,\u201d the conservative Sinclair Broadcast Group is in the process of buying Tribune Media, a move that would give it more than 200 stations.\nHe said the combined evening news viewership once the deal is complete would average 2.2 million people per night.\n\u201cIt\u2019s more than any current primetime show on Fox News including \u2018Five Idiots Have The Most Intolerable Dinner Party Ever\u2019 and \u2018That Guy From College Everyone Hated Has A Talk Show Now \u2015 With Tucker Carlson,\u2019\u201d he said.\nBut what\u2019s more alarming, Oliver said, is Sinclair\u2019s tendency to saddle its stations with right-wing \u201cmust-run\u201d content, including segments from a former adviser to President Donald Trump.\u00a0\nSee his full explanation of this deal \u2015 and what it means for viewers \u2015 in the clip above.", "date": "\n07/03/2017", "href": "https://www.huffpost.com/entry/john-oliver-sinclair-broadcast_n_5959e755e4b0da2c732460f9", "tags": "media right-wing news pointed hbo john taking local exposes empire oliver"}