{"title": "Julia Louis-Dreyfus makes Emmy history", "content": " (CNN)Julia Louis-Dreyfus has made Emmy history.\u00a0\nThe actress on Sunday took home her sixth consecutive win for best actress in a comedy category for her role on \"Veep,\" placing her in the history books for most Emmys won by a single performer for one role. Louis-Dreyfus had previously been tied with Candice Bergen, who won five times for playing Murphy Brown.\nThe win has also tied her with Cloris Leachman, who before Sunday held the record for most Primetime Emmys wins by a single performer.\u00a0\n\n\"This is and continues to be the role of a lifetime and an adventure of utter utter joy,\" she said in her acceptance speech. \nEmmys 2017: Watch with us\nOther nominees included: Pamela Adlon (\"Better Things\"), Jane Fonda (\"Grace and Frankie\"), Allison Janney (\"Mom\"), Ellie Kemper (\"Unbreakable Kimmy Schmidt\"), Tracee Ellis Ross (\"black-ish\"), and Lily Tomlin (\"Grace and Frankie\")\nThis is Louis-Dreyfus's seventh win in the category and her eighth Primetime Emmy overall. She previously won for \"The New Adventures of Old Christine\" and in the supporting actress in a comedy category for \"Seinfeld.\"\nHBO announced earlier this month that Season 7 of \"Veep,\" set to air in 2018, will be the show's last. \nLouis-Dreyfus joked that they had planned a storyline about an impeachment \"but we abandoned that because we were worried someone else might get to it first.\" ", "date": "September 18, 2017 ", "href": "https://edition.cnn.com/2017/09/17/entertainment/julia-louis-dreyfus-emmys/index.html", "tags": "emmy emmys veep primetime utter history julia louis-dreyfus tied makes frankie grace category performer"}