{"title": "Jury Finds Minnesota Cop Not Guilty In Shooting Of Philando Castile", "content": "ST. PAUL, Minn., June 16 (Reuters) - A jury on Friday found the Minnesota police officer who fatally shot a black motorist during a traffic stop last year not guilty of second-degree manslaughter.\nSt. Anthony Police Department officer Jeronimo Yanez was charged after he fatally shot Philando Castile, 32, last July. The aftermath was streamed on social media by Castile\u2019s girlfriend, and the incident drew national attention and led to weeks of protests in St. Paul and Minneapolis.\nYanez had testified that he was afraid for his life and that Castile did not follow his orders.\nIn the courtroom on Friday, people could be heard cursing as the verdict was read, and one woman sobbed. Castile\u2019s mother, Valerie Castile, abruptly left the court after the announcement and before court was formally dismissed.\nThe shooting in the St. Paul suburb of Falcon Heights, like similar incidents across the United States, fueled public debate about the appropriate use of force by law enforcement against minorities.\n(Reporting by Todd Melby; Editing by Leslie Adler)", "date": "\n06/16/2017", "href": "https://www.huffpost.com/entry/philando-castile-cop-not-guilty_n_594439ede4b06bb7d2731bb9", "tags": "fatally guilty castile minnesota minn. finds cop yanez philando jury motorist shooting"}