{"title": "Justice Kennedy Is Retiring and Stephen Colbert Is Not Happy", "content": "Associate Justice Anthony Kennedy\u2019s announcement that he is retiring from the U.S. Supreme Court left\u00a0Stephen Colbert\u00a0in a lather on Wednesday night.\n\u201cThis could have huge repercussions,\u201d Colbert said on \u201cThe Late Show.\u201d \u201cThink about it. The court that just this week crippled unions, upheld Trump\u2019s Muslim ban and race-based gerrymandering might turn conservative.\u201d\nColbert further warned, \u201cEnjoy your gay marriages now because as of August 1, you\u2019re back to being roommates.\u201d\u00a0\nPresident Donald Trump claims to have a \u201cvery outstanding\u201d list of potential SCOTUS nominees, but Colbert had another idea.\u00a0\n\u201cI could see Trump appointing Giuliani \u2015 just to keep him off television,\u201d Colbert said of Trump\u2019s legal adviser, Rudolph Giuliani.\nCheck the video below to see what Colbert saw as good news on Wednesday.", "date": "\n06/28/2018", "href": "https://www.huffpost.com/entry/stephen-colbert-justice-kennedy_n_5b347858e4b0b745f17ac18b", "tags": "retiring happy colbert justice kennedy stephen"}