{"title": "Just A Reminder Of What Donald Trump Really Thinks About Ted Cruz", "content": "President Donald Trump\u2019s Houston rally on Monday for Sen. Ted Cruz (R-Texas) could be the most awkward family reunion ever.\nThat\u2019s because Cruz and Trump have had a bitter relationship since the 2016 presidential campaign.\nNot only did Trump often refer to Cruz as \u201cLyin\u2019 Ted\u201d during the primaries, he also falsely accused Cruz\u2019s father, Rafael Cruz, of being a close associate of John F. Kennedy\u2019s assassin, Lee Harvey Oswald.\nOh, and then there were the tweets, lots of them, condemning Cruz\u2019s job performance.\u00a0\nHeading to the rally and want reading material? Here are some tweets that show what Trump really thought about Cruz, in those moments, at least.\nFirst, it seems the president thought Cruz was a bad senator.\nTrump also had no problem insulting the looks of Cruz\u2019s wife, Heidi.\nTrump didn\u2019t think Cruz was living up to the tenets of his faith.\nTrump also attempted to go \u201cbirther\u201d on Cruz by pointing out he was born in Canada.\nThe president also didn\u2019t have much faith in Cruz\u2019s ability to handle life\u2019s challenges.", "date": "\n10/19/2018", "href": "https://www.huffpost.com/entry/donald-trump-ted-cruz-insults_n_5bca51f1e4b055bc94809ac2", "tags": "really reunion r-texas ted reminder cruz thinks trump donald awkward"}