{"title": "Justice Department Preparing To Prosecute WikiLeaks Founder Julian Assange- WSJ", "content": "The U.S. Justice Department said it is planning to prosecute controversial WikiLeaks founder Julian Assange.\nSources told The Wall Street Journal\u00a0on Thursday that the department is also hopeful it will get Assange \u2015 who has been holed up in an Ecuadorean embassy in London since 2012 \u2015 into a U.S. courtroom.\nAssange fled Sweden in 2012 over allegations of sexual assault and rape. Though prosecutors dropped the case last year, he still faces arrest for breaching bail conditions should he leave the embassy.\nThen-Attorney General Jeff Sessions said in April 2017 that the arrest of Assange would\u00a0become a priority\u00a0for the Justice Department.\nU.S. intelligence agencies believe that WikiLeaks coordinated with Russian hackers\u00a0to release emails stolen from the Democratic National Committee during the 2016 presidential campaign. Special counsel Robert Mueller is reportedly investigating connections between WikiLeaks and Roger Stone, a longtime adviser to Donald Trump before he became president.\nRead the full story at The Wall Street Journal.", "date": "\n11/15/2018", "href": "https://www.huffpost.com/entry/justice-department-julian-assange-wikileaks-prosecution_n_5bedff8fe4b0510a1f2f202d", "tags": "department wikileaks founder prosecute assange- justice julian preparing assange wsj"}