{"title": "Justin Bieber Tears Into Laura Ingraham- 'Absolutely Disgusting' And 'Should Be Fired'", "content": "Justin Bieber has joined the growing chorus of entertainers calling for Fox News to fire its controversial prime-time host Laura Ingraham.\nThe Canadian singer-songwriter wrote an Instagram post on Thursday that described Ingraham\u2019s on-air joking and laughing\u00a0about the death of community activist, rapper and musician Nipsey Hussle as \u201cabsolutely disgusting\u201d:\nHussle, who was born Ermias Asghedom, was shot and killed in March in South Los Angeles.\nHigh-profile rappers, including Snoop Dogg, The Game and T.I., have also criticized Ingraham\u2019s coverage.\u00a0An online petition\u00a0demanding her termination from Fox has garnered more than 44,000 signatures.\nIngraham made headlines\u00a0earlier this week when she criticized the inclusion of model and cookbook author Chrissy Teigen in Time magazine\u2019s list of 100 most influential people of 2019.\nTeigen fired back in a series of blistering tweets in which she called Ingraham a \u201cwhite supremacist.\u201d Ingraham has a well-documented history of repeating white supremacist talking points on her widely watched show.", "date": "\n04/19/2019", "href": "https://www.huffpost.com/entry/justin-bieber-laura-ingraham-fox-news-nipsey-hussle_n_5cb981f6e4b06605e3ed57f2", "tags": "disgusting prime-time ingraham- entertainers tears justin joined bieber criticized laura chorus fired"}