{"title": "Kellyanne Conway Just Made Strongest Case For Not Building Donald Trump's Border Wall", "content": "Kellyanne Conway inadvertently made a strong case for not building President\u00a0Donald Trump\u2019s proposed U.S.-Mexico border wall on Thursday, according to dozens of Twitter users.\nThe apparent self-own came as Conway, a White House counselor to the president, celebrated the largest seizure of fentanyl in the history of the U.S. Customs and Border Protection agency with this tweet:\n\u201cOur border patrol is amazing,\u201d Conway wrote, hailing the bust. \u201cThey deserve more respect, more resources.\u201d\nHowever, the 250 pounds of the deadly drug in pill form was discovered inside a truck carrying cucumbers at a border checkpoint in Nogales, Arizona \u2014 and not in an unmanned area of the border,\u00a0across which Trump wants to build a barrier.\nIt was a distinction that many tweeters were quick to highlight to the presidential aide. Others also pointed out the fact to Trump:", "date": "\n02/01/2019", "href": "https://www.huffpost.com/entry/kellyanne-conway-donald-trump-border-wall-fentanyl-bust_n_5c540035e4b043e25b1b0f2c", "tags": "u.s.-mexico building case wall kellyanne strongest border made trump inadvertently donald conway"}