{"title": "Kellyanne Conway's Bonkers Take On Sexism Sets Twitter Alight", "content": "Twitter buzzed over Kellyanne Conway\u2019s latest bonkers statement on Friday.\nConway, a counselor to President Donald Trump, raised eyebrows with her suggestion that Sen. Cory Booker (D-N.J.) is sexist because he is seeking the Democratic nomination against a number of women.\n\u201cIf he were a Republican running against them, they would immediately call him a sexist for running against these women in the Democratic field,\u201d Conway told Fox News.\nCheck out the clip here:\nConway repeated the claim on Twitter:\n\u201cWhat does Cory Booker have against all the women already running for President?\u201d she wrote. \u201cAre they not good enough? Too weak? Not likable?\u201d\nBooker announced his 2020 run in a video to supporters earlier in the day:\nTwitter users were quick to call Conway out over her claim by reminding her of the gender of Republicans who sought the party\u2019s nomination in 2016 and Trump\u2019s own history of sexist comments.", "date": "\n02/02/2019", "href": "https://www.huffpost.com/entry/kellyanne-conway-cory-booker-sexist-claim-reaction_n_5c555e8fe4b00187b5513389", "tags": "buzzed bonkers twitter kellyanne take booker cory alight sexism sexist conway sets"}