{"title": "Kentucky Clerk Refuses To Issue Marriage License To Gay Couples In Heated Exchange", "content": "WASHINGTON -- A Kentucky county clerk on Tuesday\u00a0refused to issue marriage licenses\u00a0for two same-sex couples despite a Supreme Court ruling ordering the clerk to do so.\nA video posted to Facebook by WKYT shows\u00a0the gay couples repeatedly demanding that the clerk, Kim Davis, issue them marriage licenses.\n\"We are not issuing marriage licenses today,\" Davis says in the video.\n\"Under whose authority are you not issuing licenses?\" asks one of the men.\n\"Under God's authority,\" Davis responds.\nThe Rowan County clerk then asks the men to leave, before retreating to the back of the office herself.\u00a0\nUPDATE: The lawyers for the same-sex couples who originally sued Davis filed a motion Tuesday to hold the county clerk in contempt of court for refusing to issue them a marriage license.\u00a0\nAccording to a copy of the filing obtained by\u00a0Michael Scarcella of The National Law Journal, the couples are not seeking\u00a0to compel Davis to issue the licenses through\u00a0incarceration. Instead, they asked the court to impose \"financial penalties sufficiently serious and increasingly onerous to compel Davis\u2019 immediate compliance without further delay.\"", "date": "\n09/01/2015", "href": "https://www.huffpost.com/entry/kentucky-clerk-gay-marriage-license_n_55e5a2bfe4b0b7a9633a2303", "tags": "asks license couples kentucky marriage refuses clerk heated compel gay licenses issue issuing exchange"}