{"title": "Kerry Washington Makes Passionate Plea To People 'Mad About Kavanaugh'", "content": "Actress Kerry Washington said people upset about recent events in America need to do just one thing \u2014 and that is vote in the November midterms.\nThe \u201cScandal\u201d star acknowledged on Monday\u2019s broadcast of \u201cThe Late Show with Stephen Colbert\u201d that there is \u201cso much to be upset about.\u201d\nShe listed the controversial confirmation of Brett Kavanaugh to the Supreme Court, the pipe bombs sent to leading Democrats and CNN, last weekend\u2019s deadly shooting at the Tree of Life synagogue in Pittsburgh and voter suppression as examples.\nWashington said she was \u201creally excited\u201d about the upcoming election, however. She then issued this rallying cry:\n\u201cIf you\u2019re mad about Kavanaugh, vote,\u201d Washington added.\nCheck out the full interview here:", "date": "\n10/30/2018", "href": "https://www.huffpost.com/entry/kerry-washington-kavanaugh-donald-trump_n_5bd8320ee4b017e5bfd59123", "tags": "kavanaugh passionate people midterms plea upset makes kerry washington"}