{"title": "Khizr Khan Nails A Very Disappointing Part Of Donald Trump\u2019s Attacks On John McCain", "content": "Gold Star father Khizr Khan\u00a0contrasted on Thursday the way in which President Donald Trump has repeatedly attacked late Sen. John McCain (R-Ariz.) with the praise he has heaped on Russian President Vladimir Putin and North Korean dictator Kim Jong Un.\nKhan, who is Muslim American, reminded CNN\u2019s Anderson Cooper that Trump was both president and the commander-in-chief, and therefore\u00a0\u201cobligated to take care of his soldiers, to take care of the men and women that have served, that are serving.\u201d He also \u201cought to have some compassion.\u201d\nKhan also suggested that someone in Trump\u2019s circle should read McCain\u2019s book Why Courage Matters: The Way To A Braver Life to the president.\nKhan,\u00a0who attracted Trump\u2019s ire in 2016 after he delivered a moving speech\u00a0that criticized the then-presidential candidate at the Democratic National Convention, continued:\nKhan said that McCain, who died after a brain cancer diagnosis in August, was \u201cin the history books\u201d and that his family\u2019s sacrifices would forever be remembered.\nCheck out the interview here:", "date": "\n03/22/2019", "href": "https://www.huffpost.com/entry/khizr-khan-donald-trump-john-mccain-attacks_n_5c9498cee4b0a6329e14ff88", "tags": "disappointing mccain khizr khan part contrasted nails trump john repeatedly donald attacks"}