{"title": "Kid Rock Is Selling Obnoxious Pro-Trump T-Shirts", "content": "This right-wing rocker wants fans of President-elect Donald Trump\u00a0to wear their hearts on their sleeves.\nKid Rock is now producing pro-Trump T-shirts that are sure to enrage or delight, all for about $25.\nHere are three designs\u00a0available on the musician\u2019s site:\nThe apparel line is rooted in internet hijinks. Last month, a photoshopped image emerged that showed Rock\u00a0wearing a shirt labeling blue states \u2015 those that swung Democratic in the 2016 presidential election \u2015 as part of \u201cDumbfuckistan.\u201d The blue states contrasted with Republican-leaning red states, representing \u201cThe United States of America.\u201d\nRock reportedly hadn\u2019t been wearing such a shirt, but no matter. It has now\u00a0made it onto his site\u00a0for real.\n\u201cDue to overwhelming demand, we decided to go ahead and actually make this and other current event merch,\u201d the rocker wrote Monday on Facebook.\nAt least some of the designs appear to have been\u00a0sold elsewhere\u00a0online,\u00a0Fusion pointed out. But Kid Rock apparently has rights to them, too.\u00a0The man who said he was \u201cdigging Trump\u201d during the campaign can now dig him for profit.", "date": "\n12/07/2016", "href": "https://www.huffpost.com/entry/kid-rock-is-selling-obnoxious-pro-trump-t-shirts_n_5848276be4b08c82e8890304", "tags": "selling pro-trump obnoxious hearts rocker shirt designs kid t-shirts rock wear"}