{"title": "Late-Night TV Hosts Torch Donald Trump Over His Latest Conspiracy Theory", "content": "President Donald Trump faced widespread ridicule earlier this week after he claimed that the noise from wind farms can cause cancer.\nIt does not.\nTwitter users roasted Trump after he made the claim during a National Republican Congressional Committee fundraising dinner on Tuesday. On Wednesday,\u00a0late-night TV hosts also chimed in.\n\u201cThe Daily Show\u201d host Trevor Noah was puzzled by Trump\u2019s sharing of the conspiracy theory:\nNoah\u2019s team also posted this mocking clip on Twitter:\n\u201cThe Late Show\u201d host Stephen Colbert sarcastically agreed with Trump.\n\u201cOf course windmills cause cancer,\u201d he joked. \u201cThat\u2019s why everyone in Holland is dead.\u201d\nAnd aired this spoof attack ad:\nSeth Meyers, of \u201cLate Night,\u201d meanwhile, coined a potential new nickname for the president:", "date": "\n04/04/2019", "href": "https://www.huffpost.com/entry/donald-trump-wind-farms-late-night-colbert-meyers-noah_n_5ca5a182e4b082d775e04825", "tags": "widespread latest hosts ridicule torch trump late-night cause conspiracy tv donald noise theory"}