{"title": "Laura Ingraham Targets Even Legal Immigrants In Off-The-Rails Rant", "content": "Fox News host Laura Ingraham on Wednesday lamented the demographic changes in America due to immigration \u2015 including the arrival of legal immigrants.\u00a0\n\u201cIn some parts of the country, it does seem like the America that we know and love doesn\u2019t exist anymore,\u201d she complained on \u201cThe Ingraham Angle.\u201d\u00a0\u00a0\nShe also decried \u201cmassive demographic changes\u201d that have been \u201cfoisted\u201d on Americans.\u00a0\nIngraham had previously been discussing Alexandria Ocasio-Cortez and mentioned the Democratic congressional candidate\u2019s recent comments about the United States changing. But while Ocasio-Cortez was talking about changing economic realities for working and middle-class Americans, Ingraham used those remarks as a springboard for her anti-immigration rant:\nIngraham later added:\nHer full remarks are available\u00a0here.\nIngraham\u2019s complaint targeting even legal immigrants didn\u2019t go over well on Twitter:\u00a0", "date": "\n08/09/2018", "href": "https://www.huffpost.com/entry/laura-ingraham-immigration-rant_n_5b6bbfd7e4b0bdd0620646fa", "tags": "demographic lamented changing due off-the-rails immigrants ingraham targets legal rant laura even"}