{"title": "Laura Ingraham Goes On 10-Minute Rant Against Diverse New Members Of Congress", "content": "Fox News host Laura Ingraham dedicated a segment of her show Tuesday to criticizing four progressive Democrats who won election to Congress in last week\u2019s midterms.\nIn a 10-minute segment titled \u201cThe Freshman Insurrection,\u201d the \u201cIngraham Angle\u201d host predicted that \u201cdark, pink clouds\u201d were gathering on the horizon with the arrival of Congresswomen-elect Alexandria Ocasio-Cortez (the youngest woman ever elected to Congress), Ayanna Pressley (Massachusetts\u2019 first black congresswoman), Rashida Tlaib and Ilhan Omar (the first Muslim women elected to Congress).\nIngraham, who ahead of the midterms repeatedly urged her audience to vote Republican or face an invasion of immigrants, dubbed the quartet \u201cthe four horsewomen of the apocalypse\u201d and expressed doubt about their ability to work with other Democrats.\nShe further accused the \u201cprogressive upstarts\u201d of holding \u201cthe most radical views in Congress\u201d \u2014 such as advocating for free college and health care for all \u2015 and mocked them for posing for this \u201csquad\u201d photograph:\nCheck out the clip here:", "date": "\n11/14/2018", "href": "https://www.huffpost.com/entry/laura-ingraham-new-progressive-congress_n_5bec0687e4b044bbb1aaefc5", "tags": "diverse segment midterms ingraham dedicated goes rant laura new members congress criticizing"}