{"title": "Laura Ingraham Makes Wild Defense Of MAGA Hats From KKK Hood Comparison", "content": "Fox News host Laura Ingraham returned with another wild comparison on Tuesday.\nIngraham appeared to suggest that Planned Parenthood is more like the KKK than people who wear President Donald Trump\u2019s \u201cMake America Great Again\u201d hats in the latest episode of \u201cThe Laura Ingraham Show Podcast.\u201d\nShe was reacting to actress and activist Alyssa Milano\u2019s earlier tweeted claim that \u201cthe red MAGA hat is the new white hood.\u201d\n\u201cOh,\u00a0OK sweetheart, so that means, does that mean that we conservatives can say that a Planned Parenthood cap is basically a KKK, that that would actually be closer to the truth, right?\u201d Ingraham asked.\nShe later said in audio shared by Media Matters that it would be \u201cmore accurate\u201d that \u201cthe Planned Parenthood cap might as well be the KKK, but not a kid who\u2019s wearing a \u2018Make American Great Again\u2019 hat.\u201d", "date": "\n01/23/2019", "href": "https://www.huffpost.com/entry/fox-news-laura-ingraham-kkk-maga-planned-parenthood_n_5c48176be4b025aa26be4088", "tags": "kkk hats hat ingraham makes laura maga cap comparison wild defense hood"}