{"title": "Laura Ingraham- Vote GOP Or Democrats Will Replace You With Immigrants", "content": "Fox News\u00a0host\u00a0Laura Ingraham\u00a0used scare tactics about immigration to urge her audience to vote Republican in the upcoming November midterms.\n\u201cYour views on immigration will have zero impact and zero influence on a House dominated by Democrats who want to replace you, the American voters, with newly amnestied citizens and an ever-increasing number of chain migrants,\u201d the host of \u201cThe Ingraham Angle\u201d said Tuesday, per a clip shared online by Media Matters.\nIngraham also said that GOP voters may be frustrated with \u201cthe Republicans and what they failed to do at the border,\u201d but warned the cause would be totally lost if \u201cthe open borders Democrats\u201d take the House.\nSee her full comments in the clip below:\nSeveral advertisers dropped Ingraham\u2019s show in April after she taunted a teenaged survivor of the deadly school shooting in Parkland, Florida last February. Although her ratings have climbed in the past six months, big advertisers are still steering clear of the show, Politico reported.", "date": "\n10/17/2018", "href": "https://www.huffpost.com/entry/laura-ingraham-gop-midterms-immigrants_n_5bc6d489e4b055bc947b6d7d", "tags": "ingraham- vote immigrants scare zero laura tactics gop democrats replace urge"}