{"title": "Lawrence O\u2019Donnell Runs Video Of Kellyanne Conway Allegedly Breaking The Law", "content": "Lawrence O\u2019Donnell believes Kellyanne Conway \u201cis going to need a lawyer.\u201d\nThe host of MSNBC\u2019s \u201cThe Last Word\u201d on Wednesday alleged that the White House counselor had broken the law twice in the previous two days when she criticized Joe Biden, the former vice president and now Democratic presidential hopeful,\u00a0to reporters on the White House driveway.\nO\u2019Donnell said Conway had been \u201cillegally campaigning against Joe Biden for Donald Trump while holding her position on the federal payroll.\u201d\nIt was in violation of the Hatch Act, O\u2019Donnell noted, which states that a federal employee \u201cmay not use his or her official authority or influence for the purpose of interfering with or affecting the result of an election.\u201d\nO\u2019Donnell said Conway also violated another section of the act that \u201cprohibits campaigning at federal buildings, which the White House most certainly is.\u201d\n\u201cShe\u2019s breaking the law when she talks about candidate Joe Biden,\u201d he told viewers.\nO\u2019Donnell recalled how Conway had reportedly violated the Hatch Act on two previous occasions and predicted she would \u201ccontinue to campaign against Joe Biden illegally and most of the news media will present her violations of the Hatch Act to you as part of their normal campaign coverage without realizing they are really showing you Kellyanne Conway breaking the law.\u201d\nCheck out the segment above.", "date": "\n05/02/2019", "href": "https://www.huffpost.com/entry/lawrence-odonnell-kellyanne-conway-breaking-law-video_n_5ccaa095e4b0e4d7572da402", "tags": "law runs lawrence donnell kellyanne video allegedly breaking campaigning conway hatch"}