{"title": "LeBron James Hits Back At Laura Ingraham Over 'Shut Up And Dribble' Comment", "content": "NBA star LeBron James\u00a0just delivered a blunt message for Fox News\u2019 Laura Ingraham.\nEarlier this week, the \u201cIngraham Angle\u201d host had criticized Cleveland Cavaliers player James and Golden State Warriors star Kevin Durant over a video in which James called out President Donald Trump for not giving \u201ca fuck about the people.\u201d\nIngraham told the athletes to \u201cshut up and dribble\u201d and to \u201ckeep the political commentary to yourself.\u201d\nOn Friday evening, James responded with this tweet:\nHe signaled his intention not to stand down with the hashtag #wewillnotshutupanddribble.\nIngraham replied soon after with this invite:\nJames has yet to RSVP.\nOther sports stars had chimed in against Ingraham over the past week, including the Miami Heat\u2019s Dwyane Wade and recent Super Bowl LII winner Chris Long of the Philadelphia Eagles.", "date": "\n02/17/2018", "href": "https://www.huffpost.com/entry/lebron-james-laura-ingraham-donald-trump_n_5a882ceee4b00bc49f44824e", "tags": "blunt comment dribble delivered cavaliers angle ingraham criticized hits james laura back lebron"}