{"title": "Letterman Re-Emerges To Skewer Donald Trump In Top 10 List", "content": "David Letterman was happy in retirement -- until Donald Trump announced he was running for president. \nThat's when it occurred to the former \"Late Show\" host that he's missing out on a lot of comedic material. So he briefly stepped back into the spotlight Friday, joining funnymen Steve Martin and Martin Short onstage during their show in San Antonio, Texas, to give a Top 10 list called \"Interesting Facts About Donald Trump.\"\nLetterman took aim at The Donald's hair, his anti-immigrant comments and his general knuckleheadedness: \"Thanks to Donald Trump, the Republican mascot is also an ass.\"\nIn the video above, the Top 10 begins at about the 4:30 mark, but Letterman's introductory banter with Martin and Short is worth watching, too.\nWelcome back, Dave, if ever so briefly.\nH/T TMZ\n", "date": "\n07/12/2015", "href": "https://www.huffpost.com/entry/letterman-trump-top-10_n_7779768", "tags": "top briefly happy occurred letterman re-emerges skewer trump list donald retirement"}