{"title": "Libya migrant 'slave market' footage sparks outrage", "content": "The African Union (AU) has expressed outrage after footage emerged appearing to show sub-Saharan migrants being sold at slave markets in Libya.\nOn the video, released by CNN this week, young men are seen being auctioned off as farm workers.\nThe AU chairman, President Alpha Conde of Guinea, demanded prosecutions over a \"despicable\" trade \"from another era\".\nMigrants trying to reach Europe have spoken of being held by smugglers and forced to work for little or no money.\nThe footage released by CNN appears to show youths from Niger and other sub-Saharan countries being sold to buyers for about $400 (\u00a3300) at undisclosed locations in Libya.\n\"These modern slavery practices must end and the African Union will use all the tools at its disposal,\" Mr Conde said.\nLibya has opened an investigation into the practice, CNN reported on Friday.\nIn April, the International Organization for Migration (IOM) said it had gathered evidence of slavery in Libya.\nAfrican migrants 'sold in slave markets'\nThe IOM's chief of mission for Libya, Othman Belbeisi, told the BBC at the time that migrants were priced according to their abilities.\n\"Apparently they don't have money and their families cannot pay the ransom, so they are being sold to get at least a minimum benefit from that,\" he said. \n\"The price is definitely different depending on your qualifications, for example if you can do painting or tiles or some specialised work then the price gets higher.\"", "date": "18 November 2017", "href": "https://www.bbc.com/news/world-africa-42038451", "tags": "sub-saharan sparks au conde slave expressed libya footage slavery migrant outrage iom market"}