{"title": "Lindsey Graham's Leaked Voicemails Are Very Revealing", "content": "Donald Trump released Lindsey Graham's phone number to the public this week, and the public, of course, responded by calling and texting in droves. Much like they would during the time-honored American tradition of voting him off an island or a dance competition.\u00a0\nFunny or Die has gotten a hold of the voicemails people left on Lindsey Graham's phone, and they are quite revealing. As usual, Donald Trump comes off looking like a very logical and reasonable human being.\n\u00a0\nAlso on HuffPost:\nTo subscribe to our HuffPost Entertainment WhatsApp account:\n1. Download WhatsApp on your phone.\n2. Save this number, 347-334-1794, in your phone\u2019s contacts.\n3. Text \"POP\" to that number via your WhatsApp account.\nYou can unsubscribe at any time by texting \u201cSTOP\" to the same number.", "date": "\n07/23/2015", "href": "https://www.huffpost.com/entry/lindsey-grahams-leaked-voicemails_n_55b1443ae4b0a9b948541d56", "tags": "graham droves revealing lindsey leaked voicemails texting"}