{"title": "Lou Dobbs Flips Out- 'The Hell With Mueller! The Hell With What He Wants!'", "content": "A \u201cfrustrated and annoyed and disgusted\u201d Lou Dobbs lashed out at special counsel Robert Mueller on Monday,\u00a0calling the investigation into President\u00a0Donald Trump\u2019s 2016 campaign a \u201cjihad.\u201d\u00a0\n\u201cThe hell with Mueller!\u201d Dobbs said on Fox Business on Monday night. \u201cThe hell with what he wants.\u201d\u00a0\nDobbs, who has repeatedly attacked Mueller\u00a0and his investigation into\u00a0Russian interference in the presidential election, then insisted there was no evidence against Trump and said the case was \u201cMueller versus the United States of America\u201d:\nDobbs also claimed that Mueller was \u201cbehaving like nothing so much as a prosecutor, he is more, if you will, he\u2019s on a jihad of some sort, and it is an ideologically-inspired jihad.\u201d\nSee his full comments below.\u00a0", "date": "\n07/31/2018", "href": "https://www.huffpost.com/entry/lou-dobbs-robert-mueller_n_5b5fe44fe4b0de86f49a5b1a", "tags": "dobbs annoyed lou frustrated flips out- mueller hell wants disgusted jihad. lashed"}