{"title": "Lou Dobbs Fear-Mongers With Rant About Immigration Killing Millions Of Americans", "content": "Lou Dobbs fear-mongered on his Fox Business show on Friday when he claimed that immigration from Mexico could potentially consign \u201cmillions of Americans to their deaths.\u201d\nAt the start of the broadcast, Dobbs directly called on President Donald Trump to fire Department of Homeland Security Secretary Kirstjen Nielsen after she made an\u00a0\u201curgent request\u201d to Congress for help in stopping the agency from experiencing a\u00a0\u201csystem-wide meltdown\u201d\u00a0at the southern border.\nDobbs later blasted Nielsen for her \u201cignorance\u201d and called the leadership of the U.S. Border Patrol \u201cabsolute morons.\u201d\nHe continued:\nDobbs on Thursday urged Trump to close the U.S.-Mexico border, which the president later threatened to do in a series of tweets the following morning:\nCheck out the clip, via Media Matters, here:", "date": "\n03/30/2019", "href": "https://www.huffpost.com/entry/fox-business-lou-dobbs-immigration-deaths_n_5c9f2ca3e4b00ba6327d7cf7", "tags": "potentially nielsen fear-mongered lou dobbs immigration killing americans fear-mongers rant millions"}