{"title": "Madonna Reveals She Fled To Portugal To Escape Donald Trump", "content": "Madonna\u00a0has never been afraid to express herself when it comes to her disgust with President Donald Trump. In\u00a0a new interview with Vogue Italia, the pop star revealed how she moved her family to Portugal to escape the former reality personality\u2019s presidency \u2015 and to further her 12-year-old son David\u2019s budding soccer career.\n\u201cI felt like we needed a change, and I wanted to get out of America for a minute \u2015 as you know, this is not America\u2019s finest hour,\u201d Madonna told the magazine.\n\u201cNot that leaving America makes anything different or changes anything. I\u2019ve lived in other places; I lived in London for 10 years. I like to put myself in uncomfortable situations and take risks,\u201d she added.\nMadonna isn\u2019t shy about criticizing Trump and his circle. In 2016, she shared a photograph of Trump\u2019s eldest sons (Eric and Donald Trump Jr.) and asked which one was\u00a0the biggest pussy. She\u2019s also installed\u00a0a Trump pi\u00f1ata at her son\u2019s birthday party and likened Trump\u2019s election to \u201ca horror show.\u201d\nAnd of course, there was this anti-Trump cover of Britney Spears\u2019 \u201cToxic.\u201d\n\u00a0\nRead Madonna\u2019s full interview with Vogue Italia here.", "date": "\n08/02/2018", "href": "https://www.huffpost.com/entry/madonna-donald-trump-portugal_n_5b62a38fe4b0de86f49dedd9", "tags": "disgust vogue madonna lived express reveals fled afraid portugal escape trump italia donald"}