{"title": "Manafort Associate Konstantin Kilimnik Indicted In Mueller Probe", "content": "WASHINGTON \u2015 Special counsel Robert Mueller\u2019s team has secured an indictment against a Russian-Ukrainian political consultant who worked with Trump campaign manager Paul Manafort.\nKonstantin Kilimnik was named in a superseding indictment on Friday along with Manafort. The new indictment replaces the old one against Manafort and adds charges of witness tampering and obstruction of justice to the slew of charges he already faces.\nThe indictment alleges that Manafort and Kilimnik \u201cknowingly and intentionally attempted to corruptly persuade\u201d two people \u201cwith intent to influence, delay, and prevent the testimony of any person in an official proceeding.\u201d\nMueller\u2019s team, which is investigating potential ties between the presidential campaign of Donald Trump and Russia, has now secured indictments against 20 people. Those include Manafort, Manafort\u2019s aide Rick Gates, Trump\u2019s former National Security Adviser Michael Flynn and Trump campaign aide George Papadopoulos.\nRyan Reilly is HuffPost\u2019s senior justice reporter, covering the Justice Department, federal law enforcement, criminal justice and legal affairs. Have a tip? Reach him at\u00a0ryan.reilly@huffpost.com\u00a0or on Signal at 202-527-9261.", "date": "\n06/08/2018", "href": "https://www.huffpost.com/entry/manafort-indictment-konstantin-kilmnik_n_5b1ac1afe4b0adfb8268db07", "tags": "kilimnik manafort konstantin mueller probe indicted secured russian-ukrainian associate aide"}