{"title": "Mark Hamill And Preet Bharara Use The Force For Twitter Takedown Of Donald Trump", "content": "Actor Mark Hamill gave former U.S. Attorney Preet Bharara some free Jedi training in the art of trolling President Donald Trump on Twitter.\nThe unexpected lesson began Sunday with this post from Bharara, who Trump fired from his role as U.S. attorney for the Southern District of New York in 2017:\nHamill, who played Luke Skywalker in the \u201cStar Wars\u201d franchise, responded with some advice:\nBharara took heed on Friday, and replied with this \u201cStar Wars\u201d-themed zing directed at the president:\nBharara also followed Hamill\u2019s advice and pinned the tweet:\n\u00a0\nNeedless to say, Hamill was delighted:\nHamill is no stranger to taunting Trump on social media. Most recently, he gave the commander-in-chief some drama school advice:\nHamill also had a similar pinning tip for Trump last week:\nBharara, meanwhile, used his appearance on \u201cReal Time With Bill Maher\u201d earlier this month to criticize Trump\u2019s personal lawyer, Rudy Giuliani.\u00a0Bharara said the former New York City mayor had \u201ctaken on an aura of someone who doesn\u2019t remember what the truth is.\u201d", "date": "\n08/31/2018", "href": "https://www.huffpost.com/entry/mark-hamill-donald-trump-preet-bharara_n_5b88ef06e4b0cf7b00341e1d", "tags": "force twitter bharara takedown trump mark preet donald hamill use"}