{"title": "Matt Damon And Oscar Isaac Square Off In The Funny 'Suburbicon' Trailer", "content": "This trailer has everything: Matt Damon in \u201950s dad glasses, Julianne Moore crushing up pills with a rolling pin and a threatening\u00a0Oscar Isaac sporting a mustache.\u00a0We\u2019re pre-ordering tickets pronto.\n\u201cSuburbicon\u201d is the sixth directorial project from George Clooney, who also sat behind the camera on \u201cConfessions of a Dangerous Mind,\u201d \u201cGood Night, and Good Luck\u201d and \u201cThe Ides of March.\u201d Clooney and writing partner Grant Heslov reworked a script written by the Coen brothers in the \u201980s, about a picturesque suburban community where violence lurks beneath the surface. Damon plays a father in 1959 who gets wrapped up in the town\u2019s underbelly while reeling from a home invasion.\u00a0\nSignaling a potential Oscar contender, \u201cSuburbicon\u201d will screen at the Toronto Film Festival in September. It hits theaters Oct. 27.", "date": "\n07/27/2017", "href": "https://www.huffpost.com/entry/suburbicon-trailer_n_5979e8dee4b02a8434b44aee", "tags": "trailer oscar funny pills pin threatening suburbicon matt rolling square isaac dad damon julianne glasses crushing"}