{"title": "McConnell Suggests Trump Should Release Tax Returns", "content": "WASHINGTON -- Add Senate Majority Leader Mitch McConnell (R-Ky.) to the list of people who think Donald Trump should release his taxes.\nTrump, when asked about his tax returns in a recent interview on ABC's \"Good Morning America,\" said, \"It\u2019s none of your business,\" although he did not rule out releasing them.\nAsked Tuesday whether Trump should unveil those returns, McConnell seemed somewhat perplexed by the idea that a presidential candidate would skip that step.\n\"Most candidates for president have, and that's been the tradition,\" McConnell told reporters on Capitol Hill, though he stopped short of making any demands on his party's presumptive presidential nominee.\n\"He'll have to make that decision himself, but that's certainly been the pattern for quite some time,\" McConnell said.\nEditor's note:\u00a0Donald Trump regularly\u00a0incites political violence\u00a0and is a\u00a0serial liar,\u00a0rampant xenophobe,\u00a0racist,\u00a0misogynist\u00a0and\u00a0birther\u00a0who has repeatedly pledged to ban all Muslims -- 1.6 billion members of an entire religion -- from entering the U.S.", "date": "\n05/17/2016", "href": "https://www.huffpost.com/entry/mitch-mcconnell-donald-trump-tax-returns_n_573b6255e4b0ef86171c36ad", "tags": "release r-ky. returns trump mcconnell mitch tax suggests"}