{"title": "Megyn Kelly, NBC Under Fire Over 'Sickening' Alex Jones Interview", "content": "NBC News and Megyn Kelly are under fire for giving airtime to far-right radio show host and conspiracy theorist Alex Jones.\u00a0\nIn the past, Jones has claimed that the 9/11 attacks were an \u201cinside job.\u201d He also said the parents of the 20 students murdered at Sandy Hook Elementary School in 2012 were actors and the deaths of the children as well as six school employees were faked.\nKelly previewed her interview with Jones on Sunday. The full episode airs June 18 on her new show.\nKelly was criticized on social media for what some saw as an attempt to normalize Jones and his outlandish claims.\u00a0She defended herself by saying President Donald Trump had praised Jones and appeared on his show. She also noted that Jones\u2019 InfoWars was given credibility when the website received White House press credentials.\u00a0\n\u201cMany don\u2019t know him; our job is 2 shine a light,\u201d she wrote.\nBut that didn\u2019t slow the outrage. Some viewers even called for a boycott of the network over the upcoming interview. Here\u2019s a sampling:", "date": "\n06/12/2017", "href": "https://www.huffpost.com/entry/megyn-kelly-alex-jones_n_593e4421e4b0c5a35ca0dd46", "tags": "airtime fire nbc giving kelly interview alex megyn jones theorist"}