{"title": "Megyn Kelly Defends Alex Jones Interview After Criticism From Sandy Hook Families", "content": "Megyn Kelly\u00a0defended her upcoming interview with conspiracy theorist Alex Jones, even after an anti-gun violence group founded by parents of children killed in the 2012 Sandy Hook Elementary School shooting\u00a0axed the NBC anchor as host of their\u00a0upcoming event.\u00a0\nKelly has taken considerable heat for interviewing Jones, who has suggested that the shooting was a false flag orchestrated by gun control advocates and that the grieving parents are actors.\u00a0\nKelly told\u00a0CNN\u2019s Dylan Byers that while she found Jones\u2019s conspiracy theories \u201cpersonally revolting,\u201d she said that it was her duty as a journalist to \u201cshine the light\u201d on the radio host\u2019s behavior. She tweeted a similar message on Sunday:\nBut parents of the children killed in the massacre aren\u2019t buying it.", "date": "\n06/13/2017", "href": "https://www.huffpost.com/entry/megyn-kelly-sandy-hook-alex-jones_n_593f9ef6e4b0e84514edf185", "tags": "anti-gun defends families upcoming kelly defended sandy interview criticism hook alex megyn jones theorist"}