{"title": "Melania Trump Gardening In Immaculate Sneakers Is A New Summer Meme", "content": "This meme of Melania Trump poking around the White House garden has been 10 months in the making. But it\u2019s well worth the wait.\nFor reasons unknown,\u00a0a September 2017 snap of the first lady supposedly planting and harvesting vegetables with children from the Boys & Girls Clubs of America went viral all over again this week.\nModel and cookbook author Chrissy Teigen, a persistently vocal critic of President Donald Trump\u2019s administration, led the charge by noting Melania Trump\u2019s immaculately clean sneakers.\n\u201cThese look exactly like my workout soles,\u201d wrote Teigen. \u201cBecause I work out as much as this chick gardens.\u201d\nUnsurprisingly, other people on Twitter joined the fun, mocking Trump for striking a hesitant pose in the garden patch founded by her predecessor Michelle Obama:", "date": "\n08/01/2018", "href": "https://www.huffpost.com/entry/melania-trump-gardening-meme_n_5b618524e4b0b15aba9e46ce", "tags": "melania reasons meme unknown poking snap immaculate sneakers summer garden trump gardening new"}