{"title": "Melania Trump Appears To Have Saved Donald Trump From Another Botched Bill Signing", "content": "A video going viral on social media appears to show first lady Melania Trump\u00a0having to remind President Donald Trump\u00a0to sign a bill targeting the country\u2019s opioid crisis \ufeffas he began walking away from the signing ceremony.\nTrump spoke about how the bipartisan legislation would address the nation\u2019s deadly epidemic in the White House East Room on Wednesday. But after finishing his address, he appeared to turn to leave without inking it into law.\nTrump\u2019s wife redirected him to where he eventually signed the bill, amid laughter from those in attendance.\nFootage of the incident soon trended on Twitter:\nLast year, Trump actually walked out of the Oval Office without signing two executive orders.\nThat footage also went viral, and inspired this \u201cVeep\u201d-style parody:\nTrump declared the opioid crisis \u201ca national emergency\u201d in 2017.\n\u201cTogether we are going to end the scourge of drug addiction in America,\u201d Trump said at Wednesday\u2019s signing. \u201cWe are going to end it or we are at least going to make a big dent into this terrible, terrible problem.\u201d", "date": "\n10/25/2018", "href": "https://www.huffpost.com/entry/donald-trump-melania-trump-reminder-opioid-bill_n_5bd17f6ce4b055bc94888aed", "tags": "melania botched bill terrible trump saved donald viral appears another signing"}