{"title": "Meryl Streep As Donald Trump Proves She Can Literally Play Any Role", "content": "Somebody give Meryl Streep another Oscar, because her latest performance is HUUUUGE -- and might be her most convincing yet.\u00a0\nOn Monday night, the actress transformed into none other than Republican presidential hopeful Donald Trump\u00a0for the 2016 Public Theater Gala in New York City benefitting Free Shakespeare in the Park.\nGetting into character, Streep donned plenty of orange makeup along with a wispy combover, fat suit and red tie. Just look at the resemblance:\nThis is why Streep is hands-down the best actor in the world: She can literally play anyone. (#NailedIt.)\nAt one point, she treated the crowd to a politically-influenced rendition of Cole Porter's \"Brush Up Your Shakespeare\" with Tony Award-winner Christine Baranski, who took on the role of Hillary Clinton.\u00a0\nCan Meryl Streep just be president?", "date": "\n06/07/2016", "href": "https://www.huffpost.com/entry/meryl-streep-as-donald-trump-proves-she-can-literally-play-any-role_n_5756cc65e4b0ca5c7b4ffeff", "tags": "streep none literally somebody play shakespeare convincing trump proves role donald transformed huuuuge meryl"}