{"title": "Mexico City bans free plastic bags", "content": "A new law has come into effect in Mexico City giving the authorities the power to fine shops which give away free plastic bags to their customers. \nIn future, shops in the Mexican capital will have to charge for the bags, which must also be biodegradable.\nAs well as fines of up to $90,000 (\u00a357,700), shop owners not complying can be given a 36-hour jail term. \nA local official said the law was part of the city's \"Green Plan\" and aimed to raise awareness of the environment.\n\"This won't happen overnight,\" Leticia Bonifaz Alfonso told the Efe news agency.\nOfficials estimate that people in Mexico City at present use more than 20 million plastic bags per day. They are blamed for many health and environmental hazards.   \nEfforts in cities across the world are being made to reduce the use of plastic bags.\nThe bags are made mostly from polyethylene, a derivative of petroleum. When discarded, they can take hundreds of years to decompose. ", "date": "19 August 2010", "href": "https://www.bbc.co.uk/news/world-latin-america-11032252", "tags": "bans plastic bags city giving free mexico"}