{"title": "Michelle Obama Reveals What George W- Bush Gave Her At John McCain's Funeral", "content": "Former first lady\u00a0Michelle Obama\u00a0has revealed what former President\u00a0George W. Bush\u00a0gave her at\u00a0Sen. John McCain\u2019s funeral last month: a very old cough drop from his own days in the White House.\n\u201cI didn\u2019t realize at the time that anybody noticed what we were doing,\u201d Obama told the \u201cToday\u201d show on Thursday, during an appearance to discuss International Day of the Girl.\nThe moment did in fact gain a lot of notice in the press and on social media, although critics pointed out in the subsequent days and weeks that just because a guy gives someone a lozenge doesn\u2019t mean he can\u2019t do destructive, divisive things as well.\nObama said Thursday that Bush\u2019s \u201csimple gesture\u201d during the September service came about because the pair are \u201cforever seatmates because of protocol.\u201d\n\u201cThat\u2019s how we sit at all the official functions, so he is my partner in crime at every major thing where all the formers gather,\u201d she said.\nShe noted that Bush\u2019s cough drop may not have been of the most recent vintage.\n\u201cThat\u2019s the funny thing, because they were in the little White House box, and I was like, \u2018How long have you had these?\u2019\u201d Obama said. \u201cAnd he said, \u2018A long time, we got a lot of these.\u2019\u201d", "date": "\n10/11/2018", "href": "https://www.huffpost.com/entry/michelle-obama-george-w-bush-john-mccain-funeral_n_5bbf50bfe4b01a01d688194d", "tags": "mccain drop reveals gave funeral john obama george w- cough michelle bush"}