{"title": "Michael Moore Has A Message For The 'Angry White Men' Of America", "content": "Documentary filmmaker Michael Moore\u00a0on Thursday pleaded with the \u201cangry white men\u201d of America to \u201cgive it up\u201d ahead of next week\u2019s midterm elections.\nThe \u201cFahrenheit 11/9\u201d director pointed out on \u201cLate Night with Seth Meyers\u201d that men have been \u201crunning the show for 10,000 years.\u201d\nIt\u2019s time, he explained, for women to come politically to the fore.\n\u201cIt\u2019s like, we\u2019ve had a long run as men running everything and the Yankees could never win as many pennants as we\u2019ve won in these 10,000 years as men,\u201d Moore told Meyers. \u201cSo, why don\u2019t we just take a break? Let the majority gender run the show. What are you scared of? Women actually like us, most of us.\u201d\nMoore also explained why he fears election predictions, and why he hopes \u201cthe majority\u201d of voters haven\u2019t fallen for President Donald Trump\u2019s fearmongering over immigration in recent days.\u00a0\nCheck out the clip above.", "date": "\n11/02/2018", "href": "https://www.huffpost.com/entry/michael-moore-angry-white-men-seth-meyers_n_5bdc2d7fe4b01ffb1d0124a0", "tags": "pleaded white men message moore filmmaker meyers michael america angry"}