{"title": "Michael Moore Suggests The Democrat Who'd Crush Donald Trump, If She Were Old Enough", "content": "Michael Moore lamented the constitutional rule\u00a0that sets a minimum age of 35 for the president on Friday\u2019s broadcast of MSNBC\u2019s \u201cThe Last Word.\u201d\nThe documentary filmmaker said it was \u201ctoo bad\u201d because, otherwise, Rep. Alexandria Ocasio-Cortez (D-N.Y.) would have been able to throw her hat into the ring.\nMoore appeared to suggest, in a roundabout way, that the freshman lawmaker could be one of the only Democrats who could not only beat President Donald Trump but also \u201ccrush\u201d him in a presidential race.\n\u201cShe is the leader, everybody knows it, everybody feels it, she\u2019s the leader of this mass movement,\u201d he said.\nCheck out the clip above and Moore\u2019s explanation as to why Trump can \u201csee the writing on the wall\u201d in the Midwest below:", "date": "\n02/02/2019", "href": "https://www.huffpost.com/entry/michael-moore-donald-trump-midwest_n_5c557423e4b087104753c97b", "tags": "suggests msnbc lamented enough crush everybody democrat trump moore donald michael sets minimum old"}