{"title": "Michael Avenatti Tells Colbert- 'Moron' Michael Cohen Will Be Arrested, Then Flip On Trump", "content": "Michael Avenatti, attorney for porn star Stormy Daniels,\u00a0told Stephen Colbert on Wednesday that he expects Michael Cohen to be indicted, arrested and eventually flip on President Donald Trump.\u00a0\n\u201cThere\u2019s no question in my mind that he\u2019s going to be indicted, and there\u2019s no question in my mind that he\u2019s going to try to flip on the president,\u201d Avenatti said on the \u201cThe Late Show.\u201d\u00a0\nCohen, the longtime personal attorney to Trump, paid $130,000 to Daniels just before the 2016 election for a nondisclosure agreement to keep her quiet about an\u00a0alleged affair with the president a decade earlier.\u00a0\n\u201cI think Michael Cohen is in a very, very bad spot, and I think the president is in a very, very bad spot because this is what happens when you trust your innermost secrets to a moron,\u201d Avenatti said.\nThe New York Daily News has reported that Cohen is telling friends he expects to be arrested in an investigation that is reportedly focusing on bank fraud, campaign finance violations and other issues.\u00a0\u00a0\nAlso on Wednesday, Cohen\u2019s attorneys indicated they would stop representing him. The New York Times said there is an issue with his legal bills, part of which are being paid for by the president\u2019s family.\nAvenatti appeared on Colbert\u2019s \u201cLate Show\u201d with Anthony Scaramucci, who served as White House communications director for 10 days last summer.\u00a0", "date": "\n06/13/2018", "href": "https://www.huffpost.com/entry/michael-avenatti-cohen-arrested-flip_n_5b21c146e4b0adfb8270cdbd", "tags": "expects flip arrested tells avenatti trump indicted mind cohen michael colbert-"}