{"title": "Michele Bachmann Hails \u2018Godly\u2019 Trump- We\u2019ll Never See A More Biblical President", "content": "Former Rep. Michele Bachmann (R-Minn.) has \u201cnever seen a more biblical president\u201d than President Donald Trump.\u00a0\nIn comments posted online by Right Wing Watch, the evangelical former presidential candidate gushed that she was \u201cso impressed\u201d by Trump, specifically when it came to religion.\u00a0She told the \u201cUnderstanding The Times\u201d radio program:\nBachmann, who has served as one of Trump\u2019s evangelical advisors, said she prayed to expose the \u201cdeep state,\u201d a right-wing conspiracy theory that claims there are people in the government undermining Trump, Right Wing Watch reported. She also claimed these shadowy figures were working to \u201cadvance cultural and economic Marxism or to advance the goals of Islamic jihad, for instance.\u201d\u00a0\nGiven Trump\u2019s\u00a0less-than-Christian leanings and often-tenuous grasp of the Bible, Twitter critics were quick to question Bachmann:\u00a0", "date": "\n04/16/2019", "href": "https://www.huffpost.com/entry/michele-bachmann-godly-trump_n_5cb5697fe4b098b9a2d91706", "tags": "trump- see president biblical godly bachmann hails never michele r-minn. advance"}