{"title": "Michael Cohen Removes Trump Affiliation From Twitter And LinkedIn", "content": "Michael Cohen\u2019s social media profiles no longer hold any mentions of President Donald Trump as of this week, prompting speculation about whether he\u2019s prepared to cooperate with the FBI in the myriad investigations into his behavior.\u00a0\nHis role as \u201cpersonal attorney to President Donald J. Trump\u201d was deleted from both his Twitter and LinkedIn bios this week. A screenshot from June 27 shows what his Twitter profile looked like previously:\nAnd here\u2019s what it looks like on July 5:\nCohen signaled in an interview with ABC News Monday that his loyalties were shifting away from Trump in order to protect his family.\u00a0\n\u201cMy wife, my daughter and my son have my first loyalty and always will,\u201d Cohen said. \u201cI put family and country first.\u201d\nCohen is being investigated for violations of election law and fraud and is being investigated over the payments Trump made to adult film star Stormy Daniels. The FBI raided his home in April, seizing a trove of documents. While Cohen hasn\u2019t explicitly said anything about his willingness to cooperate, Trump has shown some distance from Cohen, specifying last month that Cohen was no longer his personal attorney.", "date": "\n07/05/2018", "href": "https://www.huffpost.com/entry/michael-cohen-trump-twitter-linkedin_n_5b3df987e4b07b827cbde927", "tags": "linkedin twitter trump affiliation removes cohen investigated cooperate michael"}