{"title": "Mike Pence's Old Warning About POTUS Bypassing Congress Comes Back To Haunt Him", "content": "An old video of Vice President Mike Pence calling executive presidential action on immigration a \u201cprofound mistake\u201d has resurfaced, as President Donald Trump\u00a0plans to declare a national emergency to secure money for his U.S.-Mexico border wall.\nPence said that \u201cissues of this magnitude should always be resolved with the consent of the government\u201d in footage filmed at the 2014 Republican Governors Association conference that conservative commentator Bill Kristol shared to Twitter on Thursday.\nPence, who was the Republican governor of Indiana at the time, was commenting on former President Barack Obama\u2019s executive order to reform the immigration system.\u00a0\nHe added that \u201csigning an executive order, giving a speech, barnstorming around the country, defending that executive order is not leadership.\u201d\nCheck out the video here:", "date": "\n02/15/2019", "href": "https://www.huffpost.com/entry/mike-pence-video-donald-trump-national-emergency_n_5c666ec9e4b01757c36a18ac", "tags": "potus comes resurfaced profound mistake congress warning bypassing pence back haunt mike old"}