{"title": "Mitch McConnell Mocks Blankenship On Twitter With A Big Cloud Of Cocaine", "content": "\u201cCocaine Mitch\u201d had the last laugh.\u00a0\nTeam Mitch,\u00a0the official campaign Twitter feed of Senate Majority Leader Mitch McConnell (R-Ky.), made it snow after former coal baron\u00a0Don Blankenship\u00a0lost the\u00a0Republican primary for U.S. Senate in West Virginia\u00a0on Tuesday.\u00a0\nBlankenship\u2019s campaign was marked by repeated attacks on McConnell, and at one point he called the senator \u201ccocaine Mitch\u201d in a campaign ad. The nickname stems from accusations that a ship owned by the company of McConnell\u2019s father-in-law was used to carry 90 pounds of cocaine. No charges appear to have been filed, according to The Washington Post.\nThat led to this blow from McConnell\u2019s campaign account after Blankenship came in third:\u00a0\nThe pic is an edited version of an image used to promote the Netflix series \u201cNarcos,\u201d which is about a drug cartel in Colombia:\u00a0\nThe show\u2019s official Twitter responded:\u00a0\nThe tweet got a strong reaction, and many snorted with laughter at the reference:\u00a0\n\u00a0\n\u00a0", "date": "\n05/09/2018", "href": "https://www.huffpost.com/entry/mitch-mcconnell-cocaine-tweet_n_5af2722ae4b00a3224ee42e3", "tags": "twitter r-ky. cloud cocaine mitch laugh mcconnell blankenship big mocks feed"}