{"title": "Mitch McConnell Says Election Day Holiday Is Dem 'Power Grab,' Twitter Users Erupt", "content": "Senate Majority Leader Mitch McConnell (R-Ky.) set social media alight on Wednesday after he described legislation to make Election Day a paid holiday for federal workers as a \u201cpower grab\u201d by Democrats.\nMcConnell poured cold water on House Democrats\u2019 proposed H.R. 1 (known as the For The People Act) which contains a slew of reforms, including the Election Day proposal, which was aimed at making it easier for all Americans to be able to vote.\n\u201cSpeaker Pelosi and her colleagues are advertising it as a package of urgent measures to save American democracy,\u201d McConnell said on the Senate floor. \u201cWhat it really seems to be is a package of urgent measures to rewrite the rules of American politics for the exclusive benefit of the Democratic Party.\u201d\nMcConnell\u2019s comments attracted widespread scorn on Twitter from politicians past and present, including Sen.\u00a0Elizabeth Warren\u00a0(D-Mass.),\u00a0Rep.\u00a0Ted Lieu\u00a0(D-Calif.) and Sen.\u00a0Kirsten Gillibrand\u00a0(D-N.Y.):\nFormer Labor Secretary Robert Reich, who served in former President Bill Clinton\u2019s administration, called out McConnell and Senate Republicans:\nOther people were similarly irked by McConnell\u2019s pronouncement:", "date": "\n01/31/2019", "href": "https://www.huffpost.com/entry/mitch-mcconnell-power-grab-democrats-reaction_n_5c52aabee4b0ca92c6dd453b", "tags": "holiday twitter r-ky. mitch mcconnell package dem urgent election erupt day grab users says"}