{"title": "Mitch McConnell's Campaign Team Is Selling Cocaine-Themed T-Shirts", "content": "Cocaine overdose deaths may be rising in the U.S.\nBut that isn\u2019t stopping Senate Majority Leader Mitch McConnell\u2019s (R-Ky.) reelection campaign team from raising money by selling a cocaine-themed T-shirt.\nTeam Mitch,\u00a0the official campaign Twitter feed for McConnell,\u00a0shared images of the new $35 shirt online with the hashtag #CocaineMitch on Wednesday.\nThe garment features a depiction of McConnell alongside what appears to be a cloud of coke dust. \u201cCartel Member,\u201d is emblazoned on the back.\nA tweet posted by the campaign urged voters to \u201cbecome an official member of the Cartel!\u201d\nThe \u201cCocaine Mitch\u201d nickname went viral in 2018 after\u00a0former coal baron Don Blankenship,\u00a0who lost the GOP primary for the U.S. Senate in West Virginia,\u00a0infamously called McConnell the term in a campaign ad.\nThe moniker referred to reports that a ship belonging to a company owned by McConnell\u2019s father-in-law was once found carrying about 90 pounds of the drug, reports The Washington Post.\nTeam Mitch responded to Blankenship\u2019s loss at the time with this post:\nThe new T-shirt has sparked debate on Twitter, with some people accusing McConnell\u2019s campaign of trivializing drug abuse and contradicting Republicans\u2019 often hard-line stance on related issues.", "date": "\n05/09/2019", "href": "https://www.huffpost.com/entry/cocaine-mitch-mcconnell-campaign_n_5cd40242e4b0db2524b6777c", "tags": "selling cartel overdose cocaine mitch mcconnell team t-shirts blankenship cocaine-themed campaign t-shirt"}