{"title": "Mitt Romney treated for prostate cancer over the summer; prognosis is good", "content": "Story highlightsThe source said Romney's prognosis is \"good\"Romney is being widely encouraged to run for Utah Sen. Orrin Hatch's seat in 2018\nWashington (CNN)Former GOP presidential nominee Mitt Romney was treated for prostate cancer over the summer, a source close to Romney told CNN Monday.\n\"He was treated surgically by Dr. Thomas Ahlering at UC Irvine Hospital in California,\" the source said. \"His prognosis is good; he was successfully treated.\" The source did not provide additional details.\n\nA Romney aide added that the cancer was removed surgically and found not to have spread beyond the prostate.\nRomney, the 70-year-old former governor of Massachusetts, is being widely encouraged to run for Utah Sen. Orrin Hatch's seat this year. Hatch announced last week he would retire from the Senate.  \nRomney spoke to President Donald Trump over the phone Thursday, a White House official confirmed to CNN. Details of their conversation have not been released.", "date": "January 8, 2018 ", "href": "https://edition.cnn.com/2018/01/08/politics/mitt-romney-prostate-cancer/index.html", "tags": "widely encouraged summer prognosis good mitt treated prostate surgically romney orrin utah hatch cancer"}