{"title": "Monet Haystacks painting sells for record $110.7m", "content": "A painting by Claude Monet has been bought for $110.7m (\u00a385.7m), a new world record for a work by the French artist.\nMonet completed the oil painting in 1890 as part of his Meules (Haystacks) series, depicting rural life near his home in the Normandy region.\nThe sale is also the first time an Impressionist painting sold for more than $100m.\nIt was last auctioned in 1986, when it fetched just $2.5m.\nUntil then it had been in the hands of one family - who bought the piece directly from the artist's dealer - for nearly a century.\nA Sotheby's press release said the painting is now the ninth-most expensive work ever sold at auction. \nIts buyer reportedly beat five other bidders at the sale in New York. Sotheby's did not name the new owner.\nMonet's Haystacks series had 25 paintings, the majority of which hang in art galleries around the world. \nThis is one of only four of his works to go under the hammer this century.\nNymph\u00e9as en fleur was previously the most expensive Monet painting, selling for $84.7m in May 2018.", "date": "15 May 2019", "href": "https://www.bbc.co.uk/news/world-us-canada-48278312", "tags": "claude monet haystacks sells record painting expensive completed"}