{"title": "Mueller's office spoke with Sessions, Comey in Russia investigation", "content": "Story highlightsThe interviews are major developments in Mueller's investigationThe White House said it is cooperating\n (CNN)Special counsel Robert Mueller's office has spoken with both Attorney General Jeff Sessions and former FBI Director James Comey, it was revealed Tuesday.\nSessions was questioned for several hours last week as part of the investigation into Russia's meddling in the 2016 election. Investigators spoke with Comey last year, sources told CNN.\n\nThe interviews, part of the investigation into Russia's meddling in the election and whether President Donald Trump obstructed justice since taking office, are major developments in Mueller's investigation.\nSessions was questioned last Wednesday, a source close to Sessions told CNN, and a source familiar with the discussion said it was the first time the attorney general was interviewed. He was not under subpoena, the source familiar added.\nThe New York Times, citing two people briefed on the matter, reported Tuesday that Comey was asked about memos he wrote about interactions with the President.\nNeither meeting was revealed until Tuesday.\nJustice Department spokeswoman Sarah Isgur Flores confirmed the Sessions meeting, which was also first reported by The New York Times. She declined to say if the attorney general turned over any documents or communications to Mueller's office.  \n", "date": "January 23, 2018 ", "href": "https://edition.cnn.com/2018/01/23/politics/jeff-sessions-robert-mueller-interview/index.html", "tags": "developments spoke investigation meddling sessions mueller interviews office russia comey questioned"}