{"title": "Murdoch Names New Leadership Team For Fox News After Ailes Exit", "content": "Aug 12 (Reuters) - Rupert Murdoch named a new leadership team for Fox News on Friday following the departure of Chief Executive Roger Ailes last month.\nFox, a unit of Twenty-First Century Fox Inc, said it appointed Fox Television Stations CEO Jack Abernethy and Senior Executive Vice President Bill Shine as co-presidents, reporting to Murdoch.\nThe appointments are effective immediately.\nAiles, who built the news channel into a money-making ratings powerhouse, resigned in July following allegations of sexual harassment.\nMurdoch took over as CEO of Fox News and Fox Business Network on an interim basis after Ailes resigned.\nFox News also named Suzanne Scott as executive vice president of programming and development for Fox News Channel and said Chief Financial Officer Mark Kranz was retiring.\n(Reporting by Rishika Sadam in Bengaluru", "date": "\n08/12/2016", "href": "https://www.huffpost.com/entry/rupert-murdoch-fox-news-new-leadership_n_57ae1313e4b0718404114668", "tags": "leadership murdoch fox resigned names news reporting team rupert aug exit new ailes"}