{"title": "MWC 2017: Wikipedia goes data-free in Iraq", "content": "Access to Wikipedia will not incur mobile data charges to customers of the Asiacell mobile phone provider in Iraq, the organisation has announced.\nIt is part of the Wikipedia Zero scheme that has operated in 59 countries around the world since 2012.\nThe Wikimedia Foundation says it wants to \"bring the sum of human knowledge\" to as many people as possible.\nHowever some argue that projects such as this go against the principles of net neutrality.\n\"Net neutrality is the principle that all data are treated equally in the network,\" said Joe McNamee, executive director of the European Digital Rights group. \n\"Treating data the same in the network but then making some data more economically advantageous outside the network would be considered by many to be a breach of this principle.\"\nThe free programme begins on 28 February and was revealed at Mobile World Congress in Barcelona.\nThe Wikimedia Foundation states on its website that it does not pay mobile phone providers who sign up to the programme and they do not get any editorial control over the platform.\nSarmad Saeed Yassen and his wife Ravan Jaafar Altaie are volunteer Wikipedia editors based in Iraq, editing in Arabic and Kurdish.\nMr Yassen is a telecoms engineer in Erbil, Iraq.\n\"Mobile internet is available everywhere but the price can be expensive,\" he told the BBC.\n\"Having Wikipedia free is going to be very important to people and also to companies.\" ", "date": "28 February 2017", "href": "https://www.bbc.co.uk/news/technology-39101877", "tags": "neutrality incur wikipedia mwc wikimedia goes data-free iraq principle net yassen"}