{"title": "MyPillow Lays Off 150 Workers After Praising Trump's Tax Cuts, 'Booming Economy'", "content": "MyPillow, one of the few remaining advertisers frequently featured on Tucker Carlson\u2019s Fox News show, is laying off more than 100 employees not even a year after the company\u2019s founder praised President Donald Trump for creating a \u201cbooming economy.\u201d\nIn a statement to HuffPost, Mike Lindell, inventor and CEO of MyPillow, told us via email that he\u2019s in the process of launching an \u201conline store for entrepreneurs and inventors to sell their products.\u201d\n\u201cAs we prepare for the launch of MyStore.com, we are changing the layout of our Shakopee [Minnesota] factories so the fulfillment and shipping of all MyStore products can happen here,\u201d he says, before adding that the \u201cnew direction\u201d means layoffs for about 150 employees.\u00a0\nLindell said that while he values \u201ceach and every one of my employees,\u201d \u201cthis is what is best right now for the future of MyPillow and to prepare for the launch of MyStore.com.\u201d\nThis move from Lindell comes less than a year after a June 2018 op-ed he penned for the Duluth News-Tribune where he celebrated Trump\u2019s economic policies in a piece titled, \u201cRest easy, Minnesota; Trump is winning for us.\u201d", "date": "\n05/10/2019", "href": "https://www.huffpost.com/entry/mypillow-mike-lindell-layoffs-trump-tax-cuts_n_5cd5b3a0e4b0705e47dbd2e3", "tags": "lays frequently tucker featured workers praising economy trump remaining prepare lindell mypillow tax cuts"}