{"title": "Nancy Pelosi's Bold Midterms Prediction Freaks Out Stephen Colbert", "content": "Stephen Colbert doesn\u2019t want House Minority Leader Nancy Pelosi (D-Calif.) to count the Democrats\u2019 chickens before they hatch.\nOn Tuesday\u2019s broadcast of \u201cThe Late Show,\u201d Pelosi boldly predicted Democrats would win big in November\u2019s midterm elections.\n\u201cLet me say this: Up until today, I would have said if the election were held today, we will win,\u201d Pelosi told Colbert. \u201cNow I\u2019m saying is, we will win, we will win, we will win,\u201d she added.\nColbert, however, was freaked out by Pelosi\u2019s confidence.\n\u201cPlease don\u2019t say that,\u201d he told Pelosi. \u201cDo you want to say that on Hillary\u2019s fireworks barge that she canceled?\u201d He later performed the sign of the cross on his chest, and added: \u201cI feel like I should sacrifice a goat or something to take the hex off of what you just said.\u201d\nPelosi was adamant. \u201cThe Democrats will carry the House, if we have a bigger victory, the Senate, governorships,\u201d she said. \u201cIt\u2019s going to be a great night for America.\u201d\nCheck out the full interview here:", "date": "\n10/31/2018", "href": "https://www.huffpost.com/entry/nancy-pelosi-stephen-colbert-midterms-prediction_n_5bd96822e4b0da7bfc15394d", "tags": "bold count colbert midterms stephen d-calif. nancy prediction freaks pelosi"}