{"title": "Netflix's 'Reversing Roe' Reveals What's At Stake If Brett Kavanaugh Is Confirmed", "content": "Netflix\u2019s upcoming documentary \u201cReversing Roe\u201d shows just how much is at stake in America\u2019s abortion battle.\u00a0\nA trailer for the documentary released Tuesday shows the long-fought battle between advocates for and against abortion. From second-wave feminist marches to the religious right and the onslaught of attacks on abortion clinics, \u201cReversing Roe\u201d promises to show the history of the tumultuous abortion battle. The documentary is set to air on Netflix on Sept. 13.\u00a0\n\u201cIt\u2019s the basis of democracy that you control your own body,\u201d feminist activist Gloria Steinem says in the clip.\u00a0\nThe trailer was released as Judge Brett Kavanaugh\u2019s Supreme Court confirmation hearing began this week. Many pro-abortion rights advocates believe that Kavanaugh,\u00a0if confirmed, would vote to overturn\u00a0Roe v. Wade, the historic 1973 ruling that legalized abortion.\nOne in four women will get an abortion in their lifetime. Many advocates fear that if the procedure becomes illegal, women will be forced to undergo back-alley abortions, as they did pre-Roe.\n\u201cReversing Roe\u201d will be available on Netflix on\u00a0Sept. 13.\u00a0", "date": "\n09/05/2018", "href": "https://www.huffpost.com/entry/netflix-reversing-roe-brett-kavanaug_n_5b8fc823e4b0511db3ddffc8", "tags": "trailer kavanaugh reversing sept. brett roe advocates reveals upcoming confirmed feminist netflix stake"}