{"title": "New York Daily News Nukes Donald Trump And Vladimir Putin With Explosive Cover", "content": "The New York Daily News covered America\u2019s withdrawal from the Intermediate-range Nuclear Forces Treaty with Russia in the most explosive way.\nThe tabloid newspaper\u2019s Saturday front page featured the faces of President Donald Trump and Russian President Vladimir Putin in front of a mushroom cloud created by a nuclear explosion.\n\u201cPLAYING WITH FIRE,\u201d read the headline.\nSecretary of State Mike Pompeo announced Friday that the U.S. will suspend compliance with the pact on Saturday.\nThe Daily News has a history of using eye-catching covers to call out Trump and his administration.\nIt depicted Trump as a tantrum-throwing toddler earlier this month as a critique of his demand that Congress allocate money for a U.S.-Mexico border wall.\nIt also went full Grinch on the president before Christmas over his government shutdown:", "date": "\n02/02/2019", "href": "https://www.huffpost.com/entry/new-york-daily-news-trump-putin-nukes_n_5c5543aae4b087104753aacb", "tags": "covered putin cover nukes intermediate-range york news trump vladimir tabloid new donald explosive daily"}