{"title": "New Yorker Cover Brilliantly Highlights The Diversity Headed To Congress", "content": "The New Yorker\u2019s latest cover highlights the diversity of the incoming freshman class of Congress\u00a0and underscores what they will be walking into in January 2019: A room filled with white men.\nIllustrated by artist Barry Blitt, the cover is a nod to the record number of women elected to Congress in Tuesday\u2019s midterm election.\u00a0\nMost of the illustration is without color, depicting men in suits talking among themselves in a room. The only pour of color is in the room\u2019s open door, where new lawmakers, led by women, are entering.\nThe cover is titled, \u201cWelcome to Congress.\u201d\nBlitt said that the results of the midterm elections were a reprieve from the political chaos of late.\n\u201cIn all the rancor and madness of the past few weeks (hell, the past few years), it appears we\u2019ve just lived through a nice moment,\u201d the artist told The New Yorker in an article explaining the artwork.\u00a0\nHistory was made for many minority groups in the midterm results.\u00a0\nAt least 100 women won House seats \u2015 including 40 of color \u2015 the largest number of women ever elected to the chamber.\nThe winners included Rashida Tlaib and Ilhan Omar, the first Muslim women elected to Congress; Alexandria Ocasio-Cortez, who at 29 years old is the youngest woman ever elected to Congress; Veronica Escobar, the first Latina sent to Congress from Texas; and Sharice Davids and Deb Haaland, who are set to become the nation\u2019s first Native American congresswomen.", "date": "\n11/10/2018", "href": "https://www.huffpost.com/entry/new-yorker-cover-women-of-color-congress_n_5be65ed9e4b0dbe871ab321e", "tags": "cover brilliantly blitt highlights yorker headed new congress diversity"}