{"title": "New Congresswoman Rashida Tlaib Vows To Impeach 'Motherf--ker' Donald Trump", "content": "Rep. Rashida Tlaib (D-Mich.) went from her swearing-in as one of the first Muslim women in Congress to cursing out President Donald Trump within a matter of hours on Thursday.\nTlaib told the crowd at an event hosted by progressive group MoveOn:\nThe Wrap\u2019s media editor Jon Levine shared footage of Tlaib\u2019s speech to Twitter:\nTlaib\u2019s comments also were tweeted by multiple other reporters who attended the reception:\nTlaib is the first Palestinian-American congresswoman. She donned a traditional thobe dress for her swearing-in on Thomas Jefferson\u2019s Koran,\u00a0and shared moments from the day on Twitter.\nThe congresswoman defended her comments in a statement on Friday.\n\u201cDonald Trump is completely unfit to serve as President,\u201d her spokesperson said in a statement. \u201cThe congresswoman absolutely believes he needs to be impeached.\u201d\nNew House Speaker Nancy Pelosi (D-Calif.) refused to rule out the possibility of an indictment against a sitting president in an interview with NBC\u2019s \u201cToday\u201d show that aired Thursday.\nTrump tweeted Friday morning that Democrats \u201conly want to impeach me because they know they can\u2019t win 2020.\u201d\nThis article has been updated to include Trump\u2019s tweets and new comments from Tlaib.", "date": "\n01/04/2019", "href": "https://www.huffpost.com/entry/rashida-tlaib-donald-trump-impeach_n_5c2f48ede4b08aaf7a986f82", "tags": "impeach vows -- swearing-in trump congresswoman rashida tlaib ker new donald d-mich."}