{"title": "New Zealand election ends in stalemate", "content": "New Zealand's ruling National Party has won Saturday's parliamentary elections but fell just short of a majority.\nWith all the votes counted, Prime Minister Bill English's party secured 58 seats in the 121-strong chamber.\nThe opposition Labour Party led by Jacinda Ardern took 45 seats.\nWith parliament hung, the two main political rivals are making overtures to the nationalist New Zealand First party (nine seats), which is now in a position to play kingmaker.\nThe centre-right prime minister made the first move, saying he would open talks with NZ First \"in the next few days\". \nHowever, NZ First leader Winston Peters has so far given no indication which of the two major parties his organisation will support.\nCan Ardern 'stardust' win?\nNew Zealand profile \nWithout NZ First, the National Party is unable to form a government as its only ally, ACT New Zealand, secured just one seat.\nMs Arden's party can rely on backing from the Green Party (seven seats) - still not enough to govern in a coalition. \nMajor campaign issues were the economy, infrastructure, healthcare and housing.\nMs Ardern targeted young New Zealanders with policies on education subsidies, housing and the environment.\nMr English promised voters experience and reliable economic management.\nHe became prime minister in 2016 when his predecessor John Key unexpectedly resigned.", "date": "23 September 2017", "href": "https://www.bbc.co.uk/news/world-asia-41357870", "tags": "zealand ends secured election nz new stalemate"}