{"title": "New York Pizza Rat Is The Perfect Metaphor For Something, Surely", "content": "Oh, what's that? The first rule of New York is \"Don't eat hot food on the subway platform\"? Pizza Rat doesn't give a flying f**k about your rules. He'll eat his pizza where he damn well pleases.\u00a0\nPizza Rat is the perfect metaphor for life in New York: He is hungry, he loves dollar pizza, he hates his life and he is trying to carry something that is way too heavy down the subway stairs because the elevator is broken. It's almost too perfect.\u00a0\nPizza Rat is determined, sure. But in New York, is that enough?\u00a0Of course not. So, as we all have countless times, Pizza Rat eventually gives up and walks away from the task at hand, presumably to a dive bar that will soon be replaced by yet another Chase bank or something.\u00a0\nThe video was uploaded by YouTube user Matt Little on Monday. Devastatingly, a request for comment about this important news was not immediately returned.\u00a0\n\u00a0\u00a0\nAlso on HuffPost:\nFor a constant stream of entertainment news and discussion, follow HuffPost Entertainment on Viber.", "date": "\n09/21/2015", "href": "https://www.huffpost.com/entry/pizza-rat-subway-nyc-i-need-to-leave-this-city-please-help_n_56005d1ae4b08820d919ac25", "tags": "rat subway hot entertainment metaphor oh surely perfect york something flying pizza new"}