{"title": "Nicole Kidman To Play Gretchen Carlson In Film About Fox News\u2019 Roger Ailes- Report", "content": "Nicole Kidman is reportedly in talks to play former Fox News anchor Gretchen Carlson in a\u00a0movie about the network\u2019s disgraced and now-deceased chairman\u00a0Roger Ailes.\nIn a story first reported by Variety, Kidman may play Carlson in \u201cFair And Balanced,\u201d\u00a0an upcoming film about Ailes\u2019 troublesome legacy at the Fox as seen through the eyes of the women who worked with him.\nIn 2016, Carlson\u00a0filed a sexual harassment lawsuit against Ailes and won\u00a0a $20 million settlement. Her actions also prompted other females at the network to come forward with other allegations of sexual misconduct. \nSince then, she has become an outspoken anti-sexual harassment advocate.\nCarlson commented on the possible casting move Wednesday on Twitter:\u00a0\n\u201cAustin Powers\u201d director Jay Roach is set to lead the film,\u00a0which will feature Charlize Theron\u00a0as former Fox anchor\u00a0Megyn Kelly. In her\u00a0memoir, Kelly accused Ailes of sexually harassing her when she was at the network.\n\u201cFair And Balanced\u201d isn\u2019t the only production about Ailes in the works.\nIn June, it was announced that Russell Crowe will play the Fox News chief in an eight-episode limited series for Showtime.", "date": "\n08/01/2018", "href": "https://www.huffpost.com/entry/nicole-kidman-gretchen-carlson-filme_n_5b61d2c0e4b0b15aba9ef4a3", "tags": "film carlson play fox news report nicole balanced roger kidman anchor ailes- gretchen"}