{"title": "Nintendo smashes its rules for gaming vloggers", "content": "Nintendo has relaxed its rules for video-makers who share their gameplay on websites such as Twitch and YouTube.\nUnlike Microsoft and Sony, Nintendo had restricted what it let video-makers share online and took a slice of advertising revenue from YouTubers.\nIts new guidelines lift most of the restrictions and no longer ask gaming vloggers to register for Nintendo's revenue-sharing scheme.\nNintendo said it was \"humbled\" by its fans' loyalty.\nMany video-makers had complained about Nintendo's policy and avoided sharing gameplay videos online, because the company often filed copyright claims on the content.\n\"As long as you follow some basic rules, we will not object to your use of gameplay footage and/or screenshots captured from games for which Nintendo owns the copyright,\" the company said in a statement.\nKey points in the new guidelines say:\nThe changes have been announced shortly before the December release of Super Smash Bros Ultimate, which is expected to be a popular title for online streamers.\n\"Nintendo has a fan base that's been dying to make stuff for years,\" Ellen Rose, a gaming reporter for Outside Xtra, told the BBC.\n\"Some creators have been scared to cover Nintendo previously, in case of copyright strikes and loss of income, so this is great for them - and for Nintendo too, as they'll get even more video coverage online.\" ", "date": "29 November 2018", "href": "https://www.bbc.co.uk/news/technology-46385047", "tags": "gameplay smashes sony gaming rules vloggers nintendo video-makers websites twitch unlike restricted relaxed"}