{"title": "Obama Photographer Pete Souza Taunts Trump For Not Buying Melania A Birthday Gift", "content": "Obama-era White House photographer Pete Souza\u00a0doesn\u2019t often pass up on an opportunity to troll President Donald Trump.\u00a0And so it was business as usual on Thursday when Trump revealed during\u00a0a wild \u201cFox & Friends\u201d interview\u00a0that he was too busy \u201cto be running out looking for presents\u201d to celebrate first lady Melania Trump\u2019s 48th birthday.\nIn a shade-throwing response, Souza posted this 2013 snap of former President Barack Obama, singing happy birthday to former first lady Michelle Obama:\n\u201cHe always gave her a present too,\u201d Souza captioned the image.\nIn recent months, Souza has used the photographs he took during the Obama administration to mock Trump over his use of \u201ca big word,\u201d the way in which former Secretary of State Rex Tillerson\u00a0was fired and to question Trump\u2019s claim he\u2019d have\u00a0probably \u201crun in\u201d to confront the Parkland, Florida, school shooter.", "date": "\n04/27/2018", "href": "https://www.huffpost.com/entry/pete-souza-donald-trump-melania-birthday_n_5ae2c2d3e4b055fd7fca5684", "tags": "obama-era melania pete gift taunts photographer buying trump opportunity obama birthday troll souza"}