{"title": "Obama Photographer Fact-Checks Donald Trump\u2019s White House Tour Tales With Old Snaps", "content": "Former White House photographer Pete Souza attempted to disprove another one of President Donald Trump\u2019s wild statements on Tuesday.\nSouza shared a number of images showing former President Barack Obama dining in a private room off the Oval Office to counter Trump\u2019s reported claim to tour guests that Obama \u201cjust sat in here and watched basketball all day.\u201d\n\u201cClick through the pictures to see what President Obama actually did in the dining room with a variety of people,\u201d Souza wrote. \u201cHe had lunch.\u201d\nThe shutterbug also commented on Trump\u2019s alleged claim that there was a hole in the room\u2019s wall when he moved into the official residence: \u201cIf you spot the hole in the wall, you win a free trip to visit the medieval concrete wall in Mexico.\u201d\nAn Obama official disputed Trump\u2019s claims to The Washington Post.\nSouza often uses his Instagram account to troll the Trump administration with photos he took during Obama\u2019s time in office. Here\u2019s a sampling of his most recent efforts:", "date": "\n01/30/2019", "href": "https://www.huffpost.com/entry/obama-photographer-donald-trump-tour-claims_n_5c515a21e4b0f43e410c61c3", "tags": "hole attempted fact-checks white tour house photographer dining snaps trump obama old donald tales disprove souza"}