{"title": "Oprah Winfrey to receive Cecil B. DeMille Award at Golden Globes", "content": "Story highlightsWinfrey joins a long list of prestigious honoreesShe tweeted about the honor\n (CNN)Media icon Oprah Winfrey is set to be feted at the 75th Annual Golden Globe Awards.\nShe will be honored with the 2018 Cecil B. DeMille Award, which is given \"to a talented individual who has made an incredible impact on the world of entertainment.\"\n\nRELATED: 'Shape of Water,' 'Big Little Lies' lead Golden Globe nominations\nPast honorees include Barbra Streisand, Denzel Washington, Sidney Poitier, George Clooney, Martin Scorsese, Meryl Streep, and Steven Spielberg.\n\"What an honor,\" Winfrey tweeted after the announcement was made Wednesday night.\nMeher Tatna, president of the Hollywood Foreign Press Association, which produces the show, had kind words for Winfrey.\n\"As a global media leader, philanthropist, producer and actress, she has created an unparalleled connection with people around the world, making her one of the most respected and admired figures today,\" Tatna said in a statement. \"For generations, Oprah has celebrated strong female characters on and off screen, and has been a role model for women and young girls for decades.\"\nThe awards ceremony airs January 7 on NBC, with \"Late Night\" host Seth Meyers presiding.", "date": "December 14, 2017 ", "href": "https://edition.cnn.com/2017/12/14/entertainment/oprah-golden-globes-award/index.html", "tags": "tatna globe cecil b. honoreesshe award globes highlightswinfrey demille oprah winfrey golden joins receive prestigious"}