{"title": "Orlando Bloom crashes a Formula E car in Morocco", "content": " (CNN)He's battled the Orcs of Mordor and swung swords with pirates on the high seas.\nBut Hollywood actor Orlando Bloom struggled to get to grips with a Formula E car during a recent trip to Morocco.\nThe Lord of the Rings and Pirates of the Caribbean star was at the Marrakech ePrix with fellow A-lister Leonardo DiCaprio to celebrate his 41st birthday.\n\nOrlando Bloom receives some instructions between taking to the track.{\"@context\": \"http://schema.org\",\"@type\": \"ImageObject\",\"name\": \"Orlando Bloom receives some instructions between taking to the track.\",\"description\": \"Orlando Bloom receives some instructions between taking to the track.\",\"url\": \"//cdn.cnn.com/cnnnext/dam/assets/180130133939-orlando-bloom-formula-e-3-large-169.jpg\",}\nREAD: Racing dune buggies over the sand\nAfter a promising start, Bloom lost control of the car and collided with the track wall -- losing his car's nose cone in the process. You can see the full video above.\nREAD: Rosenqvist wins in Marrakech\nThe Formula E season continues with a race in Santiago, Chile this weekend.", "date": "January 30, 2018 ", "href": "https://edition.cnn.com/2018/01/30/motorsport/orlando-bloom-formula-e-marrakech/index.html", "tags": "track marrakech crashes orcs formula receives instructions swung pirates swords seas car mordor battled orlando e morocco bloom"}