{"title": "Ousted GOP Congressman Bob Inglis- I Refused To Call Obama 'A Socialist' And I Lost", "content": "Rep. Bob Inglis (R-S.C.) says he knows firsthand the risky business of refusing to call President Obama a \"socialist\" from his primary election defeat earlier this summer. \nInglis was quoted reflecting back on his loss by the New York Daily News on Monday.\n\"I figured out early in the race I was taking a risk by being unwilling to call the President a socialist,\" explained the outgoing congressman. \"I'd get asked a question and they'd all wait to see if I'd use the word - socialist - they were throwing around. I wouldn't. Because I don't think that's what he is.\"\nInglis elaborated, \"To call him a socialist is to demean the office and stir up a passion that we need to be calming, rather than constantly stirring up.\" \nThe criticism is only the latest in a string of recent shots fired by the South Carolina Republican at members of his party since failing in his re-election bid.\n\"I think that to some extent, we're getting what we deserve,\" he said last month of GOP efforts to appease the conservative wing of the party. \"We have basically decided to stir up a base and that's a bad decision for the country. Because the country needs people here serving in Washington to say, 'listen let's lead and let's help people understand.'\"", "date": "\n08/09/2010", "href": "https://www.huffpost.com/entry/bob-inglis-i-refused-to-c_n_675580", "tags": "call risky congressman refused refusing ousted gop inglis- obama lost socialist r-s.c. stir bob knows firsthand inglis"}