{"title": "Paddington 2 severs Weinstein company ties", "content": "Paddington 2 has severed ties with the studio co-founded by beleaguered Hollywood producer, Harvey Weinstein.\nWarner Bros has now bought the rights from The Weinstein Company (TWC) and StudioCanal, which financed the film.\nPaddington 2 producer David Heyman had said he was \"trying to break Paddington out of prison\" to ensure TWC did not distribute the film in North America.\nDozens of women have accused Weinstein of sexual assault and harassment. He denies non-consensual sex allegations.\nTWC sacked Weinstein last month following the revelations.\nHeyman, who also produced the Harry Potter films, said at the London premiere of Paddington 2 earlier this month that he was \"looking for alternative distributors\".\nPaddington 2 is now out in the UK but will not be released by Warner Bros in the US and Canada until January.\nThe film stars Hugh Grant, Hugh Bonneville, Sally Hawkins, Ben Whishaw and Dame Julie Walters.\nIt debuted at the top of the UK box office this weekend, taking \u00a38.26m, knocking Murder on the Orient Express off the top spot.\nFollow us on Facebook, on Twitter @BBCNewsEnts, or on Instagram at bbcnewsents. If you have a story suggestion email entertainment.news@bbc.co.uk.", "date": "16 November 2017", "href": "https://www.bbc.co.uk/news/entertainment-arts-42009591", "tags": "company paddington ties co-founded severs severed bros weinstein hugh beleaguered heyman twc"}