{"title": "Pakistan's president returns after medical treatment", "content": "Story highlights President Asif Ali Zardari arrives in KarachiSecurity has increased around the presidential family home, two police officials sayZardari left December 6 for medical treatment in Dubai\nPakistan's president returned to the country early Monday after having undergone medical treatment in Dubai, an official told CNN.\nPresident Asif Ali Zardari, who flew with his daughter and doctor, landed at an air force base in the southern port city of Karachi, said Sindh Home Minister Manzoor Wassan.\nSindh is the province where Karachi is located.\nThe president's sudden departure from Pakistan on December 6 sparked rumors in the country of his possible resignation and a soft coup.\nEarlier, the president's spokesman, Farhatullah Babar, declined to say when Zardari would return.\nSecurity increased Sunday in Karachi in the area surrounding the presidential family home, two police officials said.\nOfficials had said previously that Zardari was having a \"regular checkup,\" and spokeswoman Farahnaz Ispahani said he was undergoing routine tests related to a previously diagnosed heart condition.\nWord soon came that Zardari was treated in an intensive care unit.\nZardari was discharged from a Dubai hospital Wednesday, a week after he was released from the ICU, said spokesman Babar.\nHe was being discharged \"to rest at home as advised and to continue on his regular heart medication,\" Babar added.", "date": "December 18, 2011 ", "href": "https://edition.cnn.com/2011/12/18/world/asia/pakistan-president-health/index.html", "tags": "asif medical president treatment karachi babar returns increased pakistan zardari dubai"}