{"title": "Palestinian leader Mahmoud Abbas hospitalized", "content": "Story highlightsDoctors say heart surgery on Palestinian leader was successful Abbas attended funeral of Israeli statesman Shimon Peres in late September \n (CNN)Palestinian Authority President Mahmoud Abbas is recovering in a hospital after undergoing heart surgery, his office told CNN on Thursday.\nAbbas, 81, underwent cardiac catheterization, a process in which a tube is inserted into a large blood vessel that leads to the heart.\n\nThe procedure is usually performed to find out if a patient has a disease of the heart muscle, valves or coronary arteries, according to the American Heart Association. \nThe surgery was successful and Abbas is now asleep under sedation, say doctors.\nMahmoud Abbas Fast Facts\nAbbas out and about  \nOne of the last times the Palestinian leader was seen in public was at the funeral of Israeli statesman Shimon Peres in late September. In a brief moment of reconciliation, Abbas shook hands with Israeli Prime Minister Benjamin Netanyahu.\nOpinion: The handshake was a footnote in history \nThe two men have often been on opposite sides of a political divide that sometimes seems unbridgeable.", "date": "October 6, 2016 ", "href": "https://edition.cnn.com/2016/10/06/middleeast/palestinian-leader-mahmoud-abbas-hospitalized/", "tags": "abbas successful shimon statesman leader mahmoud hospitalized highlightsdoctors palestinian peres"}