{"title": "Paris Hero Who Saved Woman At Bataclan Has Been Found", "content": "UPDATE: 10:30 a.m. -- The man who saved a woman hanging from a window at Paris' Bataclan theater during Friday's terror attacks is safe -- and he's in contact with the grateful person he rescued, the woman's friend told HuffPost France.\nIn a touching moment from a horrifying video of people fleeing the massacre at Paris' Bataclan theater Friday, an unidentified person can be seen hoisting a woman hanging from the building to safety.\nPlease note the footage, shot by Daniel Psenny\u00a0of Le Monde, is upsetting and graphic.\nWhile holding on for her life to a third-story window for several minutes, the woman appears to be crying out in French, \"Please, I'm pregnant,\" although it's unclear whether the voice is coming from her or somewhere else in the crowded alley as people flee amid the sound of gunshots.\nAbout 2 minutes and 18 seconds into the video, someone from the other side of the window pulls the woman inside. The person appears to be wearing a checkered shirt wrapped around his or her waist.\u00a0\nThe pregnant woman, who prefers to remain anonymous because she is still recuperating, was intent on finding her savior and making sure he was all right, according to\u00a0HuffPost France.\u00a0\nThe woman's loved ones sent out an announcement on Twitter, asking the man to come forward so they could thank him. The message was widely shared, and the man's brother spotted it. He connected the pregnant woman to her hero, and they exchanged phone numbers. The man has not yet been identified.\nAlso on HuffPost:", "date": "\n11/15/2015", "href": "https://www.huffpost.com/entry/pregnant-woman-rescue-bataclan_n_5648c857e4b08cda34893af4?h9wzh0k9=", "tags": "please bataclan hanging paris found window hero saved woman update"}