{"title": "Pat Robertson- Gays Can Change, Just Like Rapists, Thieves And Murderers", "content": "In what could very well be this week's least-surprising news, conservative evangelist Pat Robertson compared gay people to murderers, rapists and thieves in his latest rant. \nSounding off on news that former Ecuadorian presidential candidate Nelson Zavala was banned from political activity after making a series of controversial comments about the gay community, Robertson noted, \"That man's freedom of speech is being taken away ... the power of God can change people's orientation.\" \nHe then added, \"A murderer can change, a rapist can change, a thief can change. That's what the Gospel is all about,\" Right Wing Watch first reported. \nAs the BBC pointed out, Zavala said that gay people can be \"cured,\" and suffered from \"severe deviation of conduct.\" \nEarlier this year, Robertson responded to news that the Boy Scouts of America was re-considering its ban on gay participants before wondering aloud if an amendment to the controversial policy would open the door to \"predators\" and \"pedophiles.\"", "date": "\n05/07/2013", "href": "https://www.huffpost.com/entry/pat-robertson-gays-rapists-murderers_n_3225259", "tags": "gays rapists thieves murderers zavala robertson- evangelist compared pat rant like least-surprising change"}