{"title": "Pat Robertson- San Antonio LGBT Nondiscrimination Ordinance Is 'Unconstitutionally Vague'", "content": "In another riveting claim made on \"The 700 Club,\" conservative Christian host Pat Robertson stated that the recent non-discrimination ordinance passed by San Antonio, Texas' city council will put Christians in jail because it is \"unconstitutionally vague.\"\nRobertson, echoing the sentiments of hundreds that gathered to \"pray\" in protest during the ordinance's debate period, claims that offering nondiscrimination protection to lesbian, gay, bisexual and transgender (LGBT) Texans criminalizes those with a biblical view of sexuality. He stated in the above video: \nThe Christian Broadcasting Network reportedly also claimed that the ordinance \"forbids bias against homosexuality or bisexuality.\"\nGLAAD officials say the nondiscrimination ordinance, however, merely offers protection for LGBT people from \"discrimination in city employment and contracts, housing, public office, and public accommodation.\"\nRobertson has a long-standing history of extremist conservative claims on \"The 700 Club,\" including most recently that HIV-infected gay men in San Francisco wear special rings that cut other individuals in order to transmit the disease. He has also asserted that gays are comparable to rapists, thieves and murders, told a woman not to attend her lesbian sister's wedding, and stated that gays are merely confused heterosexuals that have \"forsaken God.\"\n(h/t Right Wing Watch)", "date": "\n09/18/2013", "href": "https://www.huffpost.com/entry/pat-robertson-san-antonio-nondiscrimination_n_3950448", "tags": "gays san vague robertson- antonio ordinance pat nondiscrimination stated merely lgbt riveting"}