{"title": "Pat Robertson On Homosexuality- It's Related To A Type Of 'Demonic Possession'", "content": "Learning that Pat Robertson has something newly outrageous to say about homosexuality isn't really all that shocking.\nThe \"700 Club\" host has never hidden the fact that he disapproves of the LGBT community (to put it lightly) and he has dedicated hours of air time to discussing the dangers of the so-called \"homosexual lifestyle\" (see a slideshow of Robertson's \"greatest hits\" below).\nBut in a recent broadcast (see the video above) Robertson truly outdid himself when he proposed that homosexuality is related to a type of \"demonic possession.\"\nThe claim came during a segment about a man who, according to Robertson, \"trolled the streets\" for seven years looking for \"cheap sex with other men\" while his wife sat at home \"completely clueless.\" \nIn response to the man's story, Robertson says:", "date": "\n03/27/2012", "href": "https://www.huffpost.com/entry/pat-robertson-homosexuality-demonic-possession_n_1382163", "tags": "learning homosexuality- outrageous shocking hidden disapproves possession pat related robertson newly type"}