{"title": "Pat Robertson Blames Las Vegas Massacre On 'Disrespect' For Donald Trump", "content": "TV preacher Pat Robertson\u00a0says the massacre in Las Vegas was caused by lack of respect for President Donald Trump, protests during the national anthem and the country having no \u201cvision of God.\u201d\u00a0\n\u201cThere is profound disrespect for our president, all across this nation they say terrible things about him,\u201d the televangelist and former presidential candidate said on \u201cThe 700 Club\u201d on Monday. \u201cIt\u2019s in the news, it\u2019s in other places.\u201d\nRobertson went on:\nHe also blamed the lack of \u201cbiblical authority\u201d and \u201csome controlling authority in our society.\u201d\n\u201cWhen there is no vision of God, the people run amok,\u201d he said in the clip, posted online by Right Wing Watch. \u201cAnd we have taken from the American people the vision of God, the whole idea of reward and punishment, an ultimate judge of all our actions, we\u2019ve taken that away. When there is no vision of God, the people run amok.\u201d\u00a0\nWatch his full comments below.", "date": "\n10/02/2017", "href": "https://www.huffpost.com/entry/pat-robertson-las-vegas-massacre_n_59d2e869e4b048a44324a6bb", "tags": "las vegas massacre blames vision lack trump pat preacher robertson donald"}