{"title": "Pat Robertson Blames Atheists And Those Who Hate God For Wisconsin Temple Shooting", "content": "On the morning after the tragedy in Oak Creek, Wisconsin,  The 700 Club's Pat Robertson placed the blame for the shooting at the Sikh Temple on atheists and those who \"hate God.\"\nAccording to The Christian Science Monitor, the alleged shooter has been identified as Wade Michael Page, a 40 year old Army veteran who the Southern Poverty Law Center claims was a one time leader of a racial supremacist band.  \nIt is unclear what, if any, religious convictions Wade Michael Page might have had. \nBut Robertson was convinced that the act was committed by those who 'hate' God, regardless of who their target is this time.\n\"Whether it's a Sikh temple, or a Baptist church, or a Catholic church, or a Muslim mosque \u2013 whatever it is \u2013 I just abhor this kind of violence, and it's the kind of thing that we should do something about,\" Robertson said on The 700 Club. \nHowever, Rajwant Singh, chairman of the Washington-based Sikh Council on Religion and Education, told the Associated Press he believes the attacks took place out of ignorance.\nSo what can you do to prevent such attacks? \nRobertson's advice is simple: \"Well, you talk about the love of God and hope it has some impact.\" \nCheck out other commentary by Pat Robertson", "date": "\n08/06/2012", "href": "https://www.huffpost.com/entry/pat-robertson-says-those_n_1749532", "tags": "placed shooting blames tragedy wisconsin atheists temple pat robertson god sikh creek oak hate"}