{"title": "Pat Robertson Advises Parents Not To Attend Gay Wedding Of Their Child", "content": "Conservative evangelist Pat Robertson advised two concerned parents to skip the same-sex wedding of their child in a \"700 Club\" segment this week. \nRobertson, who has been an outspoken opponent of marriage equality for some time, told the viewer that by attending the ceremony, \"you are agreeing with it,\" according to Right Wing Watch. \nHe added, \"I would tell your child, 'I love you, but I cannot condone this. We will always love you, but I don't condone this activity.'\"\nThe parents had suggested in their initial inquiry that they were divided over whether or not to attend, but Robertson was firm. \n\"Be in unity, and I would say don't go,\" he concluded. \nThe latest remarks are in line with Robertson's history of anti-gay sentiment. In February, he blasted a Washington state judge's ruling that a florist's refusal to provide flowers for a gay couple's wedding had violated anti-discrimination legislation.\nHe asked viewers, \u201cTo tell a florist that she\u2019s got to provide flowers for a particular kind of wedding? What if somebody wanted to marry his dog? She\u2019s got to have flowers for that?\"\nEarlier this year, he implied that a young boy may be reading gay magazines because he was \"attacked or molested by an authority figure\" in the past.", "date": "\n03/05/2015", "href": "https://www.huffpost.com/entry/pat-robertson-parents-gay-marriage_n_6810036", "tags": "child wedding skip parents evangelist pat concerned advised robertson gay condone advises attend florist"}