{"title": "Pat Robertson- Passing Equality Act Will Make 'Land Vomit You Out'", "content": "Televangelist Pat Robertson preached against the Equality Act\u00a0on Tuesday, saying the pro-LGBTQ rights measure would ruin \u201cthe sanctity of America.\u201d\n\u201cIf you want to bring the judgment of God on this nation, you just keep this stuff up,\u201d he said on the Christian Broadcasting Network.\nRobertson, 89, used a biblical reference to attack the bill, which aims to outlaw discrimination based on sexual orientation and gender identity. The Democratic-controlled House is expected to vote soon on the reintroduced measure and will likely approve it. President Donald Trump opposes it.\n\u201cI was reading in Leviticus where it says because of these things the land \u2018will vomit you out,\u2019\u201d Robertson said in the clip above, shared by Right Wing Watch. \u201cVomit you out. I think God will say, \u2018I\u2019ve had it with America if you do this kind of stuff, I\u2019m going to get rid of you as a nation.\u2019\u201d\nRobertson has a history of making homophobic comments, so his fire-and-brimstone rant should come as no surprise.\nMany in the religious community do not share his views. An interfaith coalition of Christians, Jews, Muslims, Hindus and others gathered in Washington on Tuesday to support the Equality Act.\nWatch Robertson\u2019s remarks above.", "date": "\n05/15/2019", "href": "https://www.huffpost.com/entry/pat-robertson-equality-act-vomit_n_5cdc0477e4b0c39d2a143dc9", "tags": "ruin vomit stuff pro-lgbtq robertson- act pat passing equality televangelist preached make"}