{"title": "Pat Robertson Compares Transgender People To His Castrated Horse", "content": "Pat Robertson condemned California's new transgender protection legislation as \"insane\" and absurd\" on a recent installment of \"The 700 Club.\" \nAs Right Wing Watch originally reported, however, the conservative evangelist didn't stop there, and even compared members of the transgender community to his castrated horse. \n\"We talk about transgender -- I have a former stallion who is now a gelding because stallions get very aggressive, but he wasn't trying to be a girl; we just made him into a less aggressive male,\" Robertson noted.  \nEarlier in the program, Robertson, 83, asked co-host Wendy Griffith for a definition of \"transgender.\" Blasting the transgender community as \"a loud minority,\" Griffith responded, \"They're still boys, but they dress like girls or they're still girls, but they dress like boys.\" \nInterestingly, Robertson's latest rant contradicts earlier statements he made about the transgender community. Though he called gender confirmation procedures \"radical\" in a July broadcast, he added at the time, \"I don't think there's any sin associated with that. I don't condemn somebody for doing that.\"\nThinkProgress called Robertson's earlier statement a \"refreshing change of pace,\" while Back 2 Stonewall joked that the comments might push anti-gay American Family Association host Bryan Fischer even \"deeper into the end of the insanity pool.\" \n", "date": "\n10/09/2013", "href": "https://www.huffpost.com/entry/pat-robertson-transgender-castrated-horse_n_4071855", "tags": "dress horse aggressive condemned compares pat robertson castrated griffith people transgender"}