{"title": "Pat Robertson- Obama Should Listen To 'Fellow Africans' On Gay Rights", "content": "It's an unlikely proposition, but if Pat Robertson had his way, President Barack Obama would make a\u00a0180-degree shift in regard to lesbian, gay, bisexual and transgender (LGBT) rights.\u00a0\nIn an installment of \"The 700 Club\" last week, Robertson, whose opposition to the LGBT community\u00a0is well-established, suggested Obama has \"an agenda against God\" ahead of the president's weekend visit to Kenya, Right Wing Watch first reported.\nNoting that homosexuality is illegal in Kenya\u00a0and other African nations, \u00a0the right-wing televangelist said that Obama would be best served by enforcing similar anti-LGBT laws in the U.S.\u00a0\n\u201cOne wishes that the president of the United States would listen to some of his fellow Africans, cousins,\u201d he said,\u201cto what they have to say because they speak truth and they speak wisdom.\u201d\u00a0\nUnfortunately for Robertson, Obama did just the opposite, calling for equal treatment for everyone\u00a0during his time in Kenya.\u00a0\n\u201cI believe in the principle of treating people equally under the law, and that they are deserving of equal protection under the law and that the state should not discriminate against people based on their sexual orientation,\u201d Obama said. \u201cI\u2019m unequivocal on this.\u201d\nBetter luck next time, Pat!\u00a0", "date": "\n07/27/2015", "href": "https://www.huffpost.com/entry/pat-robertson-obama-gay-rights_n_55b68f9ee4b0224d88335057", "tags": "robertson- rights pat equal obama africans gay proposition listen unlikely"}