{"title": "Pat Robertson Thinks Alexandria Ocasio-Cortez Is Just A Bartender 'With No Particular Education'", "content": "Televangelist Pat Robertson tried to dismiss Rep. Alexandria Ocasio-Cortez (D-N.Y.) because she once worked as a bartender, then claimed she had \u201cno particular education to speak of.\u201d\u00a0\nOcasio-Cortez actually graduated with honors from Boston University, which is listed 42nd on U.S. News & World Report\u2019s rankings of national universities.\nBut as far as Robertson was concerned, the political positions that Ocasio-Cortez holds shouldn\u2019t matter because her work experience and education show \u201cshe just doesn\u2019t know what she\u2019s talking about.\u201d\nIn a clip posted online by Right Wing Watch, Robertson said:\u00a0\u00a0\nLast month, the freshman lawmaker discussed how her work as a bartender and waitress helped hone her \u201cBS detector,\u201d an essential skill in politics:\u00a0\nRobertson has a long and ugly track record of divisive and hateful rhetoric, including homophobic and Islamophobic comments.\u00a0He\u2019s also a die-hard supporter of President Donald Trump, to the point of declaring that the 2017 Las Vegas massacre was the result of a lack of respect for the president and the national anthem.\u00a0\nSee Robertson\u2019s comments about Ocasio-Cortez below:\u00a0", "date": "\n03/12/2019", "href": "https://www.huffpost.com/entry/pat-robertson-alexandria-ocasio-cortez_n_5c874a2de4b08d5b7864dcbb", "tags": "dismiss ocasio-cortez thinks alexandria pat robertson particular education televangelist bartender"}