{"title": "Pat Robertson- Boy Scouts Gay Ban Lift Could Mean Pedophiles As Scoutmasters", "content": "\"700 Club\" host Pat Robertson made some controversial comments about the future of the Boy Scouts of America on Tuesday. \nAs the board of the Boy Scouts of America prepares to meet later this week to decide whether to drop its national ban on gay leaders and scouts, Robertson wondered aloud if doing so would open the door to \"predators\" and \"pedophiles.\"\nSpeaking on the \"700 Club,\" Robertson said:\n\"Our prayers are with them that they will do what they feel is right for them, not what the political [sic] correct crowd thinks is right for them,\" he added.\nThe Girl Scouts of America actually upholds a nondiscrimination policy with regards to sexual orientation. According to the organization: \nHowever, among Girls Scouts literature, an appendix concerning \"special issues\" goes on to state that \"it is not appropriate to ask or assume what a girl's sexual orientation is.\" In 2011, a transgender girl was accepted into a Girl Scout troop after initially being rejected. \nIn 2012, an Indiana lawmaker accused the Girl Scouts of promoting communism, lesbianism and subverting \"traditional American family values,\" according to NBC News.\nA recent survey found that 48 percent of Americans think the Boy Scouts should allow gay members, and only 32 percent say the group should not.\nLast year, Robertson, a longtime critic of the gay and lesbian \"lifestyle,\" linked homosexuality with \"demonic possession.\"", "date": "\n02/05/2013", "href": "https://www.huffpost.com/entry/pat-robertson-boy-scouts-gay-ban-lift-pedophiles-scout-masters_n_2624932", "tags": "scouts boy pedophiles ban scoutmasters lift robertson- mean pat gay orientation could"}