{"title": "Pat Robertson- Gay Sex Is 'Not Very Pretty' And 'A Little Disgusting'", "content": "No stranger to anti-gay remarks, conservative televangelist and media mogul Pat Robertson is making headlines with a fresh set of claims. \nAs Right Wing Watch is reporting, Robertson described gay sex as \"not very pretty\" on a recent broadcast of \"The 700 Club,\" even though he acknowledged that \"you can be attracted to the same sex, no problem.\"  \n\u201cI don\u2019t want to get graphic, that guy on 'Duck Dynasty' got graphic and it got a little disgusting, but when you see what they do, it\u2019s not very pretty,\u201d Robertson said in the broadcast. He went on to note, \u201cNobody can ever produce a child through homosexual sex or lesbian sex -- you cannot do it. This is for procreation and God has said that those who violate it, the land will vomit them out.\u201d\nLast year, Robertson sparked the ire of many in the lesbian, gay, bisexual and transgender (LGBT) community when he alleged that HIV-infected individuals in cities like San Francisco purposefully infect others by cutting them with special rings.\nAmong those to condemn Robertson's claim was Anderson Cooper, who noted, \"A ring that gives you AIDS. I've never seen that particular section of Zales.\" ", "date": "\n02/20/2014", "href": "https://www.huffpost.com/entry/pat-robertson-gays-disgusting_n_4824161", "tags": "disgusting stranger sex mogul robertson- graphic pat gay televangelist pretty little"}