{"title": "Pat Robertson Says Gays 'Will Die Out'", "content": "Televangelist Pat Robertson predicts that gays will die out because they don't reproduce. \nRobertson was responding to a viewer who belongs to a church in which congregants aren't allowed to date. \n\"It is treated as a sin to show interest in or have a mutual understanding in church with the opposite sex,\" wrote Crystal. \"Most of the people in church are frustrated because we're getting older and no one is getting married.\"\nIn comments made on his show \"The 700 Club\" on ABC Family that were then posted on YouTube by Right Wing Watch, Robertson replied: \nOf course, gays can become parents in a number of ways, including surrogacy. And as Inquisitr points out, the children of gay parents are no more likely to be gay than other children, according to the American Academy of Child and Adolescent Psychiatry. ", "date": "\n12/18/2014", "href": "https://www.huffpost.com/entry/pat-robertson-gays-die-out_n_6345454", "tags": "belongs gays die responding pat predicts treated robertson reproduce viewer televangelist congregants says"}