{"title": "Patton Oswalt- Donald Trump Is America's 'Racist Palate Cleanser'", "content": "Patton Oswalt\u00a0says President\u00a0Donald Trump\u2019s election victory shows that America is \u201cnot as progressive as we thought we were.\u201d\nTrump has profited from former President Barack Obama\u2019s eight years in office, the comedian and actor told late night TV host Conan O\u2019Brien.\nUnder Obama, Oswalt said there was a \u201clot of back-patting going on.\u201d \u201cIt was like, \u2018Yeah, check it out, black president. \u2018Yeah you\u2019re welcome, we\u2019re pretty cool, America 21st century, pretty nice,\u2019\u201d he said.\nBut when presented with the choice of voting for an \u201cinsanely qualified woman\u201d and a \u201cracist scrotum dipped in Cheeto dust,\u201d Oswalt said the country decided to \u201csee what the scrotum has to say.\u201d\nIt was as if citizens couldn\u2019t handle so much diversity and so\u00a0Trump was, according to Oswalt, America\u2019s \u201cracist palate cleanser.\u201d\nCheck out the full interview above.\n", "date": "\n04/29/2017", "href": "https://www.huffpost.com/entry/patton-oswalt-donald-trump-conan-palate-cleanser_n_59043df0e4b05c39767fc80d", "tags": "palate scrotum trump yeah cleanser oswalt patton donald pretty america oswalt-"}