{"title": "Paul Ryan's Congress Boast About 'Doers' Misses The Mark With Angry Twitter Users", "content": "House Speaker Paul Ryan (R-Wis.) drew backlash on Twitter after he boasted about the Republican-controlled\u00a0Congress being full of \u201cdoers.\u201d\nRyan sparked ire over a video shared Monday in which he sought to distinguish between two types of congressmen and congresswomen \u2014 whom he dubbed \u201cbe-ers\u201d and \u201cdoers.\u201d\n\u201cBe-ers,\u201d Ryan explained, were \u201cpeople who come to be somebody, to be called Congressman, to have a title, to have a lapel pin, and to be important, to be in the press. To be, not to do.\u201d\nCheck out the video here:\nRyan characterized \u201cdoers,\u201d meanwhile, as\u00a0 \u201cpeople who actually believe in principles, ideas and want to fight for those ideas no matter the consequences.\u201d\nHe said the current GOP-controlled House and Senate are full of \u201cdoers\u201d who \u201cwant to do the right thing for the right reasons\u201d and are \u201cwilling to lose their seat over it.\u201d\n\u201cThe most important thing for people here is not to get re-elected, it\u2019s to get something done,\u201d he added.\u00a0\nRyan\u2019s summation did not go over well with many users on Twitter, however, who suggested he give GOP lawmakers a less-flattering title.", "date": "\n08/22/2018", "href": "https://www.huffpost.com/entry/paul-ryan-gop-congress-doers-twitter-reaction_n_5b7d4e6ae4b0cd327df86a9a", "tags": "be-ers doers doers. ryan twitter misses paul ideas mark boast congress users angry"}