{"title": "Paul Manafort And Rick Gates Plead Not Guilty In Federal Court", "content": "WASHINGTON \u2015 Former Trump campaign chairman Paul Manafort and onetime business associate Rick Gates both pleaded not guilty Monday to charges of conspiracy and money laundering in connection with an intensifying investigation into Russian meddling in the 2016 presidential election.\nA 12-count federal grand jury indictment unsealed shortly after Manafort\u2019s surrender includes charges of conspiracy against the U.S., conspiracy to launder money, failure to file foreign bank reports, failure to register as a foreign agent and false statements.\nThe charges are the first in the probe led by the office of special counsel Robert Mueller, who was appointed by the Justice Department to probe Russian interference in last year\u2019s election.\u00a0\nThe special counsel\u2019s office argued in federal court in Washington, D.C., that Manafort was a flight risk. Manafort was released on an unsecured $10 million bond, while Gates was released on an unsecured $5 million bond.\nBoth men appeared in court in suits. They will be booked by the U.S. Marshals before release and placed under home confinement before another court appearance on Thursday.\nEmerging from court Monday afternoon, Manafort\u2019s attorney Kevin Downing called the charge that his client used offshore accounts to bring funds into the U.S. \u201cridiculous.\u201d", "date": "\n10/30/2017", "href": "https://www.huffpost.com/entry/paul-manafort-not-guilty_n_59f773b1e4b09b5c25683014", "tags": "guilty manafort plead rick paul failure gates unsecured federal court"}