{"title": "Paul Ryan Hilariously Joked About Donald Trump During The Al Smith Dinner", "content": "House Speaker\u00a0Paul Ryan\u00a0(R-Wis.) made numerous jokes at President Donald Trump\u2019s expense on Thursday night during the annual Al Smith Dinner in New York.\nThe event, which raises money for Catholic charities supporting needy children, is known for giving politicians the opportunity to make fun of themselves \u2015 and their colleagues.\u00a0\n\u201cEnough of the applause,\u201d said Ryan, after stepping to the microphone. \u201cYou sound like the Cabinet when Donald Trump walks in the room.\u201d\nHe even mocked the president\u2019s use of Twitter.\n\u201cEvery morning, I wake up in my office and I scroll Twitter to see which tweets that I will have to pretend that I did not see later on,\u201d\u00a0Ryan said.\nThe speaker also joked about Secretary of State Rex Tillerson reportedly calling Trump a \u201cmoron,\u201d\u00a0the ongoing investigation into the president\u2019s alleged ties to Russia during the 2016 presidential election campaign, and Trump\u2019s performance at last year\u2019s dinner when attendees booed the then-GOP candidate for\u00a0using the platform\u00a0to attack his Democratic rival, Hillary Clinton.\nCheck out Ryan\u2019s jokes in the clip above.", "date": "\n10/20/2017", "href": "https://www.huffpost.com/entry/paul-ryan-donald-trump-charity-dinner_n_59e99900e4b0df10767c1413", "tags": "joked ryan hilariously al r-wis. trump paul jokes numerous expense dinner donald smith"}