{"title": "People Think The White House's Birthday Tweet To Melania Trump Is \u2018Sadness Personified'", "content": "Melania Trump turned 49 on Friday and the White House marked the first lady\u2019s special day by posting birthday wishes and a photograph of her on Twitter.\nBut many tweeters questioned what they believed was a strange image choice:\nThe photo from March shared by the official White House account showed Melania Trump sat alone on an Oval Office couch as photographers snapped pictures of her husband, President Donald Trump, and Czech Prime Minister Andrej Babis, who were nearby but out of shot in this particular photo.\nHere is the scene from another angle:\nTwitter users described the supposedly celebratory post as \u201csadness personified,\u201d \u201cso strange\u201d and \u201clame.\u201d", "date": "\n04/27/2019", "href": "https://www.huffpost.com/entry/melania-trump-birthday-white-house-meme_n_5cc40325e4b04eb7ff9617ce", "tags": "marked melania wishes white tweet personified sadness house photograph think trump birthday posting strange people"}