{"title": "Philip Roth Once Torched Donald Trump In The Most Literary Way", "content": "Literary giant Philip Roth\u2019s critical comments about President Donald Trump are being remembered following the author\u2019s death at the age of 85 on Tuesday.\nIn a January 2017 interview with The New Yorker, Roth described Trump as \u201cjust a con artist\u201d while comparing him with the leading character Charles Lindbergh in his 2004 novel \u201cThe Plot Against America.\u201d\nTrump was \u201chumanly impoverished\u201d and \u201cignorant of government, of history, of science, of philosophy, of art, incapable of expressing or recognizing subtlety or nuance\u201d and \u201cdestitute of all decency,\u201d the Pulitzer Prize-winning author added.\nRoth also slammed Trump for \u201cwielding a vocabulary of seventy-seven words that is better called Jerkish than English.\u201d\nThe novelist struck a similar tone in an interview with The New York Times in January, calling Trump \u201ca massive fraud, the evil sum of his deficiencies\u201d and \u201cdevoid of everything but the hollow ideology of a megalomaniac.\u201d", "date": "\n05/23/2018", "href": "https://www.huffpost.com/entry/philip-roth-donald-trump_n_5b053224e4b07c4ea1035e46", "tags": "critical way torched trump literary remembered philip donald roth"}