{"title": "Pittsburgh Synagogue Shooting Suspect Pleads Not Guilty To New Charges", "content": "A truck driver accused of killing 11 people and wounding seven during an attack on a Pittsburgh synagogue has pleaded not guilty.\nForty-six-year-old Robert Bowers was in federal court Monday and pleaded not guilty to a new indictment that added 19 additional counts.\nHis attorney, Judy Clarke, says the defense is hoping the case can be resolved without going to trial. Clarke is a noted death penalty lawyer whose past clients have included one of the Boston Marathon bombers, a 9/11 conspirator and Unabomber Ted Kaczynski.\nThe new charges against Bowers include hate crime violations, obstructing religious belief and using a firearm during crimes of violence.\nAuthorities say Bowers raged against Jews during and after the attack.", "date": "\n02/11/2019", "href": "https://www.huffpost.com/entry/robert-bowers-pleads-not-guilty_n_5c618dcde4b0f9e1b1800d65", "tags": "wounding pleads guilty pleaded forty-six-year-old shooting clarke synagogue charges suspect new pittsburgh bowers"}