{"title": "Plastic bag use down 71% since 5p charge was introduced", "content": "The number of single-use carrier bags handed out by shops in Wales has fallen by 71% since charges were introduced in 2011, according to a report. \nThe  review, for Welsh ministers, estimates between \u00a317m and \u00a322m raised by the 5p charge has been donated to good causes by retailers.\nNatural Resources Minister Carl Sargeant said the levy had produced a significant shift in consumer habits.\nCarrier bag charges begin in England next month, for large retailers only.\nThe report said 74% of shoppers backed the charge and found the use of \"bags for life\" and other re-useable bags had resulted in an overall reduction in all bags of 57%.\nMr Sargeant said: \"We wanted the people of Wales to get into the habit of reusing their bags when shopping.\n\"I am pleased that almost four years on from the introduction of the charge in Wales consumer habits appear to be changing which is having a positive knock on effect on the environment as well as raising a significant amount of money for good causes.\"\nWales was the first UK nation to introduce the bag charges, followed by Northern Ireland and then Scotland.", "date": "4 September 2015", "href": "https://www.bbc.co.uk/news/uk-wales-politics-34138414", "tags": "fallen use sargeant habits bag since introduced charge handed plastic"}