{"title": "Prague Holocaust survivors photo recreated", "content": "A group of holocaust survivors and their families have re-staged a photo taken in Prague shortly after they were liberated from a concentration camp.\nThe 300 youngsters, who became known as the Windermere Boys, although there were also girls, were taken to the Lake District to recuperate before embarking on new lives.\nThe 10 remaining members of the group have now returned to the same spot.\nThey were joined by relatives of those who have since died for a group photo.  \nFollowing their liberation from a concentration camp in Czechoslovakia in 1945, the orphans were flown by RAF to what is now Carlisle Airport.\nThey then lived for a time on an estate at Troutbeck Bridge, near Windermere.\nThe Lake District Holocaust Project (LDHP) has been set up tell their story.\nIts founder, Trevor Avery, said: \"The significance of this picture is way bigger than just a group of people standing in front of a memorial in Prague having their photograph taken.\n\"This relates to something incredibly deep.\"\nMichael Helfgott, whose father was among the group, described it as \"an amazing feeling\" to be there.\nHe said: \"There is a really close bond between the other survivors and their children.\n\"To be here and recreate that moment in history, what a fabulous thing to do.\"", "date": "12 May 2019", "href": "https://www.bbc.co.uk/news/uk-england-cumbria-48237992", "tags": "photo liberated survivors shortly holocaust lake re-staged recreated youngsters windermere concentration prague"}