{"title": "Prince Charles Knights Kevin Spacey, Sparks Photoshop Battle", "content": "A Hollywood star receives an honorary knighthood from British royalty, and how does the internet react?\n With a classic Photoshop battle, of course.\nPrince Charles bestowed the prestigious title on Kevin Spacey at Clarence House on Thursday.\nThe 56-year-old was made a Knight Commander of the Most Excellent Order of the British Empire for his services to theater, the arts and international culture.\n\"I may play a President on TV, but in real life I'm now a Sir,\" Spacey posted to Twitter. \"Thanks HRH\u2014what a prince of a guy!\"\nThat may not be strictly true as Spacey won't be able to call himself Sir Kevin, according to Yahoo! Movies, because he is from outside the Commonwealth.\nBut that little fact didn't stop\u00a0Redditors\u00a0from responding with a series of hilariously manipulated images, such as this one depicting Spacey as a \"Sir,\" dressed in the full regalia of a British knight.\nClearly, some think it\u2019s all a big joke.\nIf Frank Underwood really was President...\nA \"Se7en\" reunion.\nPrince Charles doesn't look too happy about being with \"The Hound\" from \u201cGame of Thrones.\u201d\nPrince Philip, Prince Charles' father,\u00a0makes a sly appearance in this shot:\nA classic face swap.\nThey are \"The Usual Suspects.\"\nAnd again...\nAnd a final one, inspired by Spacey's 1999 comedy-drama \"American Beauty.\"", "date": "\n06/17/2016", "href": "https://www.huffpost.com/entry/kevin-spacey-prince-charles-photoshop-battle_n_5763f59ee4b0853f8bf07538", "tags": "charles knight react knights spacey sparks receives kevin honorary battle photoshop classic royalty prince knighthood"}