{"title": "Prop 8, DOMA Fight Slammed By Pat Robertson, Jim Garlow", "content": "Same-sex marriage is once again dominating national headlines as the U.S. Supreme Court hears arguments on Prop 8 and the Defense of Marriage Act (DOMA) -- but a pair of prominent right-wing pundits aren't having any of it. \nAs Right Wing Watch is reporting, pastor Jim Garlow told the Christian Broadcasting Network that lesbian, gay, bisexual and transgender (LGBT) couples don't actually have \"much interest in marriage.\" \n\"There isn\u2019t that much interest in commitment and monogamy,\" Garlow, who was reportedly instrumental in organizing conservative religious groups to support California's voter-approved ban on same-sex marriage, declared. \"It isn\u2019t there ... It\u2019s attempting to force us to affirm a lifestyle.\"  \nNo stranger to bold anti-gay declarations, televangelist Pat Robertson felt similarly. Calling marriage \"the foundation of our society since the founding of our great Republic,\" Robertson added, \"Two men do not have children, two women do not have children.\" \nIn recent months, Robertson has been quick to sound off on the Boy Scouts of America's decision to reconsider its controversial ban on gay participants. Speaking on \"The 700 Club,\" Robertson asked, \"The question is, are there predators as Boy Scouts, pedophiles that would come in as scoutmasters? And if they are, then of course parents wouldn't want their sons being involved in the Boy Scouts, or their daughters in the Girl Scouts.\"", "date": "\n03/27/2013", "href": "https://www.huffpost.com/entry/prop-8-doma-scotus-slammed_n_2964769", "tags": "scouts garlow jim hears headlines pat robertson dominating prop doma slammed fight"}