{"title": "Public Enemy's Chuck D- Donald Trump Is 'The Epitome Of A White Supremacist'", "content": "Chuck D\u00a0did not hold back with his latest criticism of\u00a0Donald Trump,\u00a0calling the president \u201cthe epitome of a white supremacist.\u201d\nThe Public Enemy rapper launched the blistering attack in a lengthy op-ed for The Daily Beast\u00a0that was published on Thursday.\u00a0He described Trump as a \u201cbloated mess,\u201d a \u201cweapon of mass distraction\u201d and a \u201cwhite alpha male who looks down on other peoples and bullies others to get what he wants.\u201d\u00a0\n\u201cIf that\u2019s not supremacy, then what the fuck is?\u201d\u00a0he asked.\nChuck D also explained the concept behind his Prophets of Rage\u00a0supergroup\u2019s new single \u201cHail to the Chief.\u201d The track focuses on \u201cthe seriousness of Vice President Mike Pence\u201d while the music video asks why people are\u00a0\u201cnot paying attention to this guy in the background.\u201d\n\u201cIt\u2019s important not to trivialize this dude,\u201d\u00a0Chuck D wrote. \u201cThere\u2019s an underlying layer to this administration that is very sinister.\u201d\nCheck out the full op-ed in The Daily Beast here, and the video for \u201cHail to the Chief\u201d below:", "date": "\n10/20/2017", "href": "https://www.huffpost.com/entry/chuck-d-donald-trump-white-nationalist_n_59e9a709e4b0df10767c15f5", "tags": "supremacist. white beast chuck epitome d- trump hail public supremacist donald enemy"}