{"title": "Put Down That Chick-fil-A!", "content": "Mike Huckabee posted this on his website Friday:\nJust when gay and equality-minded fans of the Southern chicken chain thought it was acceptable to relish the delicacy openly! \nThe LGBT community and its allies had been protesting the company's support of anti-LGBT groups and initiatives -- including those deemed hate groups by the Southern Poverty Law Center -- but thought the boycott could finally be ended when Chicago Alderman Proco Joe Moreno said  that \"the restaurant has agreed to include a statement of respect for all sexual orientations in an internal document and promised that its not-for-profit arm would not contribute money to groups that oppose gay marriage.\" \nMoreno had opposed the opening of a Chick-fil-A franchise in Chicago because of Cathy's unabashed and outspoken stand against equality for lesbian and gay couples. While the memo released by the company does seem to support Moreno's claim, it does spell out up front that \"as responsible stewards of all that God has entrusted to us\" the company supports programs that \"strengthen families and enrich marriages.\" I doubt those include programs for queer families and marriages of couples who happen to be of the same gender.", "date": "\n09/25/2012", "href": "https://www.huffpost.com/entry/put-down-that-chick-fil-a_b_1906352", "tags": "marriages equality-minded chick-fil-a moreno huckabee put"}