{"title": "Queen backs plan to cut plastic use on royal estates", "content": "The Queen is backing efforts to reduce single-use plastics on royal estates.\nGlass bottles will replace plastic equivalents in meetings and on-site cafes while non-biodegradable food packaging and plastic straws are also set to be phased out.\nThe new measures will affect Buckingham Palace, Windsor Castle and the Palace of Holyroodhouse.\nA palace spokesperson said the Royal Household was \"committed to reducing its environmental impact\".\nThey added: \"At all levels, there's a strong desire to tackle this issue.\"\nNew measures also include greater recycling efforts, a regular \"green newsletter\" for staff and the reuse of packaging to move goods between royal sites.\nA spokesperson for environmental charity Greenpeace said:  \"It's great to see the Queen joining the movement of people, businesses and institutions who are consigning throwaway plastic to the dustbin of history. \n\"With one truckload of plastic waste entering our oceans every minute, we should all pull our weight and help tackle the problem.\"\nThe Scottish Parliament announced earlier this month it was removing plastic drinking straws from its cafes, bar and canteen.\nPizza Express, Costa Coffee, Wagamama and JD Wetherspoon are among the restaurant and pub chains to have confirmed similar plans to phase out plastic straws.", "date": "12 February 2018", "href": "https://www.bbc.co.uk/news/uk-43030701", "tags": "cafes backs plastic royal use straws spokesperson backing cut plan queen tackle palace estates"}