{"title": "Rachel Maddow- Sen- Ted Cruz Turned His 'Repellent Personality' To His Advantage", "content": "Sen. Ted Cruz (R-Texas) retained his seat in Tuesday\u2019s midterms following a challenge from Democratic Congressman Beto O\u2019Rourke. And as the results came in, MSNBC\u2019s Rachel Maddow noted how Cruz made the most of his \u201crepellent personality\u201d on the campaign trail.\n\u201cTed Cruz knows that everybody hates him,\u201d Maddow noted, adding he has \u201cnever campaigned as a politician on being a guy who you\u2019d like to be around.\u201d\n\u201cHe has campaigned as a sort of world wrestling villain, right? Like, your hate makes me stronger. So we\u2019re all talking then like that\u2019s a weakness. Ted Cruz knows that he has a repellent personality. He has just turned it to his advantage,\u201d she added.\nCheck out the clip here:", "date": "\n11/07/2018", "href": "https://www.huffpost.com/entry/rachel-maddow-ted-cruz-personality_n_5be29005e4b0dbe871a493b0", "tags": "maddow turned advantage r-texas personality ted campaigned sen- cruz maddow- midterms repellent knows rachel retained"}