{"title": "Rachel Maddow Lists The Questions \u2018Driving Me Nuts\u2019 About Barr's Summary Of Mueller Report", "content": "The principal conclusions of special counsel Robert Mueller\u2019s investigation into the Donald Trump campaign and Russian interference in the 2016 election raised more questions than answers for MSNBC\u2019s Rachel Maddow.\nSo, on Monday\u2019s broadcast of \u201cThe Rachel Maddow Show,\u201d she listed the 15 questions that are \u201cdriving me nuts\u201d about the letter that Attorney General William Barr sent to Congress stating in Barr\u2019s view the president had committed no crimes.\nMaddow\u2019s queries included \u201cWill Trump recognize Russia attacked our election?\u201d and \u201cDid Mueller want to protect a future grand jury?\u201d\n\u201cOne of the reasons it might not be proper for a prosecutor, for any prosecutor or for the Department of Justice, more broadly, to jump in and make a pronouncement that a president appears to have committed crimes is because of the possibility that that president could actually be indicted and prosecuted and put on trial for those crimes after he or she has left office,\u201d Maddow suggested.\nShe also asked whether the American public will get to see Trump\u2019s written responses to the investigation and speculated about how the findings would affect the number of other ongoing inquiries\u00a0(congressional and otherwise) into the president.\nCheck out the other questions in the segment above.", "date": "\n03/26/2019", "href": "https://www.huffpost.com/entry/rachel-maddow-donald-trump-special-counsel-15-question_n_5c99cddce4b0f7bfa1b5d6a4", "tags": "conclusions maddow questions summary mueller barr report driving lists principal nuts rachel"}