{"title": "Raffle Prize Offers Killing Animals With Donald Trump Jr-", "content": "A hunting advocacy group is offering what it has called a \u201conce-in-a-lifetime\u201d raffle prize of killing elk with Donald Trump Jr., but it has faced some criticism online.\nHunter Nation promoted the chance to win a five-day guided fall hunt in Utah with President Donald Trump\u2019s son \u2015 who it dubbed \u201cthe modern-day Teddy Roosevelt\u201d \u2014 on Instagram Monday. Tickets cost $10 each.\n\u201cYou will have to go a long way to find a bigger advocate for our hunting lifestyle and a more passionate hunter and conservationist than Don, Jr.,\u201d the group said\u00a0on its website.\nIt called \u201cthe opportunity to share a hunting camp\u201d with Trump Jr. as being \u201ctruly priceless.\u201d\nHowever, the raffle has sparked anger online \u2015 with some people also taking issue with the Trump Jr.-Roosevelt comparison. Roosevelt, president from 1901 to 1909, was an avid hunter and\u00a0champion of conservation causes.\nTrump Jr. often shares photographs of his hunting and fishing trips, plus snaps of himself with guns, to Instagram:\nHe sparked outrage in 2015,\u00a0when pictures surfaced\u00a0of himself and brother Eric Trump posing with dead big-game animals on safari in Africa. Pop star Madonna reshared a photograph of the siblings with a dead leopard ahead of the 2016 election. She asked: \u201cHow Big of. Pussy Do you have to BE to kill this Noble Animal for sport?\u201d", "date": "\n02/19/2019", "href": "https://www.huffpost.com/entry/donald-trump-jr-hunt-raffle_n_5c6bcc18e4b0e8eb46b9592f", "tags": "roosevelt killing hunter once-in-a-lifetime sparked trump advocacy hunting raffle jr- animals donald offering offers prize"}