{"title": "Ramadan Fast Facts", "content": " (CNN)Here is some background information about Ramadan, the Islamic holy month of fasting. \nIn 2019, Ramadan begins on May 6 at sundown through June 4. (Dates may vary slightly by country depending on the first sighting of the crescent moon.)\nFacts:Ramadan is the ninth month of the Muslim year.\n\nRamadan begins with the sighting of the new moon, but the exact date often depends on clerics in a particular nation.\nRamadan is celebrated as the month in which the prophet Mohammed received the first of the revelations that make up the Quran.\nRamadan is the Islamic holy month of fasting during which Muslims may not eat or drink during daylight hours.\nDuring Ramadan, Muslims abstain from food, drink (including water), and sexual intercourse from dawn until dusk.\nMuslims are encouraged to eat a meal before dawn, and then break the fast immediately after sunset.\nThe fast is traditionally broken by eating dates and drinking water.\nThe end of Ramadan, called Id al Fitr, is a day of feasting.\nThe Ramadan fast is one of the five pillars, or basic institutions, of Islam:Shahadah: Affirmation that there is no deity but God and Mohammed is his messenger.Salat: Praying five times daily.Zakat: Giving to charity.Sawm: Fasting during the month of Ramadan.Hajj: Making a pilgrimage to Mecca at least once in a lifetime.\nThere were approximately 1.8 billion Muslims worldwide as of 2015. The population is expected to increase to three billion by 2060.\nThere were about 3.45 million Muslims in the United States as of 2017.", "date": "November 28, 2018 ", "href": "https://edition.cnn.com/2013/06/05/world/ramadan-fast-facts/", "tags": "dates sighting facts holy fasting begins dawn ramadan fast"}