{"title": "Read Christine Blasey Ford's Prepared Testimony To The Senate Judiciary Committee", "content": "The testimony Christine Blasey Ford is prepared to give to the Senate Judiciary Committee on her sexual assault allegation against Supreme Court nominee Brett Kavanaugh was released Wednesday.\u00a0\nBlasey has accused Kavanaugh of pinning her down, groping her and attempting to remove her clothing\u00a0at a party in the early 1980s, when they were both in high school.\u00a0\n\u201cThe details about that night that bring me here today are ones I will never forget,\u201d Blasey\u2019s statement reads. \u201cThey have been seared into my memory and have haunted me episodically as an adult.\u201d\u00a0\nBlasey and Kavanaugh are both scheduled to give their accounts to the Senate Judiciary Committee on Thursday.\nTwo other women, Deborah Ramirez and Julie Swetnick, have come forward this week with sexual misconduct allegations against Kavanaugh from the 1980s.\u00a0\nKavanaugh has denied all the accusations.\nRead Blasey\u2019s written statement below:\u00a0\nNeed help? Visit RAINN\u2019s\u00a0National Sexual Assault Online Hotline\u00a0or the\u00a0National Sexual Violence Resource Center\u2019s website.", "date": "\n09/26/2018", "href": "https://www.huffpost.com/entry/christine-blasey-ford-brett-kavanaugh-written-statement_n_5babf231e4b082030e77d6c4", "tags": "prepared allegation blasey senate committee read ford christine testimony judiciary"}