{"title": "Read Brett Kavanaugh's Prepared Testimony To Senate On Christine Blasey Ford's Accusation", "content": "The Senate Judiciary Committee on Wednesday released Supreme Court nominee Brett Kavanaugh\u2019s prepared remarks about Christine Blasey Ford\u2019s sexual assault allegation against him.\nBlasey and Kavanuagh are both scheduled to testify before the panel on Thursday.\u00a0\nBlasey has alleged Kavanaugh pinned her down, groped her and attempted to remove her clothing at a small party in suburban Maryland when they were both in high school in the early 1980s. Kavanaugh, now a federal appeals court judge, has vehemently denied sexually assaulting anyone.\nTwo other women, Deborah Ramirez and Julie Swetnick, have come forward this week with sexual misconduct allegations against Kavanaugh stemming from the 1980s. Both accusers\u2019 legal teams have suggested their clients would be willing to testify before the Senate Judiciary Committee.\u00a0\nKavanugh\u2019s written prepared remarks only address Blasey\u2019s accusation:\n   Brett Kavanaugh Written Testimony by Hayley Miller on Scribd", "date": "\n09/26/2018", "href": "https://www.huffpost.com/entry/brett-kavanaugh-written-remarks-senate_n_5babad8ae4b0353bd2d00e55", "tags": "accusation kavanaugh prepared allegation brett senate blasey read ford christine testimony"}