{"title": "Read the Democratic memo here", "content": " (CNN)The House Intelligence Committee on Saturday released a Democratic memo in redacted form that seeks to undercut Republican claims of FBI surveillance abuses.\nWhite House agrees to release Schiff memo with redactions\nThe memo was written by Rep. Adam Schiff, the top Democrat on the House Intelligence Committee.\n\nTrump earlier this month authorized the release of the highly controversial Nunes memo alleging that the FBI abused its surveillance tools. The FBI has said that memo, put together by House Intelligence Chairman Devin Nunes, R-California, omits key information that could impact its veracity.\nRead the Democratic memo\n\n\n\n  DV.load(\"https://www.documentcloud.org/documents/4387021-Democratic-memo.js\", {\n  responsive: true,\n    container: \"#DV-viewer-4387021-Democratic-memo\"\n  });\n\n\n  Democratic memo (PDF)\n  \n  Democratic memo (Text)\n\n", "date": "February 24, 2018 ", "href": "https://edition.cnn.com/2018/02/24/politics/read-democratic-memo/index.html", "tags": "redacted memo read seeks undercut abuses democratic"}