{"title": "Read Live Updates On Donald Trump's Border Wall Speech", "content": "President Donald Trump\u00a0delivered a speech Tuesday night on the ongoing government shutdown and his demands for a border wall.\u00a0\nDuring a contentious 8-minute address, the president told a series of falsehoods, blamed immigrants for America\u2019s drug crisis and portrayed Mexicans as murderers and criminals.\u00a0\nWith the shutdown well into its third week, Trump is locked in a crisis of his own invention. He has insisted he won\u2019t sign a bill to reopen the government unless it contains $5 billion in funding for his long-promised wall, but Democrats have remained steadfast in their opposition. The president has threatened a number of extreme measures to try to resolve the conflict including closing the border completely and declaring a national emergency.\nTrump\u2019s address aired on\u00a0every major network at 9 p.m. Eastern time. Afterward, Senate Minority Leader Chuck Schumer (D-N.Y.) and House Speaker Nancy Pelosi (D-Calif.) responded by saying that immigrants \u201care not a security threat, they\u2019re a humanitarian challenge.\u201d HuffPost is following the speeches live, sharing updates as well as fact-checking\u00a0the president\u2019s comments.", "date": "\n01/08/2019", "href": "https://www.huffpost.com/entry/trump-speech-live-updates-shutdown-border-wall_n_5c34c016e4b01e2d51f79e62", "tags": "speech wall live border delivered read trump demands donald contentious ongoing updates"}