{"title": "READ: Agreement dissolve Trump's charitable foundation", "content": " (CNN)The Donald J. Trump Foundation has agreed to dissolve amid an ongoing lawsuit according to a document filed Tuesday in Manhattan Supreme Court by the New York state Attorney General's office.\nRead the documents dissolving Trump's charitable foundation here:\ntry {DV.load('https://www.documentcloud.org/documents/5635274-Stipulation-Re-Dissolution-Execution-Version.js', {container: '#DV-viewer-5635274-Stipulation-Re-Dissolution-Execution-Version',sidebar: false});} catch (e) {console.log(e);}Stipulation-Re-Dissolution-Execution-Version (PDF)Stipulation-Re-Dissolution-Execution-Version (Text)\ntry {DV.load('https://www.documentcloud.org/documents/5635275-Trump-Foundation.js', {container: '#DV-viewer-5635275-Trump-Foundation',sidebar: false});} catch (e) {console.log(e);}Trump-Foundation (PDF)Trump-Foundation (Text)", "date": "December 18, 2018 ", "href": "https://edition.cnn.com/2018/12/18/politics/documents-dissolving-trump-charitable-foundation/index.html", "tags": "catch pdf dv.load dissolve console.log stipulation-re-dissolution-execution-version foundation read charitable trump amid agreement trump-foundation container j. sidebar"}