{"title": "Religion ban for China Communist Party ex-officials", "content": "China has banned retired Communist Party members from believing in a religion or practising religious activities, state media report.\nChina is officially atheist but says it guarantees religious freedom.\nHowever, serving Communist Party members are not expected to be religious.\nNewly published Party rules now say retired officials are also barred from religion and must oppose cults, state media said.\nThe regulations were issued by the Communist Party's powerful Organization Department.\nChinese media quoted an official, explaining the new regulations, as saying: \"There are clear rules that retired cadres and party members cannot believe in religion, cannot take part in religious activities, and must resolutely fight against cults.\"\nRetired officials should \"maintain a high degree of consistency, in thought, in political views and in action, with the central party committee which is headed by Xi Jinping\", the official added.\nChina's constitution guarantees religious freedom, but in practise religious activities are tightly controlled.\nAll churches have to be approved by the state and authorities keep a close eye on their activities to contain their influence.\nMuslims in Xinjiang have also faced restrictions on their religious activities, while the Falun Gong spiritual movement has been denounced as an \"evil cult\" and has been banned since 1999.", "date": "5 February 2016", "href": "https://www.bbc.co.uk/news/world-asia-china-35502211", "tags": "ex-officials party ban communist guarantees religion cults china"}