{"title": "Roseanne Barr Tells Jimmy Kimmel To 'Zip That F--king Lip' About Donald Trump", "content": "The conversation quickly turned political when actress Roseanne Barr appeared on Thursday\u2019s broadcast of \u201cJimmy Kimmel Live!\u201d\nBarr was ostensibly on the late-night show with co-star John Goodman to talk about the upcoming reboot of their hit \u201990s sitcom \u201cRoseanne.\u201d\nBut Kimmel was keen to quiz Barr on why she voted for President Donald Trump in the 2016 election. \u201cI\u2019m shocked because I know you are a very socially liberal person in general,\u201d said Kimmel.\n\u201cI\u2019m still the same, you all moved. You all went so fucking far out, you lost everything,\u201d Barr responded.\nBarr then claimed no one, \u201cno matter who we voted for,\u201d wants to see Trump fail.\n\u201cYou want Pence? You want Pence for the frickin\u2019 president,\u201d Barr asked, referring to Vice President Mike Pence.\u00a0When Kimmel replied that he didn\u2019t, Barr responded: \u201cWell, then zip that fucking lip\u201d before collapsing on the couch in laughter.\nCheck out the clip above, and Barr and Goodman\u2019s comments on the show\u2019s March 27 return to ABC\u00a0below:", "date": "\n03/23/2018", "href": "https://www.huffpost.com/entry/roseanne-barr-donald-trump-kimmel_n_5ab4ef49e4b008c9e5f6684c", "tags": "jimmy goodman kimmel -- tells trump quickly roseanne fucking king barr donald f lip"}