{"title": "Roseanne Barr Defends Supporting Donald Trump- 'I Don\u2019t Give A F--k'", "content": "Roseanne Barr has a message for people angry with her for staunchly supporting President Donald Trump.\n\u201cI don\u2019t give a fuck,\u201d the actress told Jimmy Fallon (who has his own history with Trump) on Monday\u2019s broadcast of \u201cThe Tonight Show.\u201d\n\u201cI mean, everybody had to choose for themselves, according to their own conscience, who they felt was the lesser of two evils,\u201d said Barr, whose successful \u201cRoseanne\u201d TV series reboot recently earned her a congratulatory telephone call from Trump himself.\n\u201cThis is America, it\u2019s a free country, and you know, when you weigh it all together, you know, I just felt like we needed a whole new thing. All the way. Bottom to top,\u201d she added.\nBarr, who over the weekend fantasized about becoming the prime minister of Israel, struck a similar tone in March, when late-night host Jimmy Kimmel asked why she voted for Trump in the 2016 election.\n\u201cI\u2019m still the same, you all moved. You all went so fucking far out, you lost everything,\u201d she replied. \u201cYou want Pence? You want Pence for the frickin\u2019 president? Well, then zip that fucking lip.\u201d\nCheck out the clip above.", "date": "\n05/01/2018", "href": "https://www.huffpost.com/entry/roseanne-barr-donald-trump-jimmy-fallon_n_5ae82ae6e4b04aa23f268d70", "tags": "trump- supporting give staunchly defends -- k roseanne fucking barr donald f fuck angry"}