{"title": "Samantha Bee Gives Donald Trump Jr- A Savage New Movie-Inspired Nickname", "content": "Samantha Bee believes Donald Trump Jr. may be the person who ultimately brings down his father\u2019s presidency. And for that reason, the comedian bestowed a brand new nickname upon President Donald Trump\u2019s eldest son during Wednesday\u2019s broadcast of \u201cFull Frontal.\u201d\nBee said that \u201cof all the Trump scandals that Donny has bungled into, none is more important/stupid than his interactions with Russia.\u201d She discussed Trump Jr.\u2019s 2016 meeting at Trump Tower with a Kremlin-linked lawyer who promised dirt on his father\u2019s Democratic rival, Hillary Clinton, as well as his contact with Wikileaks and alleged Russian spy Maria Butina.\n\u201cMan, anytime there was collusion going on, Donny was there. He shows up everywhere. He\u2019s like the Forrest Gump of collusion,\u201d said Bee.\nTrump Jr. has \u201cspent his whole life seeking his dad\u2019s approval\u201d and failing at it, \u201cand now he might be the one to bring down Trump\u2019s presidency,\u201d she added. \u201cSo, keep up the good work buddy, we\u2019re all rooting for you!\u201d\nCheck out the full segment above.", "date": "\n08/09/2018", "href": "https://www.huffpost.com/entry/samantha-bee-donald-trump-jr-nickname_n_5b6bdef7e4b0530743c6f791", "tags": "savage ultimately nickname gives bee brings donny reason trump samantha jr- new donald movie-inspired"}