{"title": "Samantha Bee Digs Up Awkward Old Clip Of Ivanka Trump Talking About Her Father's Debt", "content": "Samantha Bee on Wednesday aired old footage of Ivanka Trump recalling how her father, President Donald Trump, once used a person who was homeless to illustrate the high amount of debt he owed.\nThe host of \u201cFull Frontal\u201d broadcast the clip from the 2003 documentary \u201cBorn Rich\u201d during a segment in which she spotlighted a New York Times report that Trump accumulated almost $1.2 billion in business losses\u00a0from 1985 to 1994.\nIvanka Trump, now a senior White House adviser to the president, said in the video:\n\u201cAnd that is why it was OK for him to take that man\u2019s change cup,\u201d Bee later joked.\n\u00a0\u201cLook, the only thing that Donald Trump really had going for him as a candidate was that he was supposed to be a great businessman,\u201d Bee added. \u201cNow we know that not only is he a bad businessman, he is one of the worst in American history.\u201d\u00a0\nCheck out the segment here:", "date": "\n05/09/2019", "href": "https://www.huffpost.com/entry/samantha-bee-donald-trump-ivanka-trump-debt_n_5cd3d6a6e4b0a6cb31bd1bbb", "tags": "businessman digs illustrate bee recalling trump segment samantha homeless talking debt aired clip father awkward ivanka old"}