{"title": "Sandra Bland's New Legacy Will Force People To #SayHerName", "content": "UPDATE: 4/18 --\u00a0The road where Sandra Bland was arrested was officially renamed in her honor during a a ceremony held on April 15.\u00a0\nPREVIOUSLY:\nOn July 10, Sandra Bland\u00a0was arrested in Waller County, Texas after protesting a minor traffic violation. She died three days later in police custody. Her death was officially ruled a suicide\u00a0by hanging, though some are\u00a0suspicious. \u00a0\nBland was in town to accept a job offer from her alma mater, Prairie View A&M University, when she was stopped by police officer Brian Encinia.\u00a0The road where she was pulled over and apprehended,\u00a0University Boulevard, is now being renamed\u00a0Sandra Bland Parkway.\u00a0\nOn Tuesday, hundreds of local community residents\u00a0led by Bland's family marched\u00a0from the campus down University Boulevard to the Prairie View City Council,\u00a0which approved the change.\n\"It's more than a vote, it's her legacy,\" said Bland's mother Geneva Reed-Veal said in a statement to the city council.\n\"If every time they pull over a student, they have to be reminded of what took place here, then that will help the relationship to be more respectful between the officers and the students,\" marcher Hannah Bonner\u00a0told a local ABC News Station.", "date": "\n08/27/2015", "href": "https://www.huffpost.com/entry/street-sandra-bland-arrested-renamed_n_55ddde70e4b04ae497053c69", "tags": "force boulevard sandra prairie legacy officially new sayhername renamed bland people update"}