{"title": "Sarah Silverman- 'We Finally Have Video Of Trump Saying The N-Word'", "content": "Sarah Silverman said there is a \u201csilver lining\u201d to President Donald Trump going \u201cfull Hitler\u201d and confessing he\u2019s \u201ca nationalist\u201d while stumping for Sen. Ted Cruz (R-Texas) in Houston this week.\n\u201cHe did it. We finally have video of Trump saying the N-word,\u201d Silverman said in a \u201cQuickie\u201d clip for Hulu show \u201cI Love You, America\u201d shared online Wednesday.\n\u201cAlright, not the N-word but an N-word.\u201d\nSilverman said one upshot of Trump\u2019s admission was that he\u2019d \u201cfinally told the truth\u201d and\u00a0\u201chis bigotry\u201d was now \u201cnot masked by his rhetoric.\u201d\nCheck out the clip here:\n\u201cI Love You, America\u201d airs on Thursdays at 6 p.m.\u00a0", "date": "\n10/25/2018", "href": "https://www.huffpost.com/entry/sarah-silverman-donald-trump-hitler-nationalist_n_5bd178cae4b0a8f17ef43d11", "tags": "lining silverman confessing hitler finally saying video silver n-word trump silverman- sarah"}