{"title": "Sarah Huckabee Sanders Shares 'Sick And Disturbing' March Madness Bracket, Twitter Erupts", "content": "White House Press Secretary Sarah Huckabee Sanders faced backlash after she shared a spoof March Madness-style bracket that took aim at critics of President Donald Trump.\nSanders shared the New York Post\u2019s \u201cMueller Madness\u201d graphic to Twitter on Monday. It featured high-profile cable, print, network and Twitter personalities who have criticized the president.\nSanders asked \u201cwhich of the angry and hysterical\u201d Trump haters \u201cgot it most embarrassingly wrong\u201d about special counsel Robert Mueller\u2019s investigation into Russian interference in the 2016 election and possible Trump campaign collusion.\nAttorney General William Barr released\u00a0 the principal conclusions of Mueller\u2019s investigation on Sunday. The summary found the evidence \u201cis not sufficient to establish that the president committed an obstruction of justice offense\u201d and determined no collusion with Russia.\nTwitter users angrily questioned Sanders\u2019 sharing of the image \u2015 with Pete Souza, the former White House photographer during President Barack Obama\u2019s time in office, calling it \u201csick and disturbing.\u201d", "date": "\n03/26/2019", "href": "https://www.huffpost.com/entry/sarah-huckabee-sanders-mueller-march-madness-bracket-anger_n_5c99c637e4b0d42ce36031cf", "tags": "disturbing twitter spoof bracket sanders erupts march shares huckabee backlash sarah madness"}