{"title": "Sarah Huckabee Sanders Gets Fact-Checked Live On Air By CNN", "content": "CNN split its screen to run a fact-checking graphic alongside White House Press Secretary Sarah Huckabee Sanders\u2019 briefing on Tuesday.\nA \u201cFacts First\u201d box listing key points about the government\u2019s new National Climate Assessment flashed up as Sanders defended President Donald Trump\u2019s rejection of the report, which was released over the Thanksgiving weekend and predicted that the U.S. faces warming of at least 3 more degrees this century.\nCheck out the clip here:\nCNN\u2019s bullet points did not exactly call out Sanders\u2019 questionable claims in real time. But they did serve to note the difference between the authority of the report, which involved 300 scientists and 13 federal agencies, and the Trump administration\u2019s dismissal of its findings.\nThe network\u2019s stance was well received on Twitter:", "date": "\n11/28/2018", "href": "https://www.huffpost.com/entry/sarah-huckabee-sanders-cnn-fact-check_n_5bfe40e6e4b0f43bf26646d6", "tags": "live gets alongside sanders fact-checking graphic air fact-checked huckabee cnn split sarah"}