{"title": "Sean Hannity And Lou Dobbs Agree- Donald Trump 'Pretty Close To Perfect'", "content": "Sean Hannity and Lou Dobbs took turns singing the praises of President Donald Trump on Thursday night.\u00a0Not surprisingly, the two Fox News personalities believe the president is doing a fantastic job.\n\u201cHe has done more than any president in recent history, certainly in the last half century, in the first 98 days of his presidency,\u201d Dobbs said on Hannity\u2019s show.\n\u201cAll the accomplishments of the president, keeping his promise, checking off his list,\u201d Hannity said. \u201cHe\u2019s not perfect, nobody\u2019s perfect, but he\u2019s done a really good job.\u201d\u00a0\n\u201cWell, he\u2019s pretty close to perfect, Sean,\u201d Dobbs said. \u201cI\u2019m serious.\u201d\n\u201cPretty close,\u201d Hannity said. \u201cEverything he\u2019s had to do on his own, he\u2019s doing.\u201d\n\u201cThis guy, he\u2019s worked his tail off. Still is,\u201d Dobbs said. \u201cMeanwhile, taking care of national defense, national security and all the challenges that aren\u2019t on the Trump agenda. I mean, it\u2019s truly remarkable what he is doing and the credit that he is not receiving for what he\u2019s done.\u201d\nSee the full discussion in the clip above.\n\u00a0\n(h/t Mediaite)", "date": "\n04/28/2017", "href": "https://www.huffpost.com/entry/hannity-dobbs-trump-close-to-perfect_n_5902c7dae4b0bb2d086c6f3c", "tags": "sean dobbs lou perfect singing close hannity trump turns praises donald pretty agree-"}