{"title": "Sean Hannity Is 'Pissed Off' About The End Of The Mueller Investigation", "content": "Fox News\u2019 Sean Hannity on Monday night said he was in no mood to celebrate the end of special counsel Robert Mueller\u2019s investigation into Russian interference in the 2016 election and possible Trump campaign collusion.\nThe \u201cHannity\u201d host, who is a fervent supporter of President Donald Trump,\u00a0used his opening monologue to rant about rival news networks and journalists who he claimed had lied to the American public about the probe \u201con a spectacular level for years and years.\u201d\nThe principal conclusions of Mueller\u2019s investigation were released by Attorney General William Barr\u00a0at the weekend. It determined no collusion with Russia and said the evidence\u00a0\u201cis not sufficient to establish that the president committed an obstruction of justice offense.\u201d\n\u201cAll of America, I am pissed off and so should the rest of the country be over what has happened,\u201d said Hannity, at the 1:38 mark of the clip below.\u00a0\n\u201cThis must be a day of reckoning for the media, for the deep state, for people who abuse power and they did it so blatantly in this country,\u201d he added.", "date": "\n03/26/2019", "href": "https://www.huffpost.com/entry/fox-news-sean-hannity-mueller-donald-trump_n_5c99de67e4b074355549f2e2", "tags": "sean investigation mood mueller hannity end celebrate"}