{"title": "Senate Leader Mitch McConnell Says GOP Rep- Steve King's Racist Remarks Are 'Unwelcome'", "content": "WASHINGTON \u2015 Senate Majority Leader Mitch McConnell (R-Ky.) on Monday rebuked Rep. Steve King (R-Iowa)\u00a0over his\u00a0recent comments to The New York Times\u00a0in which he questioned why terms such as \u201cwhite supremacist\u201d and \u201cwhite nationalist\u201d are considered offensive.\n\u201cThere is no place in the Republican Party, the Congress or the country for an ideology of racial supremacy of any kind,\u201d McConnell said in a statement. \u201cRep. King\u2019s statements are unwelcome and unworthy of his elected position. If he doesn\u2019t understand why \u2018white supremacy\u2019 is offensive, he should find another line of work.\u201d\nMcConnell is the latest GOP leader to condemn King, a longtime Iowa lawmaker with a lengthy history of making racist statements. The congressman\u2019s interview with the Times last week appeared to reach a tipping point for many in the GOP \u2015 including the Kentucky senator, who rarely weighs in on news of the day unrelated to Senate business.\n\u201cWhite nationalist, white supremacist, Western civilization \u2014 how did that language become offensive?\u201d\u00a0King, 69, told the newspaper. \u201cWhy did I sit in classes teaching me about the merits of our history and our civilization?\u201d\nSome Democrats are pushing for a censure of King on the House floor. Rep. Tim Ryan (D-Ohio) introduced a resolution Monday afternoon, and Rep. Bobby Rush (D-Ill.) is expected to introduce a separate resolution.", "date": "\n01/14/2019", "href": "https://www.huffpost.com/entry/steve-king-mitch-mcconnell_n_5c3d006be4b0e0baf5403bf6", "tags": "senate rep- civilization racist leader mcconnell mitch king remarks gop steve says"}