{"title": "Seth Meyers Nails The Hypocrisy Of Donald Trump's Business Losses", "content": "Seth Meyers\u00a0explained on Wednesday why The New York Times report about\u00a0Donald Trump\u00a0racking up\u00a0almost $1.2 billion in business losses during the 1980s and 1990s wasn\u2019t just about the president.\n\u201cIt\u2019s also a story about the thing Trump, cynically, claimed to fix, the thing that he actually benefitted from his entire life \u2014 the rigged system,\u201d said the host of NBC\u2019s \u201cLate Night.\u201d\n\u201cMost regular people are one layoff or medical emergency away from a financial crisis,\u201d Meyers added. \u201cBut this guy lost a billion dollars over 10 years and he ended up fine.\u201d\nMeyers also described Trump as \u201cthe worst poker player ever\u201d who \u201cwalks around like he\u2019s holding four aces, but you just know he has a pair of twos and that extra card with the rules on it.\u201d\n\u201cTrump was never a successful businessman, he just played one on TV,\u201d Meyers said. \u201cExpecting Donald Trump to exhibit business acumen is like expecting George Clooney to do an arterial bypass.\u201d\nCheck out the clip above.", "date": "\n05/09/2019", "href": "https://www.huffpost.com/entry/seth-meyers-donald-trump-billion-dollar-losses_n_5cd3cd24e4b0a6cb31bd0db2", "tags": "losses nails trump business donald meyers seth expecting hypocrisy"}