{"title": "Seth Meyers Turns Ted Cruz's Past Words About Birthright Citizenship Against Him", "content": "Sen. Ted Cruz (R-Texas) is\u00a0bowing down to former nemesis President Donald Trump and wholeheartedly supporting the president\u2019s bid to end birthright citizenship.\nBut that wasn\u2019t always the case for the Canada-born lawmaker, as \u201cLate Night\u201d host Seth Meyers showed Thursday.\nMeyers aired footage of Cruz claiming this week to \u201chave long supported ending birthright citizenship.\u201d\n\u201cI would need to examine the legal arguments behind an executive order, and I haven\u2019t seen those yet,\u201d added Cruz, who\u2019s facing a tough re-election challenge from Democrat Beto O\u2019Rourke.\nThe late-night host then played video of Cruz, during his 2011 Senate run, explaining how \u201cthe 14th Amendment provides for birthright citizenship.\u201d\n\u201cI\u2019ve looked at the legal arguments against it, and I will tell you, as a Supreme Court litigator, those arguments are not very good,\u201d he said at the time. \u201cAs much as someone may dislike the policy of birthright citizenship, it\u2019s in the U.S. Constitution.\u201d\nCheck out the clip above.", "date": "\n11/02/2018", "href": "https://www.huffpost.com/entry/seth-meyers-ted-cruz-gop-donald-trump-midterms_n_5bdc1af0e4b04367a87b643b", "tags": "birthright r-texas wholeheartedly ted citizenship words cruz citizenship. turns meyers nemesis seth bowing past"}