{"title": "Seth Meyers Agrees With Donald Trump- Michelle Wolf Is 'Filthy'", "content": "President Donald Trump dubbed comedian Michelle Wolf \u201cfilthy\u201d following her White House Correspondents\u2019 Association dinner performance on Saturday. And for once, \u201cLate Night\u201d host Seth Meyers\u00a0agrees.\n\u201cShe is filthy and she is mean,\u00a0which is what we love about her because those are wonderful qualities for comedians and terrible qualities for free world leaders,\u201d\u00a0Meyers said of his friend and \u201cLate Night\u201d alum on Monday.\nWolff\u2019s new show \u201cThe Break\u201d\u00a0debuts on Netflix at the end of May, and Meyers said \u201cyou can be sure that it will be great\u201d because Wolf wouldn\u2019t waste time \u201ctrying to decide when it is or isn\u2019t proper to make fun of people in power who lie to us on a daily basis.\u201d\nCheck out his defense of Wolf above.", "date": "\n05/01/2018", "href": "https://www.huffpost.com/entry/seth-meyers-michelle-wolf-donald-trump_n_5ae80b13e4b04aa23f266aa4", "tags": "agrees trump- qualities michelle correspondents wolf donald dubbed meyers seth filthy"}