{"title": "Seth Meyers Names And Shames Conspiracy Theory-Peddling Fox Hosts", "content": "Seth Meyers took certain Fox hosts to task on Monday\u2019s broadcast of \u201cLate Night\u201d for propagating conspiracy theories.\nThe comedian noted how Fox Business host Lou Dobbs had claimed \u2015 without any shred of evidence \u2015 that the pipe bombs sent to CNN and leading Democrats last week were actually a \u201cfalse flag\u201d hoax aimed at hurting GOP candidates in the upcoming midterm elections.\nFox News host Geraldo Rivera also\u00a0made a similar suggestion, which he later walked back.\n\u201cDobbs might be the most unhinged conspiracy theorist on Fox, which is saying a lot given that Fox also employs this guy,\u201d said Meyers, as a photograph of Fox News host Sean Hannity appeared on the screen.\n\u201cSean Hannity is what you would get if you gave Frankenstein the brain of Alex Jones,\u201d he added. \u201cBut somehow Dobbs has managed to out-crazy him.\u201d\n\u00a0Check out the clip above.", "date": "\n10/30/2018", "href": "https://www.huffpost.com/entry/seth-meyers-fox-news-sean-hannity-donald-trump_n_5bd80633e4b07427610aa003", "tags": "theory-peddling hosts certain fox names shames task conspiracy meyers seth"}