{"title": "Shocking Supercut Shows Trump Encouraging Violence Again And Again And Again", "content": "President Donald Trump on Wednesday denounced violence after a bomb scare\u00a0that targeted top Democratic figures, but a resurfaced video shows him encouraging supporters to \u201cknock the crap\u201d out of protesters and hecklers at his events.\n\u201cNo nation can succeed that tolerates violence or the threat of violence as a method of political intimidation, coercion or control,\u201d Trump said on Wednesday.\nBut a Mashable supercut of Trump on the campaign trail in 2015 and 2016 highlights some of his other comments.\u00a0\n\u201cMaybe he should have been roughed up,\u201d he said of a protester who was reportedly beaten at a rally.\u00a0\nIn another, he said he\u2019d like to punch a protester in the face.\u00a0\nAnd in one notorious incident, he promised to pay the legal bills\u00a0of anyone who physically attacked a protester at one of his rallies.\nSee the supercut in the video above.\u00a0", "date": "\n10/25/2018", "href": "https://www.huffpost.com/entry/donald-trump-rally-violence_n_5bd121b1e4b055bc94882565", "tags": "shocking shows targeted violence resurfaced trump scare supercut denounced encouraging protester"}