{"title": "South Korea birth rate plunges to record low", "content": "The growth of South Korea's population this year will be the slowest rate ever recorded, despite efforts to boost it, officials say.\nAbout 360,000 babies will be born, leading to concern over the effect of an ageing population on the economy.\nOfficials blame rising youth unemployment.\nBut couples say the rising cost of living, including housing and soaring education prices, means that having a large family is not an option.\nWomen have additional concerns over weak maternity-leave policies and a stubborn resistance by men to help with the housework, BBC World Service Asia-Pacific editor Celia Hatton says.\nIt is the first time the number of births in a year has fallen below 400,000. \nSouth Korea has spent about $70bn (\u00a353bn) trying to boost the country's birth rate over the past decade, handing out baby bonuses, improving paternity leave and paying for infertility treatment.\nOfficials fear that a low birth rate could reduce the number of people in the workforce and drive up welfare costs for the increasing elderly population, undermining the potential for economic growth.\nSouth Korea's death rate in 2016 was estimated to be 5.8 people per 1,000 of the population, or about 295,000.", "date": "30 July 2017", "href": "https://www.bbc.co.uk/news/world-asia-40769591", "tags": "slowest south korea record low birth rate plunges babies boost"}