{"title": "Sports Writer Challenges Donald Trump To -100,000 Game Of Golf", "content": "Sports writer Rick Reilly is challenging President Donald Trump to put his money where his mouth is.\nReilly, who\u00a0wrote about Trump\u2019s alleged golf cheating\u00a0and false boasts in his new book\u00a0Commander In Cheat: How Golf Explains Trump,\u00a0on Tuesday laid down the gauntlet for a $100,000 winner-takes-all game with the president.\n\u201cI will bet him $100,000 I can beat him, but he can\u2019t use his cheating caddies, he can\u2019t go to his course and he has to have a rules guy follow him, same as me,\u201d Reilly told \u201cCNN Tonight\u201d host Don Lemon.\nTrump hasn\u2019t responded to the challenge.\nCheck out the clip here:\nReilly also suggested that Trump\u2019s \u201cgrudge\u201d against Puerto Rico correlates with a soured golf course deal on the island, and explained why the sport may be responsible for Trump\u2019s embrace of a wild conspiracy theory about wind turbines causing cancer.\nHe added that the late golf champion Arnold Palmer would be \u201crolling in his grave about the big orange splotch\u201d that Trump has put \u201con the game that I love.\u201d", "date": "\n04/03/2019", "href": "https://www.huffpost.com/entry/donald-trump-golf-challenge-100000-dollars_n_5ca48fb2e4b0ed0d780ee9a8", "tags": "writer golf challenges sports cheating trump rick game donald challenging mouth"}