{"title": "Sri Lanka protest over Chinese investment turns ugly", "content": "Several people have been injured in southern Sri Lanka during a protest against allowing China to build a port and industrial zone.\nThe plan envisages the eviction of thousands of villagers around Hambantota port, 240km (150 miles) south-east of the capital Colombo.\nPolice used tear gas as the protest delayed a ceremony being attended by Prime Minister Ranil Wickeremesinghe.\nOpponents say the area is being turned into what they call a Chinese colony. \nThe government is finalising a 99-year lease of the port area to a company that is 80% Chinese-owned.\nA nearby area will be used for an industrial zone where Chinese companies will be invited to set up factories.\nThe government says local people will be given new land. \nThe port development is the latest in a series of major investments by China in Sri Lanka's infrastructure. \nChina has pumped millions of dollars into Sri Lanka's infrastructure since the end of a 26-year civil war in 2009.\nChina's so-called string of pearls strategy - an attempt to expand its influence in South Asia - is controversial - and watched with particular suspicion by its regional rival, India, says the BBC's Jill McGivering.\nThe investment is part of its bold ambition to engineer a \"Maritime Silk Route\" to oil-rich parts of the Middle East, and onwards to Europe, our South Asia analyst says.", "date": "7 January 2017", "href": "https://www.bbc.com/news/world-asia-38541673", "tags": "investment sri ugly chinese allowing turns protest lanka"}