{"title": "Stephen King Rips Donald Trump In His Scariest Horror Story Yet", "content": "It\u2019s only two sentences long, but Stephen King\u2019s newest horror story is next level scary.\nThe Carrie\u00a0author posted this extremely succinct tale about GOP nominee\u00a0Donald Trump\u2019s presidential campaign on Twitter Friday:\nAnd despite its incredibly abbreviated nature, it still gave plenty of other Twitter users the shivers.\nSome even lightheartedly dubbed it his most terrifying story yet, perhaps because it\u2019s so true to life. Just remember Trump\u2019s fear-mongering at the Republican National Convention in July.\u00a0\nHere\u2019s how the novelist\u2019s fans reacted:\nKing told The Washington Post last month that he was \u201cterrified\u201d that Trump could become president. \n\u201cA Trump presidency scares me more than anything else,\u201d said the man whose imagination has spawned such despicable characters as It\u00a0and Randall Flagg.\nHe was also among the 450-plus writers who signed an open letter\u00a0airing concerns about Trump\u2019s campaign in May.\u00a0Read their message in full here.\u00a0\nDonate to support Muslims, refugees, women, Latinos and other groups Donald Trump has insulted.\nEditor\u2019s note: Donald Trump regularly incites political violence and is a serial liar, rampant xenophobe, racist, misogynist and birther who has repeatedly pledged to ban all Muslims \u2014 1.6 billion members of an entire religion \u2014 from entering the U.S.\u00a0", "date": "\n10/22/2016", "href": "https://www.huffpost.com/entry/stephen-king-donald-trump_n_580b5d2ee4b02444efa3afe9", "tags": "scariest horror yet newest scary story trump rips carrie king donald sentences stephen"}