{"title": "Stephen King Nails Why The College Admissions Scandal Is \u2018Normal\u2019 In The Age Of Donald Trump", "content": "Stephen King explained on Thursday why he believes people shouldn\u2019t be shocked by the college admissions bribery scandal.\nThe horror novelist tweeted:\nDozens of people, including \u201cFull House\u201d star\u00a0Lori Loughlin and \u201cDesperate Housewives\u201d actress\u00a0Felicity Huffman, have been charged with paying bribes to secure spots at prestigious schools for their children.\nMany tweeters who responded said that the scandal was not solely symptomatic of Trump\u2019s presidency, and that equivalent illegal behavior had been taking place \u201cfor years.\u201d\nKing followed up, however, with a further attack on Trump and his syntax:\nKing has long been a fierce critic of Trump. He wrote\u00a0a (very) short horror story about the president, called for his impeachment and dinged him with a quote from late author George Orwell.", "date": "\n04/05/2019", "href": "https://www.huffpost.com/entry/stephen-king-donald-trump-college-admissions-scandal_n_5ca6f45ee4b047edf9581671", "tags": "scandal normal bribery age shocked nails trump admissions king donald college stephen novelist"}