{"title": "Stephen King Zings Donald Trump And Vladimir Putin With George Orwell Quote", "content": "Horror writer Stephen King took inspiration from the work of late author George Orwell\u00a0for his latest attack on President Donald Trump.\nKing took aim at Trump and Russian leader\u00a0Vladimir Putin\u00a0on Thursday when he tweeted the last sentence from Orwell\u2019s allegoric novella Animal Farm.\n\u201cThe creatures outside looked from pig to man, and from man to pig, and from pig to man again; but already it was impossible to say which was which,\u201d wrote King, appearing to refer to how the pigs in Orwell\u2019s story, who were\u00a0supposed to be equal to the other animals, ended up becoming as bad as the humans they were trying to replace.\nThe Shining author also suggested Orwell, who famously fought fascists in the Spanish Civil War, was writing about Trump and Putin (or leaders of their kind) when he penned the story in 1945.\nKing has been a fierce critic of Trump in recent years. He even wrote this two-sentence long \u201chorror story\u201d about the then-presidential candidate shortly before the 2016 election:\nIt\u2019s unlikely that Trump will see King\u2019s latest post, however.\nIn May, King told \u201cLate Show\u201d host Stephen Colbert that Trump had blocked him on the social media platform for suggesting \u201che had his head somewhere where a certain yoga position would be necessary to get it there.\u201d", "date": "\n07/20/2018", "href": "https://www.huffpost.com/entry/stephen-king-george-orwell-quote-trump-putin_n_5b51d676e4b0b15aba8df08d", "tags": "putin inspiration quote orwell trump george king zings donald stephen vladimir"}