{"title": "Stephen Colbert Flusters Stacey Abrams By Reading Her Own Romantic Fiction", "content": "Stephen Colbert surprised Stacey Abrams by reading a steamy excerpt from one of her romance novels on Wednesday\u2019s broadcast of \u201cThe Late Show.\u201d\nFirst, Colbert offered Abrams a selection of cue cards and asked her to choose which excerpt he should read.\n\u201cGod no, I don\u2019t want you to read any of these,\u201d said the Democratic former Georgia gubernatorial nominee, who previously penned romance novels under the pseudonym Selena Montgomery.\n\u201cI want people to read them in the quiet of their home,\u201d Abrams said. She later asked: \u201cCan I leave now?\u201d\nColbert then read a short, steamy passage from her 2009 book\u00a0Reckless.\u00a0After the audience \u201coohed,\u201d he held up her new book about leadership \u2015 titled\u00a0Lead From the Outside \u2015\u00a0and asked, \u201cIs there any of that in here? Because then I understand why it would be a bestseller.\u201d\nAbrams also revealed in the interview how she had \u201cno news\u201d to announce regarding a potential run for president in 2020.\nCheck out the clip here:", "date": "\n04/04/2019", "href": "https://www.huffpost.com/entry/stacey-abrams-erotic-fiction-stephen-colbert_n_5ca5b874e4b082d775e082d7", "tags": "romance abrams surprised novels colbert flusters reading excerpt stacey fiction stephen romantic steamy"}