{"title": "Stephen Colbert Delivers Heartfelt Message On Paris Attacks", "content": "In a rare moment, Stephen Colbert was at a loss for words.\n\"The Late Show\" had already taped when Colbert learned about the Paris attacks that left more than 120 people dead\u00a0on Friday,\u00a0so the late night host got behind his desk once again and struggled to make sense of it.\nColbert tried his best to explain the situation and got choked up, saying,\u00a0\"We add our thoughts and prayers to everyone in Paris, and now, um, we'll see you on Monday.\"\nThere has been an outpouring of\u00a0support from celebrities\u00a0in the wake of the attacks, many calling for #PrayersForParis. After his emotional speech, Colbert paused and regained his composure before simply adding, \"Good night.\"\u00a0\n\"The Late Show with Stephen Colbert\" airs weeknights at 11:35 p.m. ET on CBS.\nAlso on HuffPost:", "date": "\n11/14/2015", "href": "https://www.huffpost.com/entry/stephen-colbert-paris-attacks_n_56478ac8e4b06037734957c4", "tags": "paris heartfelt colbert delivers attacks taped learned rare message stephen"}