{"title": "Stephen Colbert Tears Into The Trump Administration's Paranoia", "content": "Stephen Colbert poked fun at the paranoia that\u2019s reportedly engulfing the White House on Tuesday.\nThe \u201cLate Show\u201d referenced a report on Politico\u00a0that claimed President Donald Trump\u2019s staffers were \u201ckeeping mum\u201d in meetings over fears their foes would leak their comments to the press.\n\u201cI have some bad news,\u201d Colbert said. \u201cIt didn\u2019t work, because your foes have leaked your mum-staying.\u201d\nColbert dissected the security precautions that some staffers are reportedly taking with their cell phones, before suggesting their paranoia could just be down to growing pains in the new administration.\n\n\u201cYou went to Washington, you went to work for Trump because you wanted to tear down the government,\u201d Colbert said. \u201cNow you have to deal with it. Now you are the government.\u201d\nThe comedian likened the administration to a dog that now has to drive the car after spending years chasing it.\n\u201cWe\u2019re not happy about it either, by the way,\u201d he added. \u201cRemember, we\u2019re in the backseat of a car being driven by a dog now.\u201d\u00a0\nCheck out the full segment above.", "date": "\n03/22/2017", "href": "https://www.huffpost.com/entry/stephen-colbert-donald-trump-paranoia_n_58d22bd0e4b0f838c62dbc40", "tags": "foes administration colbert staffers paranoia poked tears trump dog stephen engulfing"}