{"title": "Syria recognises Russian-backed Georgia regions", "content": "Syria has recognised two Russian-controlled regions of Georgia - Abkhazia and South Ossetia - as independent states, angering Georgia.\nThe Georgian Foreign Ministry responded by saying it was breaking off diplomatic relations with Syria.\nSeparatists in Abkhazia and South Ossetia broke away from Georgia in 2008 with massive help from Russian troops. \nBesides Russia and Syria, only Venezuela, Nicaragua, Vanuatu and Nauru recognise them as independent.\nSyrian President Bashar al-Assad has forged very close ties with his Russian counterpart Vladimir Putin since Russia sent a powerful force of aircraft and ships to bolster his war effort in September 2015.\nThe Russian intervention swung the war dramatically in Mr Assad's favour, enabling his troops to recover much lost ground.\nSyria says it will set up embassies in Abkhazia and South Ossetia, and the Russian-backed authorities there will also send diplomats to Syria.\nSoon after the Syrian announcement, Georgia said it had \"started procedures to sever diplomatic relations\" with Syria.\n\"By doing so, the Assad regime supported Russia's military aggression against Georgia, unlawful occupation of Abkhazia and the Tskhinvali region (South Ossetia), and the ethnic cleansing that has been taking place for years,\" said Georgian Deputy Foreign Minister David Dondua. ", "date": "29 May 2018", "href": "https://www.bbc.com/news/world-europe-44291091", "tags": "abkhazia syria georgia recognised russian-backed ossetia recognises russian-controlled regions"}