{"title": "Teachers' Trump Border Wall Costume Leaves Don Lemon Temporarily Lost For Words", "content": "CNN\u2019s Don Lemon\u00a0called out the elementary school teachers\u00a0in Idaho who donned Mexican clothes and also pretended to be President Donald Trump\u2019s proposed southern border wall this Halloween.\nThe \u201cCNN Tonight\u201d host was at a temporary loss for words Friday night when fellow anchor Chris Cuomo\u00a0asked him to explain why the costumes had \u201ccrossed the line.\u201d\n\u201cI don\u2019t know what to say. It\u2019s a sign of the times,\u201d said Lemon, who claimed the outfits worn by the Middleton School District educators were \u201covertly\u201d and \u201cblatantly\u201d political.\nThe district\u2019s superintendent has since apologized for the \u201cclearly insensitive and inappropriate\u201d stunt.\u00a0But Lemon asked, \u201cWhat is the wall meant to do? Meant to keep out a certain group of people from coming into the country.\u201d\n\u201cIf you\u2019re educated you should know better,\u201d he added.\nCheck out the clip here:", "date": "\n11/03/2018", "href": "https://www.huffpost.com/entry/don-lemon-mexican-halloween-costume-border-wall_n_5bdd4209e4b01ffb1d026404", "tags": "elementary meant lemon temporarily pretended leaves wall border words trump teachers idaho lost donned costume"}