{"title": "Ted Cruz Makes Serious Call For Trump's Space Force To Fight Space Pirates", "content": "Sen. Ted Cruz said this week President Donald Trump\u2019s proposed Space Force could be used to combat space pirates.\u00a0\nThen, he got annoyed at Twitter over the ensuing jokes about his plan to take on the threat of galactic buccaneers.\u00a0\u00a0\nCruz began by noting the longtime historical need for naval forces to provide protection at sea from \u201cbad actors,\u201d according to The Hill.\u00a0\u00a0\nThen, he said:\u00a0\nNeedless to say, the idea of space pirates took off on social media, with plenty of jokes ensuing as \u201cSpace Pirates\u201d trended on Twitter. But Cruz didn\u2019t see the humor in it, and even complained to Twitter CEO Jack Dorsey about a Twitter Moment capturing the quips:\u00a0\nHe also complained about a joke on \u201cMeet the Press\u201d about space pirates:\u00a0\nMSNBC\u2019s Chris Hayes called Cruz\u2019s complaint to Dorsey \u201cthe saddest tweet I\u2019ve ever seen.\u201d\nCruz replied:\u00a0\nBut none of that stopped the jokes. In fact, it only increased them as Twitter critics not only mocked his space pirate threat, but also his complaints over the jokes:\u00a0", "date": "\n05/16/2019", "href": "https://www.huffpost.com/entry/ted-cruz-space-pirates_n_5cdcfddfe4b0b4728ba30c72", "tags": "force serious call ensuing ted cruz pirates trump fight complained jokes makes dorsey space"}