{"title": "Terence Crutcher's Family Seeks Criminal Charges- 'His Life Mattered'", "content": "The U.S. Department of Justice has opened an investigation into the police killing of 40-year-old Terence Crutcher in Tulsa, Oklahoma, on Friday, but his family is demanding that the charges against the involved officer be filed immediately.\nPolice were originally responding to an unrelated call when they approached Crutcher\u2019s vehicle, which had been stalled in the middle of the street. Shortly after the officers arrived, one officer deployed his taser on Crutcher who stood by his car. Moments later,\u00a0Officer Betty Shelby, who is white, fatally shot Crutcher, who was black and unarmed, while he had his hands raised in the air, according to this\u00a0graphic video footage released on Monday.\u00a0In one video that was captured by an overhead helicopter, Crutcher is seen standing by his car while a police officer is overheard describing him as a \u201cbad dude.\u201d", "date": "\n09/20/2016", "href": "https://www.huffpost.com/entry/terence-crutchers-family-seeks-criminal-charges-his-life-mattered_n_57e14e9be4b08cb14097ff24?section=&section=us_black-voices", "tags": "tulsa crutcher criminal mattered family terence charges- seeks demanding life"}