{"title": "Texas man nearly dies after being bitten by severed snake head", "content": "A Texan required 26 doses of anti-venom after he was bitten by the severed head of a rattlesnake he had killed.\nJennifer Sutcliffe told local station KIII-TV that her husband Jeremy was working in the garden when he saw the serpent and decapitated it.\nWhen he picked up the snake's remains to dispose of them, the head bit him.\nA snake's bite reflex can be triggered up to several hours after it has died. Ms Sutcliffe told KIII-TV her husband immediately began to have seizures.\nThe couple were weeding in a flowerbed at their home near Corpus Christi when they came across the four-foot (1.25m) Western diamondback rattlesnake.\nHe was airlifted to hospital where he was treated with the anti-venom CroFab.\nMore than a week after the incident, the man is reportedly in stable condition, with some weakened kidney function.\nLeslie Boyer, an anti-venom doctor at the University of Arizona VIPER Institute, warned against attempting to kill snakes, particularly by cutting them.\n\"It's cruel to the animal and it leaves you with a smaller piece that's venomous to pick up,\" she told the Gizmodo news site. \nRead more: Snake bites are now a global health priority, says WHO", "date": "7 June 2018", "href": "https://www.bbc.co.uk/news/world-us-canada-44392861", "tags": "bitten man doses dies kiii-tv anti-venom required severed rattlesnake sutcliffe garden texan nearly texas jennifer snake jeremy head"}