{"title": "The Lies Trump Told", "content": "This article is part of the Opinion Today newsletter. You can sign up here to receive more briefings and a guide to the section daily in your inbox.\nHe lied about the loan his father once gave him.\nHe lied about his company\u2019s bankruptcies.\nHe lied about his federal financial-disclosure forms.\nHe lied about his endorsements.\nHe lied about \u201cstop and frisk.\u201d\nHe lied about \u201cbirtherism.\u201d\nHe lied about New York.\nHe lied about Michigan and Ohio.\nHe lied about Palm Beach, Fla.\nHe lied about Janet Yellen and the Federal Reserve.\nHe lied about the trade deficit.\nHe lied about Hillary Clinton\u2019s tax plan.\nHe lied about her child-care plan.\nHe lied about China devaluing its currency.\nHe lied about Mexico having the world\u2019s largest factories.\nHe lied about the United States\u2019s nuclear arsenal.\nHe lied about NATO\u2019s budget.\nHe lied about NATO\u2019s terrorism policy.\nHe lied about ISIS.\nHe lied about his past position on the Iraq War.\nHe lied about his past position on the national debt.\nHe lied about his past position on climate change.\nHe lied about calling pregnancy an \u201cinconvenience\u201d for employers.\nHe lied about calling women \u201cpigs.\u201d\nHe lied about calling women \u201cdogs.\u201d\nHe lied about calling women \u201cslobs.\u201d\nSo\u2026 who won the debate?\n.", "date": "Sept. 27, 2016", "href": "https://www.nytimes.com/2016/09/27/opinion/campaign-stops/the-lies-trump-told.html", "tags": "lies newsletter guide section trump lied told briefings"}