{"title": "The Birther's Back- Trump Reportedly Reignites Racist Lie About Obama", "content": "President Donald Trump is reportedly reviving the racist \u201cbirther\u201d conspiracy theory, which claims that President Barack Obama wasn\u2019t born in the United States.\u00a0\nTrump has been questioning Obama\u2019s birth certificate in \u201cclosed-door conversations,\u201d according to The New York Times, which cited an unnamed senator as being part of one such discussion.\u00a0\u00a0\nThe newspaper reported:\nTrump was for years one of the leading voices in the birther movement, a racist conspiracy theory that questioned the legitimacy of the nation\u2019s first black president.\nHe dropped the issue toward the end of the presidential campaign last year.\u00a0\n\u201cPresident Barack Obama was born in the United States, period,\u201d he said in September, then he blamed his Democratic rival Hillary Clinton for the conspiracy theory, a claim that has been debunked.\u00a0\nHe never apologized to Obama for spending years questioning both his place of birth and eligibility to be president with statements such as this one:\u00a0\n\u201cWhen you\u2019re a star ... you can do anything ... grab them by the pussy,\u201d Trump said.\nHe apologized for his comments last year but also dismissed them as \u201clocker-room talk.\u201d\u00a0\nIn its latest report, the Times said Trump is also blaming fraud for the fact that he lost the popular vote by nearly 3 million votes.\u00a0\u00a0", "date": "\n11/28/2017", "href": "https://www.huffpost.com/entry/donald-trump-birther_n_5a1e1ce7e4b0dc52b02a22a4?ncid=inblnkushpmg00000009", "tags": "birther reignites back- racist trump lie questioning obama reportedly"}