{"title": "The Mueller Report Is Coming Thursday", "content": "A redacted version of the special counsel report authored by Robert Mueller\u2019s team will be made public on Thursday, a Justice Department official said Monday.\nThe nearly 400-page report, which focuses on the Trump campaign and Russian interference in the 2016 election, is the product of a nearly two-year special counsel investigation that began after President Donald Trump fired former FBI Director James Comey. Six Trump campaign associates and dozens of Russian operatives were charged as part of the Mueller probe.\nIt\u2019s unclear how much of the report will be redacted. Democrats have demanded to see the full report.\nAttorney General William Barr\u2019s\u00a0four-page letter to Congress last month said Mueller did not establish that Trump or his campaign conspired with Russia to interfere in the election. Mueller did not reach a conclusion on whether Trump obstructed justice, according to the attorney general, but Barr wrote that he decided with Deputy Attorney General Rod Rosenstein that the evidence Mueller gathered was \u201cnot sufficient to establish that the President committed an obstruction-of-justice offense.\u201d\nThis story has been updated.", "date": "\n04/15/2019", "href": "https://www.huffpost.com/entry/mueller-report-release-thursday_n_5cb4aa18e4b098b9a2d7c51b", "tags": "redacted coming mueller report thursday authored establish"}