{"title": "These Are The Lives Cut Tragically Short In Paris", "content": "The death toll from last week's terrorist attack in Paris has risen to 130, French authorities announced on Friday. The total previously stood at 129, with the bodies of all of those victims identified.\nPeople from at least 15 countries were killed in the attacks.\u00a0At least 100 families traveled\u00a0to France to identify the bodies.\nDetails have slowly begun to emerge about the identities of those who lost their lives, among them a 23-year-old design student from America. Many of the those killed or injured\u00a0were young people hailing from around the globe, with victims from countries including Spain, Sweden, Portugal, Belgium, Mexico and Chile.\nOn Monday, French President Francois Hollande confirmed the victims comprise 19 different nationalities.\u00a0\nBelow are those who have been identified by friends, relatives or employers in media reports.", "date": "\n11/14/2015", "href": "https://www.huffpost.com/entry/paris-attacks-victims_n_5647afb3e4b0603773495e53", "tags": "risen paris toll tragically short cut lives"}