{"title": "These Are The Texas Immigration Center Photos Stirring Anti-Trump Outrage", "content": "U.S. Customs and Border Protection has released photos of a center where it detains immigrants, showing detainees kept inside chain-link cages.\u00a0\nThe immigrant processing facility in McAllen, Texas, also known as Ursula, is currently sheltering more than 1,100 people, according to The Associated Press, which was allowed inside the center over the weekend. Reporters weren\u2019t allowed to take their own photos or interview detainees.\nOnce immigrants are processed, NBC News reported, children \u2015 separated from their parents \u2015 will be sent to Department of Health and Human Services facilities. Parents will head to detention centers.\u00a0\nThe ratcheting up of the Trump administration\u2019s \u201czero tolerance\u201d policy has meant that thousands of people who entered the country illegally are sitting in detention centers along the border. And, in the name of prosecuting more people, the government is separating children from their parents on a massive scale.Facing backlash, President\u00a0Donald Trump\u00a0on Monday\u00a0blamed Democrats for weak border security. Trump has repeatedly and falsely tried to pin his administration\u2019s policy of separating children from their families on Democrats.\nCheck out what the McAllen facility looks like from the inside, in Customs and Border Protection photos:", "date": "\n06/18/2018", "href": "https://www.huffpost.com/entry/images-inside-center-immigrants_n_5b27bebae4b0f9178a9f6f7f", "tags": "immigration center stirring mcallen photos texas anti-trump outrage"}