{"title": "These 14 Kids Just Won A National Geographic Photo Contest", "content": "What were you doing between the ages of 6 and 14? Probably not entering an international photo contest.\nOn Tuesday,\u00a0National Geographic Kids announced the winners of its photography competition, which received more than 46,000 entries from around the world.\u00a0\nThe international winner was 11-year-old Dewi Baggerman from the Netherlands, who took a beautiful low-angle shot of a field of tulips. \u00a0\nFor her prize, Baggerman won a five-day, four-night trip to Washington, D.C., and a tour of National Geographic headquarters.\nTwelve-year-old Kate Anderson from Shelley, Idaho, won the U.S. category for her adorable photo of an ostrich chick appearing to step up to a microphone. She received a 10-day trip to the\u00a0Galapagos islands\u00a0for her win.\nCheck out photos from the remaining winners of both the U.S. and international competitions below:\u00a0", "date": "\n01/31/2017", "href": "https://www.huffpost.com/entry/national-geographic-kids-photo-contest_n_5890ec20e4b0c90eff00a12c", "tags": "ages geographic national photo baggerman contest kids photography entries winners"}