{"title": "This Video Breaks Down Why Latinx Should Check Their Privilege", "content": "If you have any doubts about whether you can be both Latinx and privileged, Kat Lazo wants to have a word with you.\u00a0\nIn a video posted Thursday, the YouTube personality asked Latino and Latina viewers to consider how they might benefit from certain privileges.\n\"As a Latina, I know that we\u2019re marginalized by the media, by public policies and by society,\" Lazo says at the beginning of the video. \"But we\u2019re not all marginalized in the same way or even to the same degree. It\u2019s all dependent on a multitude of factors.\"\nLazo then breaks down how things like immigration status, class, gender and race can have adverse or beneficial effects on a person's quality of life. The video blogger also explained why she felt so compelled to discuss privilege in the Latino community.\u00a0\n\"I wanted to make this video because I think many of us Latinx often forget to check our own privilege,\" Lazo said. \"For me, as the daughter of immigrants who grew up in a predominantly white neighborhood, it became all too easy to understand how my family and I were marginalized by society at large. But what didn\u2019t come as easy was understanding the way that I was privileged outside of that neighborhood and on a grander scale.\"\nWatch the full video above and get ready to take notes.\u00a0", "date": "\n05/13/2016", "href": "https://www.huffpost.com/entry/this-video-breaks-down-why-latinx-should-check-their-privilege_n_57360fede4b08f96c183122b", "tags": "lazo privilege video marginalized check latinx breaks kat privileged doubts latina"}