{"title": "Thousands Use #MuslimsAreNotTerrorist To Combat Islamophobia", "content": "Champions of religious pluralism around the world used #MuslimsAreNotTerrorist to refute the idea that Friday's attacks in Paris\u00a0reflect the views of most Muslims or mainstream interpretations of the Islamic faith. The hashtag was trending on Twitter on Saturday, with more than 267,000 mentions.\u00a0\nMany of the tweets are from Muslims, while others are from people in other communities opposed to generalizations about Islam and its practitioners. A similar message from a New York resident\u00a0that was inspired by his conversation with a Muslim cab driver has gone viral on Twitter.\nOn Saturday, the Islamic State group took credit for the attacks that have killed at least 129 people, and vowed there would be more of them.\nHere are some of the most memorable tweets using\u00a0#MuslimsAreNotTerrorist:", "date": "\n11/14/2015", "href": "https://www.huffpost.com/entry/muslims-are-not-terrorist-hashtag_n_5647a7c6e4b045bf3def6992", "tags": "reflect refute islamophobia combat pluralism muslimsarenotterrorist thousands use"}