{"title": "Tiffany Trump Takes 3 Days To Publicly Wish 'Best Friend' And Sister Ivanka Happy Birthday", "content": "Somebody buy Tiffany Trump a diary!\nPresident\u00a0Donald Trump\u2019s only daughter with his second wife, Marla Maples, wished her older half-sister, Ivanka Trump, a happy birthday on Friday.\nBut the Instagram message to her \u201cbest friend\u201d was three days late.\nIt\u2019s not known whether Tiffany Trump sent a private message to her sibling on her actual special day, but she blamed her delayed salutation via social media on \u201claw school life.\u201d The 25-year-old is currently a student at Georgetown Law.\nIvanka Trump, a senior adviser in her father\u2019s administration, turned 37 on Tuesday.\nLast Christmas, the siblings were teased on Twitter for this bizarre Mar-a-Lago holiday video:", "date": "\n11/03/2018", "href": "https://www.huffpost.com/entry/tiffany-trump-ivanka-trump-birthday-wishes-instagram_n_5bdd64e6e4b04367a87cd046", "tags": "somebody half-sister older marla tiffany maples wish friend diary wished trump takes publicly sister happy birthday ivanka days"}