{"title": "Time Magazine's Top 100 List Is Almost Half Women For The First Time Ever", "content": "Time Magazine\u2019s list of the 100 most influential people of the year includes more women than ever before.\u00a0\n\u201cWe have 48 women on the list this year, up from 45 last year,\u201d\u00a0Time Magazine\u2019s editor-in-chief and CEO Edward Felsenthal told \u201cCBS This Morning\u201d\u00a0on Wednesday.\u00a0\nFelsenthal said that when the magazine first began publishing the list back in 2004, only 24 women were included.\u00a0\nHe added that the magazine\u2019s list of 100 most influential people \u201cis in some ways a reflection of our society, but an amazing year for the women on the list.\u201d\u00a0\nThe issue, published Wednesday,\u00a0includes cover stars such as\u00a0actress Sandra Oh, House Speaker Nancy Pelosi, pop star Taylor Swift and CBS\u2019 very own Gayle King. King, who interviewed Felsenthal, said she was so honored to be included in the list of change-makers.\u00a0\n\u201cIt\u2019s not even noon and I am having a great day,\u201d King told Felsenthal during the segment. \u201cI am so appreciative and so humbled by this I can\u2019t even begin to tell you.\u201d\u00a0\nOther iconic women on this year\u2019s list include former first lady Michelle Obama (whose profile was written by Beyonc\u00e9), Dr. Christine Blasey Ford (written by Kamala Harris), and Rep. Alexandria Ocasio-Cortez (D-N.Y.) (written by Elizabeth Warren).", "date": "\n04/17/2019", "href": "https://www.huffpost.com/entry/time-magazines-top-100-list-is-almost-half-women-for-the-first-time-ever_n_5cb739c0e4b0c53a170571da", "tags": "top felsenthal ever magazine almost first half includes time list women influential"}