{"title": "Timothy Simons Names 'Charmless' GOP Senator Who Inspired 'Veep' Character Jonah", "content": "\u201cVeep\u201d star Timothy Simons said his insufferable character Jonah Ryan is rooted in reality.\nOn Tuesday\u2019s broadcast of \u201cLate Night with Seth Meyers,\u201d Simons revealed how he first based the fictional character on a \u201csmash together\u201d of different Washington lackeys who only care about proximity to power.\nBut as Simons\u2019 character developed and began his own congressional campaign, the actor evolved, basing him on the \u201ccharmless,\u201d \u201cgraceless\u201d and \u201cuniversally disliked\u201d Sen. Ted Cruz (R-Texas).\n\u201cBegrudgingly you have to admit that Ted Cruz, he has fallen ass-backwards into some sort of power and until he\u2019s out, everybody just has to deal with him, and that\u2019s very much Jonah\u2019s vibe, that\u2019s his thing,\u201d Simons explained.\nCheck out the interview above.", "date": "\n04/03/2019", "href": "https://www.huffpost.com/entry/veep-timothy-simons-jonah-ryan-senator-names-seth-meyers_n_5ca49c31e4b07982402514f6", "tags": "jonah inspired character veep gop names simons senator timothy rooted insufferable"}