{"title": "Tobacco giant Imperial Brands invests in medical cannabis", "content": "Tobacco firm Imperial Brands is investing in UK biotech company Oxford Cannabinoid Technologies (OCT).\nThe move comes as campaigning to allow marijuana products for medicinal purposes gathers pace.\nA company subsidiary, Imperial Brands Ventures, is taking a stake in the UK firm, but its size is unknown.\nTobacco companies are trying to diversify away from their core product. Imperial's website bears the motto: \"From tobacco to something better.\"\nImperial now sees itself as \"a dynamic fast-moving consumer goods company borne out of a strong tobacco heritage\".\nOCT is a firm licensed by the UK Home Office that researches, develops and licenses cannabinoid-based compounds and therapies.\nImperial Brands' chief development officer, Matthew Phillips, said: \"Our investment enables Imperial to support OCT's important research while building a deeper understanding of the medical cannabis market.\"\nImperial no longer makes cigarettes in the UK. Its last UK manufacturing site, the Horizon factory in Nottingham, closed down two years ago. ", "date": "28 June 2018", "href": "https://www.bbc.com/news/business-44645569", "tags": "tobacco medical oxford cannabis investing imperial giant technologies brands purposes oct campaigning biotech invests cannabinoid"}