{"title": "Trevor Noah- Donald Trump Is The First Sober Person I've Heard Doing \u2018Drunk History\u2019", "content": "President Donald Trump\u2019s bonkers interview with \u201cFox & Friends\u201d\u00a0on Thursday provided Trevor Noah with perfect comic fodder.\n\u201cNormally, when Trump has a bad day we know Trump watches \u2018Fox & Friends\u2019 and yells at the TV, but today he did the same thing but we all got to listen in,\u201d Noah said on Thursday\u2019s broadcast of \u201cThe Daily Show.\u201d\u00a0\nAfter dissecting some of the strangest bits of the interview, including Trump\u2019s admission that he hadn\u2019t bought first lady Melania Trump a birthday gift, Noah then described Trump as\u00a0\u201cthe first sober person I\u2019ve heard doing \u2018Drunk History.\u2019\u201d\n\u201cI actually almost feel bad for \u2018Fox & Friends,\u2019\u201d Noah said. \u201cBecause if you are at a party and some boring ass dude wouldn\u2019t stop talking to you, you could just be like, \u2018Ah, I\u2019ve got to get a drink.\u2019 But these guys are on live television.\u201d\nCheck out the clip above, and see how \u201cThe Daily Show\u201d reimagined the interview below:", "date": "\n04/27/2018", "href": "https://www.huffpost.com/entry/trevor-noah-donald-trump-drunk-history_n_5ae2cda6e4b02baed1b8d86d", "tags": "trevor bonkers sober person first perfect comic heard trump history noah- donald drunk"}