{"title": "Trevor Noah Trashes Fox News- Giant Caravan Of Dangerous Extremists", "content": "Fox News\u2019 \u201cfearmongering\u201d coverage of the migrant caravan traveling through Mexico invoked the wrath of Trevor Noah on Tuesday\u2019s broadcast of \u201cThe Daily Show.\u201d\nNoah attacked the conservative network\u2019s hosts and guests for repeatedly referring to the thousands of people from Central America who are currently more than 1,000 miles from the U.S. border as \u201can invasion.\u201d\n\u201cReally, an invasion? Get the fuck out of here, man,\u201d Noah told a live audience in Miami, where he\u2019s recording this week\u2019s show. \u201cWhat kind of invaders apply to come in and give the enemy three months\u2019 warning?\u201d\nHe then revealed why he continues \u201cto bother with Fox News.\u201d\n\u201cI assume that some of them are good people,\u201d he cracked. \u201cBecause even though this network might seem like one giant caravan of dangerous extremists, I believe there are people in there who mean well.\u201d\nHe then aired footage of Fox News anchor Shep Smith explaining how the rhetoric about the caravan was \u201call about\u201d the upcoming midterm elections.\u00a0\nCheck out the clip here:", "date": "\n10/31/2018", "href": "https://www.huffpost.com/entry/trevor-noah-donald-trump-fox-news-fearmongers_n_5bd95694e4b01abe6a195814", "tags": "wrath trevor trashes fox show. extremists invoked dangerous noah news- traveling giant caravan fearmongering"}