{"title": "Trevor Noah- Why Paul Manafort Must Be So Proud", "content": "This week, Paul Manafort\u2019s former right-hand man, Rick Gates, took the witness stand at the trial of the former Trump campaign manager, and Trevor Noah of \u201cThe Daily Show\u201d found his testimony hilarious.\nGates not only testified that he had committed crimes with Manafort but also admitted he stole money from his former boss.\u00a0\n\u201cHe\u2019s confessing to stealing from the same guy that he was committing crimes with,\u201d Noah said of Gates.\n\u201cLike, Manafort must have been so mad but also at the same time so proud. You know. Yeah, because on the one hand Gates stole money from him but on the other hand he clearly learned everything that Manafort taught him.\u201d\nNoah added, \u201cIt\u2019s like if at the end of \u201cKarate Kid,\u201d Daniel-san kicked the shit out of Mr. Miyagi.\u201d\nCheck out the video above to see what Gates stole from Donald Trump\u2019s inauguration committee.", "date": "\n08/08/2018", "href": "https://www.huffpost.com/entry/trevor-noah-why-paul-manafort-must-be-so-proud_n_5b6a60e7e4b0de86f4a67101", "tags": "trevor must manafort stole proud rick right-hand paul noah- hand"}