{"title": "Trevor Noah 'Reveals' Why Donald Trump's Love For Mitch McConnell Is Real", "content": "Trevor Noah isn\u2019t buying the reported animosity between President Donald Trump and Senate Majority Leader Mitch McConnell (R-Ky.).\nOn Tuesday,\u00a0\u201cThe Daily Show\u201d host lightheartedly dissected the duo\u2019s Rose Garden news conference in which Trump stressed their relationship was \u201cvery good.\u201d\nNoah was initially dubious about Trump\u2019s comments, and said it was\u00a0\u201cfunny watching these two\u00a0try and sell us their romance.\u201d But he had second thoughts after playing out news reports suggesting that Trump and the lawmaker were indeed not the best of friends.\n\u201cI\u2019m going to take that back, actually, that does sound like real love,\u201d joked Noah. \u201cIsn\u2019t that love? Every phone call devolves into a profane shouting match? That\u2019s love.\u201d\nCheck out the segment above, and Noah\u2019s \u201cresting Mitch face\u201d below:", "date": "\n10/18/2017", "href": "https://www.huffpost.com/entry/trevor-noah-donald-trump-mitch-mcconnell_n_59e72581e4b00905bdada4ba", "tags": "trevor r-ky. buying mitch noah trump mcconnell animosity love donald real"}