{"title": "Trevor Noah- I Don't Know If Trump Is Racist, But He Definitely Prefers White People", "content": "Trevor Noah\u00a0tore into President Donald Trump for attacking National Football League players who protest during the national anthem.\nOn Monday\u2019s broadcast of \u201cThe Daily Show,\u201d the host echoed the outrage that many people expressed after Trump asked a crowd in Huntsville, Alabama,\u00a0on Friday if they\u2019d \u201clove to see one of these NFL owners, when somebody disrespects our flag, to say, \u2018Get that son of a bitch off the field right now, he\u2019s fired\u2019?\u201d\nNoah summarized the news by saying he didn\u2019t know \u201cif Trump is racist.\u201d\n\u201cBut I do know he definitely prefers white people to black people,\u201d he added. \u201cI can say that with confidence.\u201d\nCheck out a segment from Monday\u2019s broadcast above, and watch the full clip via the Comedy Central website here.", "date": "\n09/26/2017", "href": "https://www.huffpost.com/entry/trevor-noah-donald-trump-racist_n_59ca11f3e4b01cc57ff51151", "tags": "trevor white racist know trump tore definitely noah- prefers attacking people"}