{"title": "Trevor Noah Loses It Laughing About Border Thefts- Mexico Is Stealing The Wall", "content": "Trevor Noah couldn\u2019t stop laughing at the report that \ufeffconcertina wire stolen from the U.S. southern border is being sold to homeowners in Tijuana, who are using it to fortify their properties.\nOn Wednesday\u2019s broadcast of \u201cThe Daily Show,\u201d Noah described the news as his \u201cfavorite story of the year\u201d and perhaps his entire life.\n\u201cI\u2019m sorry guys, this is insane. You heard that right, Mexico is stealing the wall. Oh man, I wish I could have been there when Donald Trump saw this story on the news.\u201d\nHe later imagined what the thieves are saying about the thefts.\u00a0\nCheck out the clip here:\nAnd see Noah\u2019s take on President Donald Trump\u2019s Twitter feud with George Conway, the husband of White House counselor Kellyanne Conway, here:", "date": "\n03/21/2019", "href": "https://www.huffpost.com/entry/trevor-noah-mexico-border-donald-trump_n_5c9356ace4b01b140d35c63e", "tags": "stealing trevor tijuana mexico wall loses border noah wire \ufeffconcertina stolen homeowners thefts- laughing"}