{"title": "Trevor Noah Nails The Bleak Reason Donald Trump Has 'Huge Advantage' In 2020", "content": "Trevor Noah thinks President Donald Trump has \u201ca huge advantage over every other candidate\u201d in the 2020 election.\nWhy? Well, on Tuesday\u2019s broadcast of \u201cThe Daily Show,\u201d Noah claimed it was all to do with Trump\u2019s ability to \u201ccreate a new reality\u201d and plow \u201cright through\u201d after making a mistake.\nTo explain, Noah referred to former Vice President Joe Biden\u2019s\u00a0verbal stumbles during a campaign rally in Pittsburgh the previous day.\nHe noted how the mispronunciations sapped some of the energy from Biden\u2019s speech. That\u2019s unlike Trump, who would just riff on the blunders to make a bonkers point to his cheering base, Noah argued.\nThe comedian also imagined the kind of attack ad that Trump may unleash Biden, who he has nicknamed \u201cSleepy Joe.\u201d\nAnd it\u2019s a bit of a nightmare ...\nCheck out the clip here:", "date": "\n05/01/2019", "href": "https://www.huffpost.com/entry/trevor-noah-joe-biden-donald-trump-tips_n_5cc95990e4b0e4d7572bb618", "tags": "trevor advantage reason thinks nails noah trump bleak donald"}