{"title": "Trump: 'I'm smart' for not paying taxes", "content": "Story highlightsTrump said avoidance of paying taxes shows he's a successful businessmanThough he hasn't released his tax returns\nWashington (CNN)When Hillary Clinton said that her Republican rival Donald Trump had paid no federal income tax in some years, Trump didn't deny it.\nIn fact, he said: \"That makes me smart.\"\n\nAfter the debate, he told CNN's Jim Acosta: \"Of course I've paid federal taxes.\"\nClinton was pressing Trump for not releasing his tax returns for public scrutiny. Trump has said he won't release his tax returns until a routine audit is complete, though every major party presidential candidate over the past 40 years have released tax returns.\n\"There is something he is hiding,\" Clinton said of Trump during the debate.\n\"Or maybe he doesn't want the American people, all of you watching tonight, to know that he's paid nothing in federal taxes, because the only years that anybody's ever seen were a couple of years when he had to turn them over to state authorities when he was trying to get a casino license, and they showed he didn't pay any federal income tax,\" she said. \n\"That makes me smart,\" Trump said.\nTrump also said he would release his tax returns when Clinton made public 33,000 emails that were deleted from her private email server.", "date": "September 27, 2016 ", "href": "https://edition.cnn.com/2016/09/26/politics/donald-trump-federal-income-taxes-smart-debate/", "tags": "taxes trump highlightstrump smart avoidance paying"}