{"title": "Trump Volunteer Tries To Block Journalist From Photographing Protester At Rally", "content": "A volunteer for President Donald Trump attempted to physically block a photojournalist from taking a picture of a protester at a campaign rally in Indiana on Thursday night.\nAP photographer Evan Vucci snapped an image of the unidentified member of Trump\u2019s advance team putting his hand in front of a journalist\u2019s camera:\nAP reported that Trump \u201cpaced on stage\u201d as the protester was escorted from the arena.\u00a0\n\u201cAnd now tomorrow, you\u2019re gonna read headlines:\u00a0\u2018Trump had protesters all over the place,\u2019\u201d Trump said, according to Business Insider, which noted that the rally was interrupted by demonstrators several times.\u00a0\nTrump has repeatedly called the media the \u201cenemy of the people\u201d and accused the press of spreading \u201cfake\u201d stories about him. He\u2019s also told supporters not to believe what they see or read.\u00a0\n\u201cJust remember, what you are seeing and what you are reading is not what\u2019s happening,\u201d Trump said in July.\u00a0\nAt the event in Indiana on Thursday, Trump told the crowd that 85 percent of journalists are \u201cjust dishonest, terrible people.\u201d He also claimed, without evidence, that networks turn off cameras at his rallies.\u00a0", "date": "\n08/31/2018", "href": "https://www.huffpost.com/entry/donald-trump-volunteer-blocks-camera_n_5b88c4a8e4b0511db3d69291", "tags": "volunteer rally attempted photographing physically block journalist trump tries protester photojournalist"}