{"title": "Trump's note card for Parkland shooting discussion: 'I hear you'", "content": " (CNN)President Donald Trump heard emotional stories Wednesday from people affected by the nation's deadliest school shootings, and it appears he had an assist in responding to some of the powerful testimony.  \nIn a photo from the event taken by Getty Images photographer Chip Somodevilla, the President is holding a piece of White House stationery with five discussion points written in black marker.\n The visible points include prompts such as \"1. What would you most want me to know about your experience?\" \"2. What can we do to help you feel safe?\" and \"5. I hear you.\"\n\n{\"@context\": \"http://schema.org\",\"@type\": \"ImageObject\",\"url\": \"//cdn.cnn.com/cnnnext/dam/assets/180221182253-trump-notes-school-shooting-listening-session-large-169.jpg\",}\nTrump didn't appear to use the visible prompts, but he did cast a tender tone during the event, saying he grieved for those affected. \nHe was briefed by White House officials before participating in the listening and did not use a teleprompter during the event. \n\"We're fighting hard for you and we will not stop,\" Trump said. \"I just grieve for you, I feel so -- to me, there could be nothing worse than what you've gone through.\" \nHe continued, \"Thank you for pouring out your hearts because the world is watching and we're going to come up with a solution.\"", "date": "February 22, 2018 ", "href": "https://edition.cnn.com/2018/02/21/politics/trump-parkland-notecard/index.html", "tags": "emotional parkland shooting deadliest card trump discussion hear visible prompts note"}