{"title": "Trump Legal Team Reportedly Inches Closer To Mueller Interview", "content": "President Donald Trump\u2019s legal team submitted a counteroffer to special counsel Robert Mueller with specific demands for an interview with the president himself, The Wall Street Journal reported.\nRudy Giuliani, who leads Trump\u2019s legal team,\u00a0told the newspaper on Monday that an interview is \u201cstill on the table.\u201d Trump would answer questions on Russian collusion in the 2016 U.S. election, but not on obstruction of justice, Giuliani said. Mueller\u2019s team has yet to respond to the offer, Giuliani told Bloomberg News.\u00a0\nGiuliani said earlier this month that Trump would answer \u201cnarrow\u201d questions\u00a0from Mueller during an interview as long as the investigation was nearing its end, although the timing for such an interview remains unclear.\u00a0\nTrump has repeatedly said his campaign did not collude with Moscow, and calls the probe a \u201cwitch hunt.\u201d He has\u00a0offered to speak with Mueller\u00a0to make that clear.\u00a0\nThe special counsel and Trump\u2019s lawyers have been negotiating terms for an interview for months. Mueller\u2019s team reportedly has presented Trump\u2019s representatives with a list of questions they hope to ask the president, and Mueller has warned the lawyers he has the power to subpoena Trump if negotiations fail.\nThe investigation has so far resulted in the indictment of 12 Russian nationals\u00a0on charges of hacking the Democratic National Committee server during the 2016 election.", "date": "\n07/24/2018", "href": "https://www.huffpost.com/entry/trump-legal-team-closer-mueller-interview_n_5b57029fe4b0de86f490613e", "tags": "mueller trump team inches legal closer interview reportedly"}