{"title": "Trump's 'Culture' Comments About Immigrants Echo European White Nationalists'", "content": "President Donald Trump said he believes that immigrants in Europe are causing the continent to lose its culture. European white supremacists believe the same thing.\nIn a sit-down interview with The Sun, a British tabloid, on Thursday, Trump said migrants seeking safety from violence abroad have \u201cchanged the fabric of Europe.\u201d\n\u201cAnd I don\u2019t mean that in a positive way,\u201d\u00a0he told the paper. \u201cI think allowing millions and millions of people to come into Europe is very, very sad. I think you\u2019re losing your culture. Look around. You go through certain areas that didn\u2019t exist 10 or 15 years ago.\u201d\nIn a press conference later that day, he lambasted London Mayor Sadiq Khan.\nTrump\u2019s dangerous rhetoric is nothing new but is a reminder of the closely held beliefs he seems to share with so many avowed racists.\u00a0", "date": "\n07/13/2018", "href": "https://www.huffpost.com/entry/trump-culture-comments-echo-european-white-nationalists_n_5b48bcc0e4b0e7c958fac83d", "tags": "white immigrants echo lose causing trump continent european nationalists comments"}