{"title": "Trump flips coin at Army-Navy game", "content": "Washington (CNN)College football fans, military leaders and members of the Trump administration gathered in Philadelphia on Saturday for the 119th annual Army-Navy game. \nThe game kicked off with a coin toss performed by President Donald Trump, which landed in favor of the Navy. \nAt the game, Trump was joined by Secretary of State Mike Pompeo, Defense Secretary James Mattis, Interior Department Secretary Ryan Zinke, Secretary of the Army Mark Esper and Secretary of the Navy Richard Spencer, according to the White House.  \n\nTrump announces John Kelly is leaving \nMarine Corps Gen. Joseph Dunford, who currently serves as the chairman of the Joint Chiefs of Staff, as well as the man picked by Trump to succeed him, current US Army chief of staff Gen. Mark Milley, were also present. \nAhead of the game, Air Force One did a fly-by at Lincoln Financial Field as it approached Philadelphia. The flight path into Philadelphia International Airport goes near the stadium, but Air Force One flew closer to the stadium and dipped its right wing before landing.\nTrump's appearance at the game comes amid another staff shakeup for his administration. Earlier in the day, Trump announced his current chief of staff, John Kelly, would be leaving his position at the end of the year. ", "date": "December 8, 2018 ", "href": "https://edition.cnn.com/2018/12/08/politics/army-navy-president-donald-trump/index.html", "tags": "flips trump game army-navy coin gen."}