{"title": "Trump Fires New Shot At Jeff Sessions From 4,000 Miles Away", "content": "Donald Trump might be in Brussels this week attending a summit with NATO leaders, but the U.S. president still found time between \u201cvery important\u201d meetings to call out his embattled attorney general, Jeff Sessions.\nIn a Thursday morning tweet, Trump criticized former FBI lawyer Lisa Page for defying a congressional subpoena and failing to appear for an interview before the House Judiciary and Oversight and Government Reform Committees on Wednesday.\nTrump concluded his tweet with the question: \u201cWhere is the Attorney General?\u201d It was the latest jab in a long string of public attacks that the president has leveled against Sessions.\u00a0\nOn Wednesday, GOP lawmakers threatened to hold Page in contempt after she failed to show up for the closed-door interview,\u00a0reported CNN.\nHer lawyer, however, insisted that Page, whose text messages with FBI agent Peter Strzok have fueled Republican allegations of anti-Trump bias, had nothing to hide and was willing to testify.\n\u201cAll she is asking is to be treated as other witnesses have under the Committees\u2019 own rules,\u201d\u00a0Page\u2019s attorney, Amy Jeffress, said in a statement, per CNN. \u201cShe has offered to voluntarily appear before the Committees later this month. She simply needs clarification of the scope of the Committee\u2019s interest in interviewing her and access to relevant documents so that she can provide complete and accurate testimony.\u201d", "date": "\n07/12/2018", "href": "https://www.huffpost.com/entry/trump-sessions-lisa-page-tweet_n_5b470c55e4b0bc69a783f9e4", "tags": "miles sessions jeff fires appear trump committees away new shot"}