{"title": "Trump inauguration: Two Americas in 24 hours", "content": "In the space of 24 hours, Washington was the scene of two Americas. \nPresident Trump's supporters came feeling they've just taken their country back. \nThe protesters on the women's march feel they have just lost theirs. It is that stark. \nThe mood at the march was determinedly cheerful, there were men, children and lots and lots of women. Grandmothers teaching their granddaughters the political ropes. \nBut the underlying message was clear - liberal America has just been shoved out of power.\nThese marches were enormous and they came out in cities across the country to repudiate not just Donald Trump, but his whole world view. \nThey didn't just protest about women's issues, there were also signs addressing his positions on climate change, healthcare and Muslims. \nCan they change President Trump's agenda? Probably not. \nBut approval ratings matter - they are a form of political capital and when this many people really dislike the new president, that makes it harder for him to persuade members of Congress to support him on difficult issues. \nThe polls show us that Mr Trump is the most unpopular new president in American history. Those are the facts. \nThese marches put faces to those numbers. ", "date": "21 January 2017", "href": "https://www.bbc.com/news/world-us-canada-38707721", "tags": "americas inauguration marches two trump hours lots"}