{"title": "Trump Rips Robert Mueller As 'Prosecutor Gone Rogue' After Paul Manafort Complaint", "content": "President Donald Trump lobbed fresh insults at special counsel\u00a0Robert Mueller\u00a0on Tuesday, a day after Mueller\u2019s office filed a complaint alleging former Trump campaign chairman Paul Manafort broke his plea deal with repeated lies.\nTrump called Mueller the \u201cexact opposite\u201d of a saint who is doing \u201cTREMENDOUS\u201d damage to the country\u2019s criminal justice system by probing Russian interference in the 2016 election.\u00a0\nManafort reached a deal with Mueller\u2019s team in September in which he agreed to plead guilty to a range of crimes and cooperate with the investigation in exchange for lighter punishment. He was\u00a0found guilty on eight counts,\u00a0including tax fraud, money laundering and lying to the government. Mueller now says Manafort has been lying to prosecutors, so the deal is off.\u00a0\nTrump, in a series of tweets, raged against Mueller\u2019s \u201cnow $30,000,000 Witch Hunt,\u201d and \u201cruined lives,\u201d but didn\u2019t specifically mention Manafort. (An Associated Press report in May estimated that the investigation had run up a $17 million bill.)\n\u201cLet these terrible people go back to the Clinton Foundation and \u2018Justice\u2019 Department,\u201d he fumed.", "date": "\n11/27/2018", "href": "https://www.huffpost.com/entry/trump-attacks-mueller-manafort-complaint_n_5bfd3dcde4b0771fb6be14e8", "tags": "robert lobbed rogue manafort gone mueller trump complaint paul rips fresh insults"}