{"title": "Trump Provides Written Answers To Mueller Questions, Lawyer Says", "content": "WASHINGTON (AP) \u2014 Lawyers for President Donald Trump say they\u2019ve provided the special counsel\u2019s office with written responses to questions on Russian election interference.\nThe answers are an important milestone in Robert Mueller\u2019s probe, marking the first time the president is known to have described to investigators his knowledge of key moments under scrutiny by the special counsel\u2019s office. Trump told reporters last week that he was answering the questions himself.\nJay Sekulow, a lawyer for Trump, said in a statement that the answers were provided Tuesday.\nIt is not clear what other information Mueller\u2019s office will seek.\nThis round of questioning was limited to the general topic of whether the Trump campaign coordinated with Russia. But Mueller\u2019s team has also wanted to question Trump about whether he committed obstruction of justice.", "date": "\n11/20/2018", "href": "https://www.huffpost.com/entry/donald-trump-mueller-questions_n_5bf4866ae4b03b230f9c6709", "tags": "responses answers lawyer provides questions mueller written trump says"}