{"title": "Trump Calls Those Who Don't Support His Wall 'Criminals'", "content": "President Donald Trump insisted again in a tweet Saturday that there is overwhelming support\u00a0for border security and his southern border wall\ufeff. He declared that \u201ceveryone\u201d wants it \u201cvery badly\u201d \u2014 except for \u201cdrug dealers, human traffickers and criminals.\u201d\nIn fact, no poll has found that most Americans support the wall or support funding for it.\nA Quinnipiac poll in December found that 54 percent of Americans opposed the wall, while a\u00a0Harvard CAPS/Harris survey\ufeff\u00a0the same month found that 56 percent did not support a wall.\u00a0Only 35 percent of those surveyed in a Reuters/Ipsos poll supported including money for the wall in a federal spending bill.\nTrump\u2019s characterization of the majority Americans who don\u2019t support the wall as criminals got a swift \u2014 and hard \u2014 response on Twitter.", "date": "\n01/05/2019", "href": "https://www.huffpost.com/entry/trump-says-only-criminals-oppose-the-wall_n_5c313427e4b0bcb4c25c534a", "tags": "overwhelming wall support calls trump insisted wall\ufeff"}