{"title": "Trump Accuses Michael Cohen Of Lying To Reduce Jail Time After BuzzFeed Report", "content": "President Donald Trump attacked his former personal attorney after a bombshell report from BuzzFeed News that the president directed Cohen to lie to Congress about a possible Trump Tower project in Moscow.\nIn a tweet Friday, Trump quoted a Fox News talking head before saying that Cohen was \u201clying to reduce his jail time!\u201d\nCohen was sentenced to three years in prison in December after pleading guilty to a range of offenses, including lying to Congress and violating campaign finance law by paying hush money to women who allegedly had sexual affairs with Trump. Cohen has also been cooperating with special counsel Robert Mueller\u2019s investigation into Russian interference into the 2016 presidential election.\nTwo law enforcement officials told BuzzFeed that Trump directed Cohen to lie to Congress. Trump also hoped to plan a trip to Russia during the presidential campaign to meet with President Vladimir Putin, according to the report.\u00a0\nA spokesperson for Mueller disputed the BuzzFeed report.\n\u201cThis is absolutely ridiculous,\u201d deputy press secretary Hogan Gidley said of the report, according to CBS White House correspondent Mark Knoller, who added that Gidley said the accusation didn\u2019t warrant a response from Trump.\nBut the president predictably did respond, going so far as to encourage investigators to look into a Cohen family member.\n\u201cWatch father-in-law!\u201d Trump tweeted.", "date": "\n01/18/2019", "href": "https://www.huffpost.com/entry/trump-accuses-michael-cohen-of-lying_n_5c41f2b2e4b027c3bbc144a1", "tags": "reduce jail gidley accuses trump lie time report cohen buzzfeed michael directed lying"}