{"title": "Trump Sides With Putin Over U-S- Intelligence On Election Meddling", "content": "Contradicting U.S. intelligence agencies, President Donald Trump on Saturday said he believes Russian President Vladimir Putin\u2019s claim that the Kremlin did not attempt to interfere in the 2016 election.\nTrump spoke with the Russian leader this week in Vietnam during a joint summit with other Asia-Pacific countries. When a reporter asked if the subject of Russian election interference came up, Trump replied, \u201cHe said he absolutely did not meddle in our election. He did not do what they are saying he did. ... Every time he sees me, he says, \u2018I didn\u2019t do that,\u2019 and I really believe that when he tells me that, he means it. But he says, \u2018I didn\u2019t do that.\u2019\u201d\nTrump also took multiple shots at his 2016 rival Hillary Clinton and lamented that Putin is\u00a0\u201cvery insulted\u201d by the accusations of election meddling.\u00a0", "date": "\n11/11/2017", "href": "https://www.huffpost.com/entry/trump-putin-election-hacking_n_5a06de14e4b01d21c83ebdf7", "tags": "contradicting putin meddling kremlin trump u-s- election intelligence sides vladimir"}