{"title": "Trump Declines To Publicly Declare His Support For Steve Bannon", "content": "President Donald Trump declined to offer his full support for Steve Bannon, one of his top advisers, and instead downplayed Bannon\u2019s influence in getting him elected to the White House.\nNew York Post columnist Michael Goodwin asked Trump if he still had confidence in Bannon, and the president did not say he did. Instead, he made it seem like Bannon, who led Trump\u2019s campaign beginning in August, was in the right place at the right time. In November, Trump tapped Bannon, widely seen to be the architect of his populist strategy, to be his senior counselor in the White House.\n\u201cI like Steve, but you have to remember he was not involved in my campaign until very late,\u201d Trump told Goodwin. \u201cI had already beaten all the senators and all the governors, and I didn\u2019t know Steve. I\u2019m my own strategist and it wasn\u2019t like I was going to change strategies because I was facing crooked Hillary.\u201d\nBannon has reportedly clashed with Jared Kushner, Trump\u2019s son-in-law. The two have drastically different styles and philosophies \u2015 Bannon is an ideological crusader who wants a \u201cdeconstruction of the administrative state,\u201d while Kushner, until recently, was a Democrat.\nLast week, Bannon was ousted from his role on the National Security Council \u2015 something Kushner encouraged. Trump also told the Post that he had warned Kushner and Bannon that they needed to resolve their differences.\n\u201cSteve is a good guy, but I told them to straighten it out or I will,\u201d he said. ", "date": "\n04/11/2017", "href": "https://www.huffpost.com/entry/trump-steve-bannon_n_58ed86a4e4b0ca64d91a5114", "tags": "goodwin support bannon publicly trump declines steve declare declined"}