{"title": "Trump Takes A Jab At The Free Press In Front Of Kim Jong Un", "content": "SINGAPORE \u2014 During his Tuesday meeting with Kim Jong Un, President Donald Trump took a jab at one of his favorite targets: The media.\u00a0\u00a0\n\u201cThe press, they never stop,\u201d Trump was heard telling Kim, as journalists photographed and shouted questions at the two heads of state minutes after they met for the first time.\u00a0\nMore than 2,500 members of the press have traveled to Singapore to cover the historic summit. Most have been covering the event from the media center set up by the Singapore government\u00a0in downtown Singapore.\n\u201cI\u2019ll tell you when they\u2019re out,\u201d Trump later said to the North Korean leader, apparently in reference to the press in the room, according to CNN reporter Jim Acosta, who was at the hotel where the two world leaders met Tuesday.\nAcosta later added that Trump and Kim had allowed Singapore government TV cameras to capture their working lunch, but not White House pool journalists.\nNorth Korea, one of the world\u2019s most repressive media environments, was ranked 180 out of 180 countries on Reporters Without Borders\u2019 2018 World Press Freedom Index. The United States was ranked 45th in the index. Reporters Without Borders said press freedoms in the U.S. has steadily declined\u00a0under Trump.\u00a0", "date": "\n06/12/2018", "href": "https://www.huffpost.com/entry/trump-kim-singapore-summit-press_n_5b1f4b06e4b0adfb826d00bc", "tags": "acosta jong jab ranked trump takes un press front kim free"}