{"title": "Trump Posthumously Pardons Boxer Jack Johnson", "content": "President Donald Trump told reporters Thursday that he is pardoning late heavyweight boxing champion Jack Johnson, who was arrested in 1912 for driving his white girlfriend across state lines.\nTrump indicated\u00a0last month he was considering pardoning the boxer at the urging of actor Sylvester Stallone, who was present at Thursday\u2019s announcement at the White House.\u00a0\nJohnson, the first black man to earn the title of heavyweight boxing champion of the world,\u00a0died in 1946 after serving time for violating the Mann Act,\u00a0which banned traveling with a woman across state lines for an \u201cimmoral purpose.\u201d\n\u201cJohnson served 10 months in federal prison for what many view as a racially motivated injustice,\u201d Trump said Thursday. \u201cHe was treated very rough, very tough.\u201d", "date": "\n05/24/2018", "href": "https://www.huffpost.com/entry/trump-pardons-late-boxing-champion-jack-johnson_n_5b06eea4e4b07c4ea10630c8", "tags": "posthumously boxer jack boxing trump pardons johnson lines heavyweight"}