{"title": "Tucker Carlson Lavishes Praise On Late Fox News Boss Roger Ailes", "content": "Tucker Carlson\u00a0on Wednesday described late Fox News founder Roger Ailes, who left the network in 2016 amid a sexual misconduct scandal, as \u201ca great and wise man.\u201d\nThe controversial host of \u201cTucker Carlson Tonight,\u201d who turns 50 on Thursday, was surprised by Fox News colleagues Ed Henry, Brit Hume, and Laura Ingraham for a birthday celebration.\nAs the quartet reminisced about Carlson\u2019s 10 years at the widely watched conservative network, Carlson admitted to being \u201cafraid\u201d of Ailes when he worked at CNN.\nBut Ailes ultimately hired Carlson for Fox News and he \u201cwound up loving\u201d him because he was \u201creally a great and wise man,\u201d he explained.\nAiles died\u00a0at the age of 77\u00a0in 2017. Multiple female subordinates had alleged that he\u2019d pressured them into having sexual relationships with him.\nCarlson also revealed how he was coping with giving up tobacco more than a month ago.\n\u201cI feel honestly like the contents of my head have been emptied,\u201d he claimed. \u201cI feel like an untethered balloon, floating around, looking down.\u201d\n\u00a0Check out the clip here:", "date": "\n05/16/2019", "href": "https://www.huffpost.com/entry/fox-news-tucker-carlson-praises-roger-ailes_n_5cdd034de4b01571365c06a7", "tags": "carlson founder late tucker fox news boss lavishes amid roger praise ailes wise"}