{"title": "Twitter Users Blast Hypocrisy Of Donald Trump's 'Anonymous Sources' Warning", "content": "President Donald Trump\u2019s\u00a0attempt at making a public service announcement about \u201cfake news\u201d backfired to many Twitter users on Wednesday morning.\nTrump on Twitter urged people to \u201cstop reading the story\u201d if \u201canonymous sources\u201d were cited by a news organization. He also claimed \u201cmany anonymous sources don\u2019t even exist\u201d in two tweets in which he again ranted about CNN and called the network the \u201cenemy of the people.\u201d\nFellow tweeters were quick to call out Trump over the time he promoted his Birther conspiracy theory by claiming an unidentified but, according to him, \u201cextremely credible source\u201d had called his office to say former President Barack Obama\u2019s birth certificate was a fraud.\nTwitter users also cited Trump\u2019s alleged use of fake spokesman monikers\u00a0and his habit of claiming \u201cmany people are saying\u201d to back up his point of view", "date": "\n08/29/2018", "href": "https://www.huffpost.com/entry/donald-trump-anonymous-sources-hypocrisy_n_5b86a51ae4b0162f471e5bd3", "tags": "twitter claiming trump sources warning anonymous blast donald cited users hypocrisy"}