{"title": "Twitter Explodes After 'Gaslighter' Sarah Sanders Accuses CNN Of Dividing America", "content": "White House Press Secretary Sarah Huckabee Sanders sparked anger on Wednesday after she accused CNN president Jeff Zucker of dividing America.\nEarlier in the day,\u00a0President Donald Trump\u00a0called for Americans to \u201ccome together\u00a0in peace and harmony\u201d after authorities seized\u00a0suspicious packages\u00a0containing \u201cpotential explosive devices\u201d that were sent to CNN and the homes and offices of leading Democrats, including former presidents Barack Obama and Bill Clinton.\nZucker issued a combative response to Trump\u2019s appeal:\nSanders fired back with a tweet, in which she accused Zucker of ignoring Trump\u2019s call and instead choosing to \u201cattack and divide\u201d the country:\nSanders\u2019\u00a0response did not go over well on Twitter, where people accused her of hypocrisy, suggested she send the same message to the president and reminded her of all the times Trump has attempted to incite violence:", "date": "\n10/25/2018", "href": "https://www.huffpost.com/entry/sarah-huckabee-sanders-cnn-divide-reaction_n_5bd161b7e4b055bc94884f99", "tags": "explodes twitter zucker sanders sparked accuses dividing huckabee cnn america anger sarah"}