{"title": "Twitter Users Taunt 'Spineless' Ted Cruz For Bowing To Donald Trump After 2016 Insults", "content": "As President Donald Trump visited Texas to stump for Sen. Ted Cruz, an old picture of the pair went viral again.\u00a0And it was not for reasons Cruz would appreciate.\u00a0\nThe September 2017 photo showed Cruz bowing his head as he shook hands with Trump, who was visiting the state after Hurricane Harvey.\u00a0But to many, it also highlighted just how dramatically their relationship had changed.\u00a0The two were bitter rivals for the presidential nomination in 2016, with Trump slamming Cruz as \u201cLyin\u2019 Ted,\u201d mocking the senator\u2019s wife and falsely\u00a0linking his father to the assassination of President John F. Kennedy.\u00a0\nWhen Cruz spoke at the Republican National Convention that summer, he didn\u2019t endorse Trump.\u00a0\nNow, with Cruz firmly on Team Trump in an effort to obtain the president\u2019s help in his reelection campaign, the old photo received new attention:", "date": "\n10/23/2018", "href": "https://www.huffpost.com/entry/donald-trump-ted-cruz-bow_n_5bce8413e4b0d38b587b6265", "tags": "visited reasons twitter pair ted stump cruz trump taunt appreciate donald viral insults bowing users"}