{"title": "Twitter Users Shred Tomi Lahren Over 'Disrespectful' Colin Kaepernick D-Day Image", "content": "Tomi Lahren is catching heat online for sharing an image in which football player\u00a0Colin Kaepernick appears to be taking a knee during the 1944 D-Day landings.\nThe Fox News contributor posted the manipulated image, which depicted the former San Francisco 49er at the famous World War II operation in Normandy, France, to Twitter on Thursday:\n(To be clear, Kaepernick was born in 1987, more than 40 years after D-Day.)\n\u201cFood for thought,\u201d\u00a0Lahren\u2019s tweet reads.\nThe photo also carries the label \u201cCitizen of the Year,\u201d the same honorific that GQ magazine bestowed on Kaepernick earlier this month.\nLahren has repeatedly criticized Kaepernick, who began protesting against systemic racial injustice and police brutality\u00a0last year by\u00a0kneeling during the national anthem\u00a0before games.\nHer latest post drew sharp reaction on Twitter, with many people labeling it \u201cdisrespectful.\u201d Here\u2019s a sampling of the responses so far:", "date": "\n11/24/2017", "href": "https://www.huffpost.com/entry/tomi-lahren-colin-kaepernick-d-day-photo_n_5a17ca2fe4b0d4906cadfa6a", "tags": "lahren catching twitter kaepernick image shred tomi sharing knee colin users landings d-day"}