{"title": "Twitter Explodes Over Donald Trump's 'Disgusting' Attack On LeBron James", "content": "Tweeters erupted in anger after President Donald Trump\u00a0trashed NBA superstar LeBron James on Friday night.\nTrump used Twitter to bash both James and CNN host Don Lemon, after finally watching an interview between the pair that aired on Monday.\u00a0\nDuring the interview, James (who in July signed with the Los Angeles Lakers) accused Trump of enabling racists and using sports to divide the country.\nThough James didn\u2019t reply directly to Trump, he sent out a tweet Saturday afternoon that suggested he was more focused on the school he\u2019s opening than pettiness on Twitter:\n\u00a0Earlier in the day, Lemon had responded to Trump with this tweet:\nCNN Communications also replied, tweeting, \u201cSounds like @FLOTUS had the remote last night\u201d \u2015 a reference to a report that Melania Trump was watching CNN aboard Air Force One, apparently to her husband\u2019s displeasure.\u00a0\nMany of James\u2019 fellow NBA players rallied to support him:\u00a0\nAnd hundreds of Twitter users jumped to James\u2019 defense \u2015 with many highlighting how the basketball legend had this week opened a new school for at-risk children (a joint venture between Akron Public Schools and his foundation) in his hometown of Akron, Ohio:", "date": "\n08/04/2018", "href": "https://www.huffpost.com/entry/lebron-james-donald-trump-tweet-defend_n_5b65488ce4b0fd5c73d9e6ef", "tags": "watching trashed explodes twitter tweeters trump akron lebron james donald attack anger erupted"}