{"title": "Tyrese Gibson Calls On A 'Good' Cop To Talk About The Latest Violence", "content": "Tyrese Gibson has called on a \u201cgood cop\u201d to reassure the public that \u201cnot all police officers are bad.\u201d\nThe \u201cFast and Furious\u201d star interviewed an unnamed black officer in Atlanta following this week\u2019s police shootings of Alton Sterling in Louisiana and Philando Castile\u00a0in Minnesota.\nThe singer and actor posted a clip of their interaction to Instagram early Friday, after snipers killed at least five police officers\u00a0during a Black Lives Matter protest in Dallas.\u00a0\n\u201cI\u2019ll often tell you all that not all police officers are bad,\u201d he says in the video that\u2019s now going viral. \u201cBut this is the highest level that has ever happened and we\u2019re all fed up and done.\u201d\nGibson then turns to a police officer, who says he\u2019s been doing the job for around 23 years. He asks the officer if he can \u201cbe the voice for the good police officers that are here.\u201d\n\u201cTry to tell them really quick how we should process and deal with what\u2019s going on with the bad cops, that\u2019s making it bad for the chosen few that are out here doing their jobs, what would you say?\u201d Gibson says.\nThe officer replies by saying that \u201cnot all police officers are bad.\u201d\n\u201cWe have families to go home to. We do take our jobs seriously,\u201d he adds, before also saying he doesn\u2019t condone the violence.\nCheck it out in the clip above.", "date": "\n07/08/2016", "href": "https://www.huffpost.com/entry/tyrese-dallas-protest-shootings_n_577f57e2e4b0344d514ec262?c82bltgd8vbgctyb9", "tags": "reassure bad. tyrese latest talk gibson calls violence cop"}