{"title": "Up-and-coming rapper Chinx shot and killed", "content": "Story highlightsChinx, an up-and-coming recording artist, was killed early Sunday in New YorkThe rapper was found with multiple gunshot wounds in the torso\n (CNN)He was an up-and-coming rapper whose life was cut short.\nLionel Pickens, known by the stage name Chinx, was shot and killed early Sunday, according to the NYPD.\n\nHe was one of two victims found with gunshot wounds in the same area around 4 a.m. in New York. \nPickens was pronounced dead, with wounds to the torso, once he arrived at Jamaica Medical Center. He was 31.\nChinx was on the rise as a recording artist and was considered in a vote for XXL magazine's Freshmen 10th Spot (in the past, the likes of Iggy Azalea, Kendrick Lamar and Macklemore have made XXL's freshmen classes of the year, meant to highlight hip-hop's next big things).\nHe had been rapping since childhood and didn't shy away from drugs in his work (he went by the moniker Chinx Drugz earlier in his career), often teaming up with the Coke Boys, a group and record label founded by New York rapper French Montana. \nChinx was working on a debut solo album called \"Welcome to JFK.\"\nCelebrities like Khloe Kardashian and Diddy posted their condolences Sunday on social media.", "date": "May 19, 2015 ", "href": "https://edition.cnn.com/2015/05/17/entertainment/chinx-rapper-death-feat/index.html", "tags": "chinx xxl killed yorkthe highlightschinx gunshot wounds freshmen rapper shot pickens torso up-and-coming"}