{"title": "US Aircraft Carriers Fast Facts", "content": " (CNN)Here's some background information about active United States aircraft carriers. A list of all carriers throughout history can be found here.\nAll of the active air carriers are in the Nimitz class and are the largest warships in the world. \nThey are designed to last for approximately 50 years.\n\nUSS Nimitz CVN-68Homeport - Bremerton, WashingtonCommissioned - May 3, 1975\nUSS Dwight D. Eisenhower CVN-69Homeport - Norfolk, VirginiaCommissioned - October 18, 1977Nickname - Ike\nUSS Carl Vinson CVN-70Homeport - San Diego, CaliforniaCommissioned - March 13, 1982\nUSS Theodore Roosevelt CVN-71Homeport - Norfolk, VirginiaCommissioned - October 25, 1986Completed more than 4,200 sorties in Operation Desert Storm, the most of any carrier.\nUSS Abraham Lincoln CVN-72Homeport - Newport News, VirginiaCommissioned - November 11, 1989\nUSS George Washington CVN-73Homeport - Yokosuka, JapanCommissioned - July 4, 1992\nUSS John C. Stennis CVN-74Homeport - Bremerton, WashingtonCommissioned - December 9, 1995\nUSS Harry S Truman CVN-75Homeport - Norfolk, VirginiaCommissioned - July 25, 1998\nUSS Ronald Reagan CVN-76Homeport - San Diego, CaliforniaCommissioned - July 12, 2003\nUSS George H.W. Bush  CVN-77Homeport - Norfolk, VirginiaCommissioned - January 10, 2009", "date": "June 22, 2018 ", "href": "https://edition.cnn.com/2013/08/09/us/u-s-aircraft-carriers-fast-facts/index.html", "tags": "washingtoncommissioned norfolk aircraft facts bremerton active background us nimitz carriers californiacommissioned uss diego virginiacommissioned fast"}