{"title": "Virginia KKK Leader Calls Donald Trump 'Best For The Job'", "content": "Former KKK leader David Duke isn't the only high-profile white nationalist who has declared himself to be on team Trump.\nIn an\u00a0interview with Richmond, Virginia, NBC affiliate WWBT, a man identified only as the \"imperial wizard for the Rebel Brigade of the Knights of the Ku Klux Klan\" weighed in on the 2016 presidential election and declared his support for Republican candidate Donald Trump.\u00a0\n\u201cI think Donald Trump would be best for the job,\u201d he told anchor Chris Thomas. \"The reason a lot of a lot of Klan members like Donald Trump is because a lot of what he believes, we believe in.\"\u00a0\nThe KKK leader added that he doesn't support Sen. Ted Cruz (R-Texas), despite seeing eye-to-eye with him on a few issues, because he doesn't consider the Canadian-born lawmaker to be an American citizen.\nThe imperial wizard, who is actively recruiting in areas like Richmond, said having President Barack Obama in the White House has helped the organization build momentum and grow its membership.\n\"He has been a very good recruiting tool for this organization,\" he said. \"And it's not because he's black. We are more political than racial.\"\nCheck out the video above to learn more about the story.\u00a0", "date": "\n05/03/2016", "href": "https://www.huffpost.com/entry/virginia-imperial-wizard-kkk-donald-trump_n_5728e38be4b016f37893bbce", "tags": "kkk duke high-profile klan leader virginia calls wizard imperial richmond recruiting trump donald job"}