{"title": "Watch Evacuating Soccer Fans Sing The French National Anthem After Paris Attacks", "content": "Thousands of soccer fans were enjoying France's much-anticipated matchup against rival Germany at the Stade de France in Paris when the deadly attacks began on Friday.\nThey responded not with anger, but with unity.\nApproximately 80,000 people were in the packed stadium when the explosions rang out during the first half of the match,\u00a0ABC in Australia reported.\nAs news of the wave of bombings and shootings trickled in via mobile phones, French President Francois Hollande left the stadium, and the building was put into lockdown.\n\"What the terrorists want is for us to be scared. There is something to be scared about but in the face of terror we have to be united,\" Hollande said, per The Sunday Morning Herald.\nPolice helicopters were circling the stadium by the time the final whistle blew. Although the home team won the match 2-0, fans were unable to celebrate much -- or leave the building -- until it was clear they could do so safely.\nThe order to evacuate the stadium was given at around midnight, and the fans entered the exit tunnels in an orderly fashion, The National Post of Canada reported. Despite being startled by the sound of explosions and police sirens, and stunned by news of the attacks, fans waved the French flag and sang \"La Marseillaise,\"\u00a0the French national anthem, New England Sports Network reported.\nRelated On HuffPost:", "date": "\n11/14/2015", "href": "https://www.huffpost.com/entry/paris-attacks-singing-national-anthem_n_5646d19fe4b045bf3def3dc9", "tags": "anthem fans national paris scared soccer french evacuating watch explosions enjoying sing much-anticipated attacks matchup match"}