{"title": "Watch Out, World, Clooney Twins Are On The Way!", "content": "First he got married, then he stayed married, and now he\u2019s going to be a father.\u00a0\nHollywood\u2019s former most eligible bachelor, George Clooney, is expecting twins with wife Amal Clooney, multiple sources confirmed to People. Julie Chen of \u201cThe Talk\u201d spilled the beans, announcing that George told her in January that Amal was pregnant with two bundles of joy. The babies are reportedly due this summer.\n\u201cBeyonc\u00e9 is not the only superstar expecting twins,\u201d Chen said on the daytime show. \u201cCongratulations are in order for George and Amal Clooney!\u201d\u00a0\u00a0\u00a0\u00a0\nPregnancy rumors first started flying after Amal stepped out sporting a loose-fitting floral dress at the Netflix special screening of \u201cThe White Helmets\u201d hosted by The Clooney Foundation For Justice on Jan. 9 in London. The lawyer, activist and author was glowing at the event with her husband by her side.\nThe twins will be the first children for both George and Amal, who tied the knot in September 2014 in Venice. In 2015, George admitted that he hadn\u2019t really thought about having children, but never said never.\u00a0\n\u201cI\u2019ve thought about it I suppose, but I haven\u2019t really \u2014\u00a0it hasn\u2019t been high on my list,\u201d he told Charlie Rose.\u00a0\nWell, it appears his list changed a bit! Congrats to the happy couple.\u00a0", "date": "\n02/09/2017", "href": "https://www.huffpost.com/entry/george-clooney-amal-pregnant-twins_n_58778dc3e4b05b7a465dfbf7", "tags": "twins way stayed clooney watch world amal expecting"}