{"title": "Whale that died off Thailand had eaten 80 plastic bags", "content": "A pilot whale has died off southern Thailand after swallowing 80 plastic bags, Thai marine officials say.\nThe whale vomited five bags during a vain attempt by conservation officials to save it in a canal in Songkhla province.\nThe bags, weighing about 8kg (17lbs), had made it impossible for the whale to eat food, a marine expert said.\nA recent report warned the amount of plastic in the ocean could triple in a decade unless litter was curbed.\nThailand is a major user of plastic bags and its government last month announced it was considering a levy on them.\nThey are believed to kill hundreds of marine animals there each year.\nThe small male pilot whale had been discovered ailing and unable to swim in the Na Thap Canal last Monday.\nEnvironmental officials used boats to try to help float the whale and erected a sunshade for it. They nursed the whale through the week but it died on Friday afternoon.\nMarine biologist Thon Thamrongnawasawat told Agence France-Presse the bags would have made it impossible for the whale to eat nutritional food.\n\"If you have 80 plastic bags in your stomach, you die,\" he said.", "date": "2 June 2018", "href": "https://www.bbc.co.uk/news/world-asia-44344468", "tags": "died bags thai vomited eaten whale impossible swallowing thailand plastic"}