{"title": "What Jeff Sessions Said About Perjury During The Clinton Impeachment", "content": "In 1999, then Sen.\u00a0Jeff Sessions\u00a0(R-Ala.) described perjury claims against President Bill Clinton as \u201cserious allegations.\u201d\n\u201cIn America, the Supreme Court and the American people believe no one is above the law,\u201d he said. Sessions also voted \u201cguilty\u201d\u00a0on charges of perjury and obstruction of justice during Clinton\u2019s impeachment trial.\u00a0\nNow, questions are being raised over statements Sessions made under oath to the Senate during his attorney general confirmation hearings last month. Sessions testified that he\u00a0\u201cdid not have communications with the Russians\u201d during the 2016 presidential election campaign, but a new report in the Washington Post said he spoke twice to the ambassador last year.\nSome are already calling for a perjury investigation; House Minority Leader Nancy Pelosi (D-Calif.) has urged Sessions to resign.\u00a0\u00a0\nSessions\u2019 1999 comments on C-SPAN,\u00a0resurfaced by The Intercept\u2019s Lee Fang, appear in the clip above.\u00a0\nThe perjury discussion starts at about 9:40.", "date": "\n03/02/2017", "href": "https://www.huffpost.com/entry/jeff-sessions-bill-clinton-impeachment_n_58b7d0c3e4b0a8ded67a51e9", "tags": "sessions allegations. clinton jeff r-ala. perjury said impeachment"}