{"title": "White House Amps Up Fearmongering- Now It Says There's 'A Daily Caravan'", "content": "A day after President Donald Trump warned that migrants in a U.S.-bound caravan risk being shot if they throw rocks, a White House spokeswoman claimed on Fox News that there\u2019s \u201ca daily caravan\u201d entering the country.\nWhite House director of strategic communications Mercedes Schlapp appeared on \u201cFox & Friends\u201d Friday to drive home the president\u2019s anti-immigrant message in the days before the midterm elections.\n\u201cWhat we\u2019re seeing right now is you\u2019re having this influx of illegal aliens,\u201d Schlapp said. \u201cYou\u2019re talking about 1,000 to 2,000 illegal aliens crossing our border daily. We\u2019re talking about a daily caravan coming into America.\u201d\nReporters asked Trump on Thursday if he could imagine the U.S. military firing on unarmed people traveling in the migrant caravan, a group of over 7,000 people who are currently an estimated 900 miles away.\n\u201cI hope not,\u201d Trump said. \u201cI hope not, but it\u2019s the military.\u201d\nTrump has turned the caravan into a campaign issue ahead of the midterms, running one ad that compares the migrants to a notorious cop killer. In reality, the caravan is mostly made up of Central American asylum-seekers, including many children.\nDespite the administration\u2019s rhetoric about undocumented immigrants flowing into the U.S. at an alarming rate, border crossings have actually been steadily declining over the past decade.", "date": "\n11/02/2018", "href": "https://www.huffpost.com/entry/white-house-spokesperson-says-us-is-invaded-by-daily-caravan-fox-and-friends_n_5bdc68fae4b04367a87c1623", "tags": "schlapp white aliens house talking fearmongering- caravan amps daily says"}