{"title": "White House Orders Official Not To Comply With House Security Clearance Probe", "content": "The White House has reportedly instructed Carl Kline, the main official involved in the White House\u2019s security clearance controversy, not to comply with a subpoena issued by the House Oversight Committee earlier this month.\nAccording to a set of letters obtained by CNN and Fox News on Tuesday, President Donald Trump\u2019s deputy counsel Michael Purpura argued that the subpoena \u201cunconstitutionally encroaches on fundamental executive branch interests,\u201d partly because Kline was not given permission to have White House counsel during his interview, and informed the committee that he would not appear at that day\u2019s deposition.\nHouse Oversight Chairman Rep. Elijah Cummings (D-Md.) said Tuesday that he is considering holding Kline in contempt of Congress.", "date": "\n04/23/2019", "href": "https://www.huffpost.com/entry/white-house-carl-kline-subpoena_n_5cbf4450e4b0cee67039909e", "tags": "controversy white carl house comply security clearance probe kline orders instructed official"}