{"title": "White Nationalist Rep- Steve King Posts Violent Meme About New Civil War", "content": "Rep. Steve King (R-Iowa), who has a long history of touting white nationalism, has taken his meme game to a violent new level.\u00a0\nThe disgraced lawmaker \u2015 who was unceremoniously stripped of all his House committee assignments\u00a0this year for previous white nationalist rhetoric \u2015 shared a graphic that imagined \u201canother civil war,\u201d this time between red and blue states.\u00a0\n\u201cOne side has about 8 trillion bullets, while the other side doesn\u2019t know which bathroom to use,\u201d states the meme, shared on one of King\u2019s verified Facebook pages.\u00a0\n\u201cWonder who would win...\u201d added King, apparently not noticing that his home state was depicted on the losing side.\nThe meme has since been removed from his Facebook page.\u00a0King\u2019s office did not immediately respond to HuffPost\u2019s request for comment.\nTwitter users called out King for sharing the image:\nThis story has been updated to note the meme has been removed from King\u2019s Facebook page.\u00a0Hayley Miller contributed reporting.", "date": "\n03/17/2019", "href": "https://www.huffpost.com/entry/steve-king-civil-war-graphic_n_5c8ef5b9e4b03e83bdc25c86", "tags": "meme posts white rep- violent civil war touting new nationalist king r-iowa steve"}