{"title": "William Barr- 'No Plans' To Show White House The Mueller Report Before Mid-April Release", "content": "The Justice Department has \u201cno plans\u201d to submit Robert Mueller\u2019s nearly 400-page special counsel report to the White House for an executive privilege review before its mid-April public release, Attorney General William Barr wrote in a letter to Congress on Friday.\n\u201cAlthough the President would have the right to assert privilege over certain parts of the report, he has stated publicly that he intends to defer to me and, accordingly, there are no plans to submit the report to the White House for a privilege review,\u201d Barr wrote.\nBarr, who released a four-page letter on Sunday that reflected the \u201cprincipal conclusions\u201d of Mueller\u2019s report, also wrote that it\u2019s inaccurate to describe that letter as a \u201csummary\u201d of the Mueller report.\n\u201cThe Special Counsel\u2019s report is nearly 400 pages long (exclusive of tables and appendices) and sets for the Special Counsel\u2019s findings, his analysis, and the reasons for his conclusions,\u201d Barr wrote. \u201cEveryone will soon be able to read it on their own. I do not believe it would be in the public\u2019s interest for me to attempt to summarize the full report or release it in serial of piecemeal fashion.\u201d\nRead Barr\u2019s full letter below.", "date": "\n03/29/2019", "href": "https://www.huffpost.com/entry/william-barr-mueller-report-executive-privilege_n_5c9e709de4b0474c08ce8660", "tags": "conclusions white release house mueller submit show report william mid-april barr- plans"}