{"title": "Winston Churchill's Grandson Introduces A New Nickname For Donald Trump", "content": "President Donald Trump may be a big fan of Britain\u2019s former Prime Minister Winston Churchill.\nBut the wartime leader\u2019s grandson, Nicholas Soames, certainly doesn\u2019t feel the same way about the U.S. commander in chief \u2014 who he\u2019s called a \u201cdaft twerp.\u201d\nOn Friday, Trump appeared to blame the \u201cspread of radical Islamic terror\u201d\u00a0for a 13 percent rise in crime in the United Kingdom:\n\u201cNot good, we must keep America safe!\u201d Trump tweeted.\nTo which the 69-year-old Soames, who is a current Conservative member of the United Kingdom parliament, replied:\nAccording to Merriam-Webster, \u201cdaft\u201d can equate to \u201csilly,\u201d \u201cfoolish,\u201d \u201cmad\u201d or \u201cinsane.\u201d It defines \u201ctwerp\u201d as \u201ca silly, insignificant or contemptible person.\u201d\nOther leading British political figures also called out Trump over his tweet:\nWhile the U.K.\u2019s Office for National Statistics has indeed reported a 13 percent increase in crime,\u00a0it actually relates to\u00a0all 5.2 million police-recorded offenses.\u00a0Only 329 of those were terrorism-related.\nOfficials put \u201cmuch\u201d of the rise down to better crime recording methods. The statistics also only covered England and Wales, and not the whole of the U.K. as Trump suggested.", "date": "\n10/21/2017", "href": "https://www.huffpost.com/entry/winston-churchill-nicholas-soames-donald-trump_n_59eb0b65e4b00f08619f0d65", "tags": "soames winston u.k. nickname churchill fan daft grandson trump introduces donald new statistics silly"}