{"title": "Zardari steps down as Pakistan's president", "content": "Story highlightsMamnoon Hussain will be sworn in as president on MondayHussain is a close ally of Prime Minister Nawaz SharifHe is a well-known businessman from the southern city of Karachi\nPakistani President Asif Ali Zardari completed his five-year term and stepped down as president Sunday, the state-run Associated Press of Pakistan reported.\nMamnoon Hussain of the ruling Pakistan Muslim League-N party will be sworn in Monday as Zardari's successor.\nHussain, a well-known businessman from the southern city of Karachi, was elected to the largely ceremonial role in a vote by federal and provincial politicians across the country.\nHussain is a close ally of Prime Minister Nawaz Sharif. Zardari and Sharif are longtime political rivals.\nThe presidency was more powerful under Pervez Musharraf, the army general who held the office from 2001 to 2008 after he led a 1999 military coup. But after Zardari became president, a constitutional amendment reduced presidential powers in April 2010.\nPakistan to release 7 Taliban figures\nGlobal Public Square: Time for Pakistan to face down extremists\nPakistan court indicts Musharraf in Bhutto murder", "date": "September 8, 2013 ", "href": "https://edition.cnn.com/2013/09/08/world/asia/pakistan-president/index.html", "tags": "businessman mondayhussain hussain president well-known karachi pakistan highlightsmamnoon steps zardari ally nawaz sworn"}