{"title": "Zipline blood delivery drone applies for US trial", "content": "Drone delivery firm Zipline has revealed a new aircraft that it says will let it make up to 500 deliveries every day.\nZipline operates a commercial service delivering blood supplies in Rwanda.\nThe new drone weighs 20kg (44lb) and can carry 1.75kg of cargo. It can drop its delivery to an area about the size of two parking spaces.\nThe firm has now applied to take part in a trial being organised by the US Federal Aviation Authority (FAA).\nThe UAS Integration Pilot Program is a partnership between local governments and the commercial sector. \nThe list of projects chosen for the trial will be finalised on 7 May. \nFounder Keenan Wyrobek told the news site Cnet that the new aircraft, with a 10m wing span, can fly \"dramatically further\" than the more traditional quad-copter design.\nIt has multiple motors so that if one malfunctions, the drone can continue to fly.\nThe drone has a top speed of 128 kilometres per hour (80mph) and can do a round trip of 160km. \nIts blood supplies are packaged inside small boxes attached to paper parachutes. \nKeller Rinaudo, Zipline's chief executive, said the Silicon Valley firm had redesigned its entire system, including its distribution centres.\n\"The new aircraft and distribution centre system we're unveiling today will help Zipline scale to meet the needs of countries around the world - including the United States,\" he said.\nIn 2017, Zipline announced plans to expand its service to cover Tanzania. ", "date": "3 April 2018", "href": "https://www.bbc.com/news/technology-43629965", "tags": "delivery zipline distribution blood us trial applies drone"}