{"title": "\u2018Black Panther\u2019 Returns To Movie Theaters For Free For Black History Month", "content": "\u201cBlack Panther\u201d is back on the big screen in honor of Black History Month.\nAnd for the first seven days of February, the Academy Award-nominated movie will be free to view at 250 AMC theaters across the country.\nThe Walt Disney Co. announced the giveaway\u00a0on its website earlier this week:\n\u2033\u2018Black Panther\u2019\u00a0is groundbreaking for many reasons, including the rich diversity of voices behind its success,\u201d Disney chairman and CEO Robert A. Iger said in a statement.\n\u201cThe story also showcases the power of knowledge to change the world for the better, and the importance of ensuring everyone has access to it,\u201d he added.\nThe superhero film, which has a predominantly black cast,\u00a0garnered seven Oscar nominations \u2015 including one for Best Picture.\nDisney will also grant $1.5 million to the United Negro College Fund, which aims \u201cto help minority students access and move to and through college,\u201d according to Iger\u2019s statement.\nFurther details on free tickets from\u00a0WeTicketIt.com/BlackPanther.", "date": "\n02/01/2019", "href": "https://www.huffpost.com/entry/black-panther-free-screenings-black-history-month_n_5c543412e4b0bdf0e7da5b18", "tags": "month returns theaters history panther black free movie iger"}