{"title": "\u2018Welcome To Class, You F--king Idiots!\u2019 Samantha Bee Has Sex Ed For Republicans", "content": "Samantha Bee said comments by male Republicans backing strict abortion bills like the one just passed in Alabama make one thing very clear: Most of them know absolutely nothing about the female body and reproduction.\u00a0\n\u201cIt is especially fucked up that the people doing the regulating wouldn\u2019t recognize a vulva if it bit them in the face,\u201d the \u201cFull Frontal\u201d host cracked on Wednesday night, then warned: \u201cThey all bite.\u201d\u00a0\nSo the\u00a0\u201cFull Frontal\u201d host took them back to school on Wednesday night with the sex ed lessons they clearly never had.\u00a0\n\u201cWelcome to class, you fucking idiots,\u201d she said \u2015 and not only schooled them, but called out lawmakers by name:\u00a0", "date": "\n05/16/2019", "href": "https://www.huffpost.com/entry/samantha-bee-republican-sex-ed_n_5cdcefe1e4b0b4728ba303a3", "tags": "welcome -- backing sex bee class samantha idiots king strict f republicans ed frontal"}